Acınacaqlı	-2
Allah	1
Ananızı	-5
Angers	-3
Anısına	-2
Avenged	-2
Avengers	-2
Baxış	1
Bağış	2
Baş ağrısı	-2
Bitches	-5
Blockbuster	3
Boz	-1
Bravura	3
Bəli	1
Canlandırır	2
Challenge	-1
Charisma	2
Clears	1
Congrats	2
Convinces	1
Crowding	-1
Cynic	-2
Cənnət	2
Downer	-2
Ennui	-2
Envies	-1
ErrorWithTranslation	2
FTW	3
FUD	-3
Faking	-3
Fallen	-2
Favorit	2
Felonies	-3
Fuckin	-4
Greetings	2
Greets	1
Hallelujah	3
Haunted	-2
Heavenly	4
Heyrət! Vay	4
Hikmət	1
Infects	-2
Kickback	-3
Kickbacks	-3
Komik	2
Kredit	1
Kürəbəndlərin	-2
Kələkbazlar	-3
Lolol	4
Lurk	-1
MOPE	-1
Misread	-1
Mocks	-2
Moody	-1
Münaqişələr	-2
Narahatçılığa	-2
Niggas	-5
Noob	-2
Nöqtə	-1
OKS	2
Panics	-3
Parley	-1
Perfects	2
Prays	1
Qaçqınların	-2
Qeyritəsdiq	-2
Qusma	-3
ROBING	-2
ROTFL	4
Rahatsız	-2
Reigning	1
Robs	-2
Sabahınız xeyir	1
Sedat Laçiner	-2
Sevimli	2
Seçilmişlərə	2
Sonrakı	3
Suave	2
Survivor	2
Tard	-2
Touts	-2
Tyran	-3
Təsdiq edilməyən	-2
Unlovable	-2
Visions	1
Woow	4
XOXO	3
XOXOXO	4
Yarıbkeçmə	3
Yoluxucu	-2
Zorbalık	-2
abadlıq	2
abductions	-2
abhorred	-3
abhors	-3
aborts	-1
absolves	2
abırsızlıq	-2
ac	-2
accolade	2
acgöz	-2
aciz	-2
acizlik	-2
aclıq	-2
aclıq çəkmək	-2
aclığa məhkum	-2
acı	-2
acınacak halda	-2
acınacaqlı	-3
acıq	-2
acıqlanma	-2
acıyor	-2
acışdırıcı	-3
adam oğurluğu	-2
adam öldürmə	-3
adekvat	1
adlı	1
admiring	3
adored	3
adores	3
adoringly	3
affronted	-1
aficionados	2
aghast	-2
agonises	-3
agonized	-3
agonizes	-3
ahəngdar	2
aksamalar	-2
aktiv	2
akıllıca	2
aldadıcı	-3
aldadır	-3
aldatma	-2
aldatmacalardan	-2
aldatmaq	-3
aldattýn	-2
alert	-1
ali	4
alkışlanacak	2
allergik	-2
almaz	1
alovlu	2
alqış	2
alqışladı	2
alqışlamaq	2
alqışlar	2
alqışlayan	2
alqışlayır	2
alverçi	-2
alçaldıcı	-2
alçaltmaq	-2
alçaq, şərəfsiz	-3
ambivalent	-1
amused	3
amçux	-5
anal	-4
and içmək	-2
anlaşılmaz	-1
anlaşılmazlıq	-2
antaqonist	-2
anti	-1
antipatik	-2
aparıcı	2
apeshit	-3
apocalyptic	-2
appeases	2
appeasing	2
aqressiv	-2
aradan	-1
arsehole	-4
artan	1
artıb	1
artım	1
artırmaq	1
artırılmış	1
arxa	1
arzu	-1
arzu olunan	2
arzu olunmaz	-2
arzularını	1
arzulu	2
asan	1
ashame	-2
asqırarkn	-2
asqırmaq	-2
asqırıb	-2
asqırıq	-2
astounded	3
astounding	3
astoundingly	3
atdırmaq	-4
atılır	-1
atəş	-2
aura	1
avenges	-2
avenging	-2
averts	-1
axed	-1
axmaq	-3
axmaquxmaq	-2
aydın	1
aydınlaşdırır	2
aydınlıq	2
ayrıseçkilik	-2
ayıb	-2
azad	1
azad edən	2
azadlıq	2
azadlıqlar	2
azaldar	-2
azaldıb	-1
azaltmaq	2
azalıb	-1
azarkeş	3
azarlamak	-3
azdırmaq	-3
azlıq	-2
azğın	-1
açmaq	1
açıq	2
açığı	-2
ağartmaq	-3
ağladı	-2
ağlamaq	-2
ağlayan	-2
ağlayır	-2
ağrı	-2
ağrılı	-2
ağrıyan	-2
ağıllı	2
ağıllılıq	2
ağılsız	-2
ağır	-2
ağırlaşdırıcı	-2
ağırlaşdırılmış	-2
aşarsa	-2
aşağı	-2
aşağı performans	-2
aşağı qiymətləndirdiyini	-1
aşiq	3
aşılamağa	-2
aşılayır	-2
babatlıq	-3
bacarar	3
bacarıq	2
bacarıqlar	2
bad	-3
badass	-3
baha	3
bahalı	-2
bailout	-2
balanslaşdırılmış	1
baloncuklar	3
balta	-1
bamboozled	-2
bamboozles	-2
bankster	-3
barbar	-2
basqın	-2
bastards	-5
battled	-1
baxımlı	2
baxımsız	-2
baxımsızlıq	-2
bağlanacaq	-1
bağışladı	2
bağışlamaq	2
bağışlanmaz	-3
bağışlayandır	1
başlatdı	1
beatific	3
becerikli	2
belittled	-2
benefitting	2
benzersiz	2
berbat	-3
bereave	-2
bereaves	-2
bereaving	-2
betər	-3
bezdirici	-2
bezmək	-3
biabırçı	-2
bic	-2
biclik	-4
bilmir	-2
bir dəfəinaboyu	3
bir növ	0
birləşmiş	1
birsəslilik	-1
bitli	-2
bizləmək	-5
blah	-2
blok	-1
blokada	-2
blokları	-1
bolbol	2
bomba	-1
borc	-2
boykot	-2
boynuburuq	-3
boz	-1
bozma	-2
boğmaq	-2
boğucu	-2
boğularaq	-1
boğuldu	-2
boğulmaq	-2
boğulmuş	-2
boğuq	-2
boş	-1
boşluq	-1
brainwashing	-3
brilliances	3
brooding	-2
brutto	-2
bulanık	-2
bully	-2
bulutlu	-1
bummer	-2
bunt	-2
buraxılmış	-2
buruq	-2
buz	-1
böhran	-3
bölüşdürülməmiş	-1
böyük	3
böyük döşlər	4
bütöv	2
bütünlük	2
büxur	-2
bıçaqladı	-2
bədbin	-2
bədbinlik	-2
bədbəxt	-2
bədbəxt hadisə	-2
bədbəxtlik	-2
bədhesab	-3
bədlik	-3
bədnam	-2
bəhanə	-1
bəla	-3
bəlalar	-1
bəlaları	-3
bəli	1
bəraət	2
bəraətləndirmək	2
bərbad	-2
bərbadlıq	-2
bərk	2
bərkimə	-2
bərkimək	2
bərpa	1
bərpa etmək	1
bəsləmək	2
bəxt	2
bəxtəvər	2
bəyənilən	3
bəyənmə	2
cahil	-2
calms	2
can	3
can atan	2
can vermək	-3
canavarlaştırmak	-2
canlandırmaq	2
canlı	2
cansıxıcı	-2
cansız	-1
canıyanan	2
cavab	2
cavahirat	1
cavan	2
cazibə	3
cazibədar	3
cazibəsiz	-3
chagrined	-2
chastising	-3
cheated	-3
cherishes	2
cherishing	2
chided	-3
chides	-3
chiding	-3
ciddi	2
cilalanmış	2
cinayət	-3
cinayətkar	-2
cinayətkarlar	-3
cinayətlər	-2
cinli	-2
cinləndirmək	-2
clueless	-2
cocksuckers	-5
colluding	-3
comforts	2
complimented	2
conciliated	2
conciliates	2
consolable	2
contaminant	-2
contemptuously	-2
contending	-1
controversially	-2
convivial	2
cool stuff	3
coziness	2
coşğun	4
crazier	-2
craziest	-2
criminated	-3
criminates	-3
crushes	-1
cutbacks	-2
cübbəli	-2
cümlə	-2
cümlələr	-2
cür	2
cüzi	-2
cılız	-2
cırıq	-2
cəfakeş	-2
cəfəng	-2
cəfənglik	-2
cəhalət	-2
cəhənnəm	-4
cəlb	1
cəlbedici	1
cəld	1
cənazələri	-1
cənnət	3
cərimə	-2
cərimələr	-2
cəsarət	2
cəsarətli	3
cəsarətlilik	2
cəsarətlə	2
cəsəd	-1
cəza	-2
cəzalandırmaq	-2
cəzalandırmağı	-3
cəzalandırılması	-2
cəzalandırır	-2
dadsız	-2
daha güclü	2
dalmış	1
damcı	-1
danma	-2
daraldır	-2
darıxdırıcı	-2
darıxmaq	-2
davamlı	2
davamlılıq	1
davranmayan	-2
davranış sərgilədi	-2
davranışa	-2
dayana bilər	-3
dayandı	-1
dayandırma	-1
dayandırmaq	-1
dayandırılıb	-1
dayandırılıbdır	-2
dayaq	1
dayaqsız	-2
dağıdıcı	-2
dağılma	-2
dağıntılarla	-2
daşlaşmış	-2
daşındırıcı	-2
deadening	-2
defisit	-2
deformities	-2
defrauds	-3
degrades	-2
dehumanized	-2
dehumanizing	-2
dejecting	-2
dejects	-2
deli	-3
delighting	3
demoralize	-2
demoralizing	-2
deportasiya	-2
deportasiyalar	-2
deqradasiyaya	-2
derided	-2
derides	-2
deriding	-2
despairing	-3
detracted	-1
detracts	-1
devotional	2
deyingən qadın	-4
dezavantajlı	-2
dickhead	-4
dikbaş	-1
dilema	-1
dilligence	2
dilxor	-2
dilxor olmuş	-2
dinc	2
dindirilib	-2
dipshit	-3
diqqət	2
diqqətlə	2
diqqətsiz	-2
diri	1
dirilik	3
dirtier	-2
dirtiest	-2
disappointments	-2
disapproving	-2
discarding	-1
discards	-1
discernment	2
disconsolate	-2
disconsolation	-2
disfonksiyon	-2
disguises	-1
disguising	-1
disgusted	-3
disheartened	-2
disinclined	-2
disjointed	-2
diskvalifikasiya	-2
disoriented	-2
disparaged	-2
dithering	-2
dişsiz	-2
dodging	-2
dolaşıq	-2
dolu	2
donuq	-2
doom	-2
dost	1
dostluq	2
doubting	-1
dour	-2
doymamazlıq	-3
doğramaq	-2
doğru	2
doğrulama	1
doğrulamak	1
doğrular	1
doğurmaq	3
drag	-1
drags	-1
drained	-2
dreaded	-2
dreading	-2
dreams	1
droopy	-2
drowns	-2
drudgery	-2
dua etmək	1
dud	-2
duped	-2
dupery	-2
duzsuz	-2
döndərmək	-1
döyülmüş	-2
döyünmə	-1
döyüş	-2
döyüşlərdə	-1
dözmək	-2
dözülməz	-2
dözüm	2
döşlər	-2
düz	1
düzgün	-1
düzgün istiqamətdə	3
düzəlməz	-2
düşmə	-1
düşmən	-2
düşmənçilik	-2
düşük	-2
düşüncəli	2
düşüncəsiz	-2
dəbdəbə	2
dəbdəbəli	3
dəf	-2
dəf etmək	-1
dəfinə	2
dəfn	-1
dəhşətli	4
dəhşətə	-2
dəli	2
dəlicəsinə	-3
dəlilik	-3
dələduzluq	-3
dəngəsər	-2
dərdisər	2
dərdli	-1
dəstək	2
dəstəkləyir	2
dəvət etmək	1
dəyər	2
dəyərsiz	-2
dəyərsizləşmə	-2
dəzgahlarında	-1
ecazkar	3
ecstatic	4
eerie	-2
eery	-2
effektivlik	2
ehtiras	1
ehtiraslı	2
ehtiyac	1
ehtiyatlı	-1
eksklüziv	2
ekstremist	-2
ekstremistlər	-2
elan	2
elated	3
elation	3
elmsiz	-2
elçi getmək	3
emal	1
emanet	2
embarrasses	-2
emin	-1
empathetic	2
enerjili	2
engeller	-1
engrossing	3
enrages	-2
enslaves	-2
envying	-1
eqoist	-3
eqoizm	-3
escape	-1
esir	3
esiri	-2
etibarlı	2
etibarlılıq	2
etibarsız	-2
etimad	2
etiraf	-1
etiraf etmək	-1
etiraz	-2
etirazçılar	-2
etkilemesini	-2
euphoria	3
euphoric	4
evakuasiya	-1
evergreening	-3
evsiz	-2
exacerbates	-2
exaggerates	-2
exasparate	-2
exasperated	-2
exasperates	-2
exasperating	-2
exhilarates	3
exhilarating	3
exonerates	2
expels	-2
expertly	2
eybəcər	-2
eybəcərlik	-2
fabulously	4
faciə	-2
faciəli	-2
faciələri	-2
fagots	-3
fahişə	-4
faili	-2
failləri	-2
fainthearted	-2
faker	-3
fakes	-3
fantastik	4
fantastik əvvəl	4
fascinates	3
fasilə	-1
fasiq	-2
fatigues	-2
favourited	2
fayda	2
faydalanmışdır	2
faydaları	2
faydalı	2
faydalılıq	2
faydasız	-2
faşist	-2
faşistlər	-2
fervid	2
fiasco	-3
fikir	2
fikirli	-1
firavan	3
firavanlıq	3
fitnə	-3
flaqman	2
flawed	-3
flaws	-2
flees	-1
flops	-2
flustered	-2
fobik	-2
forvet oyunçuları	-2
fraudster	-4
frikin	-2
frowning	-1
frustrates	-2
fucker	-4
fuckers	-4
fuckface	-4
fuckhead	-4
fucktard	-4
fuked	-4
fuking	-4
fuming	-2
funky	2
funnier	4
fırıldaqlar	-3
fırıldaqları	-4
fırıldaqçı	-3
fırıldaqçıların	-4
fırıldaqçılıq	-2
fəal	2
fəaliyyət mərkəzi	1
fəaliyyət qabiliyyətsizliyi	-2
fədakar	2
fəlakət	-2
fəlakətli	-4
fəlakətlər	-2
fərasətli	-2
fərqləndirici	-2
fəryad	-2
fərəhsiz	-2
gagged	-2
gecikir	-1
geniş	1
genişləndirir	1
genişləndirmək	1
geri	2
geri çəkilmək	-1
geriləmə	-1
geyilən	-1
gic	-2
giclik	-3
gicəlləndirici	4
gigiyenik olmayan	-2
girov	-2
gizli	-1
gizlədir	-1
gizləmək	-1
gizlətmək	-1
glamourous	3
glee	3
gleeful	3
goddamn	-3
goodlooking	3
goofiness	-2
goofy	-2
gr8	3
green yuma	-3
greenwash	-3
greenwasher	-3
greenwashers	-3
greenwashing	-3
groaned	-2
groans	-2
görkəmli	2
görüntü imkanı	2
göt	-4
göz yaşları	-2
gözləmək	-1
gözlənilən	-1
gözləyir	-1
gözqamaşdırıcı	3
gözükölgəli	-3
gözədəyən	2
gözəl	2
gözəl qız	2
gözəl yeniyetmə	4
gözəllik	3
gözəlləşdirmək	3
güc	2
güclü	2
gücləndirdi	1
gücləndirir	1
gücləndirmək	2
gücsüz	-2
gül	1
güldü	1
gülməli	-3
gülümsədi	2
gülümsəmə	2
gülür	1
gülüş	1
güləgülə	1
günah	-2
günah keçisi	-2
günahlandıraraq	-2
günahlandırdı	-2
günahlandırır	-2
günahları	-2
günəş işığı	2
gürültülü	-1
güvenen	2
güvən təzələdi	1
güzəştli	-1
gəlir	2
gəlirli	3
gərgin	1
gərginlik	-1
gərginləşdirmək	-2
ha	2
haciz	-2
haha	3
hahaha	3
hahahah	3
hamar	2
handpicked	1
haplessness	-2
haqlı	2
haramzadə	-5
harasses	-3
hardier	2
hardy	2
harmoniya	2
harried	-2
harın	-2
haters	-3
haunting	1
haunts	-1
havoc	-2
hazin	-2
hazır	2
heartbroken	-3
heavyhearted	-2
hehe	2
heyecanlandım	5
heyran	3
heyran etmək	3
heyrətləndirmək	2
heç bir fun	-3
heçə	-2
hiciv	-2
hirs	-3
hirsli	-3
hirsləndirdi	-3
hiss	1
hissiz	-2
hiyləgər	2
homoseksüel	-3
hooligans	-2
hor	-2
horrendous	-3
hugs	2
humerous	3
humiliated	-3
humourous	2
hökm	-2
hörmət	2
hörmətli olanınız	2
hörmətsizlik	-2
hövlank	-2
hücum	-2
hücumlar	-1
hücumu	-1
hüquqi	1
həbs	-2
həbsxana	-2
həddi	-2
həddindən artıq reaksiya	-2
həddən artıq yükləmə	-1
hədiyyə	2
hədyan	-2
hədə	-2
hədələmişdir	-2
hədələyici	-2
hədəqorxu	-2
həll	1
həll edilməmiş	-1
həll edir	1
həll etmək	1
həlledici	1
həlləri	1
həmd	3
həmişəyaşıl	2
həmişəyaşıl bitkilər	2
həmrəylik	2
hərarət	-2
hərb	-2
həris	2
hərtərəfli	2
hərəkətsiz	-1
hərəkətsizlik	-2
həsrət	-2
həsrəti	-2
həssas	-2
həsəd	-1
həvəskarları	3
həvəsli	3
həvəsləndirici	2
həvəsləndirir	2
həvəsləndirmək	2
həyasızcasına hər şeylə maraqlanan	2
həyata	2
həyatını itirdi	-3
həyəcan	3
həyəcanlı	-2
həzin	-2
həzər	-2
ianə	2
ianə vermək	2
ibadət	3
icky	-3
icra	2
iddia	-1
iddia açır	-2
iddialar	-2
iddiaları	-2
iddialı	2
iddiaçı	-1
idiot	-3
iflas	-3
iftira	-2
ifşa	-1
ifşa etmək	-1
igid	2
igidlik	2
ikiüzlü	-2
ilham	2
ilhamlı	2
ilhamsız	-2
iltihablı	-2
ilə mübarizə	-1
iman	1
imansız	-1
imkan	1
imkanlar	2
imkanları	1
imkanlarını	-2
immun	1
impedingly	-2
impiçment	-3
impiçmentlər	-3
imposter	-2
impress	3
imtina	-2
imtiyazlı	2
inadkar	-2
inam	1
inamla	2
inamlı	2
inamsız	-2
inandırmaq	1
inanmamaq	-3
inanılmaz	-1
incapacitates	-2
incapacitating	-2
incensed	-2
incenses	-2
incensing	-2
incidir	-2
incik	-2
incitmək	-2
incə	3
incəlik	2
inediable	-2
infantilized	-2
infatuated	2
infatuation	2
infeksiya	-2
infeksiyaları	-2
infested	-2
infesting	-2
infests	-2
infract	-2
infracted	-2
infracting	-2
infracts	-2
infuriates	-2
inhisara	-2
inhisara alması	-2
inhisarlaşdırmaq	-2
inilti	-2
iniltili	-2
inkar	-2
inkar etmək	-2
inkarçı	-2
inkişaf etmiş	2
inkvizisiya	-2
inlədi	-2
innovates	1
insani	2
interrupts	-2
intihar	-2
intiqam	-2
intiqam almaq	-2
intiqamçı	-2
intransigence	-2
intransigency	-2
invulnerable	2
inşallah	2
irad tutulması haqqında	-2
irqçi	-3
irqçilik	-3
irqçilər	-3
irrasional	-1
irreproducible	-2
irresistibly	2
irreversibly	-1
irəli	1
isbatsız	-2
israf	-2
israfçılıq	-2
istefa	-1
istefa etdi	-1
istehza	-2
istehzalı	-1
istenmeyen	-2
isteriya	-3
isti	1
istifadə	2
istilik	2
istiqamət	2
istirahətsiz	-2
istismar	-2
istismar etmək	-2
istisna	-2
istisna etmək	-1
istədiyiniz	2
istəyən	1
itdi	-1
ithaf	2
iti	1
itirilmiş	-3
itirir	-3
itirmək	-3
itirən	-3
itkin	-2
ittiham	-2
ittiham etmək	-2
ittihamlar	-2
ixtilaf	-2
iylənmiş	-2
iynələmək	-2
iyrənc	-2
izdiham	-2
iztirablı	2
içiboş	-1
iğtişaşlar	-2
iş buraxma hərəkəti	-2
işgəncə	-4
işgəncələr	-4
işləmir	-3
işləmək	1
işsiz	-1
işsizlik	-2
işğal	-1
işəmək	-4
jackass	-4
jackasses	-4
kader	-3
kafir	-2
kamil	2
kamillik	3
kararmamış	2
karsız	-2
kavrama	2
kefikök	3
kefini pozmaq	-2
kefsiz	-2
key	-1
keyfiyyət	2
keyfiyyətlər	2
keçirtmək	-2
keçmək	-2
kidnaps	-2
kifayət qədər	-2
kimi	0
kimi dont	-2
kinder	2
kinli	-2
kir	-2
kirletenlere	-2
kiçiltmək	-1
komediya	1
komik	1
kommivoyajör	-2
kompliment	2
konflikt	-2
kor	-1
korkunç	-2
korlamaq	-2
korlayır	-3
korrupsiya	-3
koruşluq	-2
kufi	1
kullanmamış	-2
köhnəlmiş	-2
köklü	2
kölgə	-2
köləlik	-3
kömək	2
köpük	-3
kötüleyecek	-2
künclü	-2
küskün	-2
küy	-3
küyçü	-2
kədər	-2
kədərli	-2
kədərləndi	-2
kədərlənirik	-3
kədərlənmək	-2
kəf gəlmək	-2
kələkbaz	-3
kələkləmək	-3
kəmağıl	-3
kəmfürsət	-3
kəsdi	-2
kəsici	-1
kəsildi	-2
kəsilməsi	-2
kəskin reaksiya	-2
kəskinləşdirmək	-2
kəskinləşməsi	-2
kəsmək	-2
kəsərsiz	-2
kəşfiyyat	1
lal	-3
lapsed	-1
laqeyd	-2
laqeydlik	-2
laughting	1
lawl	3
lax	-2
layiq	2
layiqsizlik	-2
lazımınca	-1
lağ	-2
letargiya	-2
lezbi	-5
lifesaver	4
lighthearted	1
likers	2
likes	2
litigious	-2
livid	-2
lmao	4
lmfao	4
loathes	-3
lobbisi	-2
lobbiçilik	-2
lobbiçilər	-2
lol	3
lololol	4
lolololol	4
lool	3
loomed	-1
looming	-1
loool	3
looool	3
lotupotu	-3
lovelies	3
lovely	3
lovğa	-2
lunatics	-3
lurking	-1
lurks	-1
lütf	1
lütfkar	2
lütfən	1
ləkələmək	-2
ləkəsiz	2
ləlcəvahirat	3
ləng	-2
ləngitmək	-2
lənət	-1
lənət olsun	-4
lənətləmək	-2
lənətləmək cute	3
lənətləmək yaxşı	4
lətafət	3
ləyaqət	2
ləzzətli	3
ləzzətlə	3
ləğv	-1
ləğv etmək	-1
ləğv olundu	-1
maarifləndirici	2
maarifləndirmək	2
maaş	-1
macabre	-2
macəra	2
maddə	1
maladaption	-2
maldevelopment	-2
malikdir	2
mane	-2
mane olur	-2
maneə	-2
maneəli	-2
maneələr	-2
manipulyasiya	-1
maraq	1
maraqları	1
maraqlı	2
maskalamaq	-1
maskalı	-1
medal	3
meditative	1
mehriban	3
mehribanlıq	2
menaces	-2
merak	-2
mesmerizing	3
messed	-2
metodik	2
metruk	-2
mif	-1
minnətdar	2
mirthful	3
mirthfully	3
misbehaves	-2
misbranding	-3
miscast	-2
misclassified	-2
misclassifies	-2
misclassify	-2
misconducting	-2
misconducts	-2
misleaded	-3
misleads	-3
misplaces	-2
misplacing	-2
mispricing	-3
misreport	-2
misreported	-2
misreporting	-2
misrepresentations	-2
misrepresents	-2
mistaking	-2
mistifikasiya	-2
misunderstands	-2
moans	-2
modernləşdirilmiş	2
monopoliyaya	-2
moping	-1
motherfucking	-5
motivasiya	1
mumpish	-2
murad	1
murdar	-3
murdarlamaq	-2
möcüzə	4
möhlət	-1
möhtac	-2
möhtəkir	-2
mötəbər	2
müasirlik	2
müasirləşdirmək	2
müasirləşir	2
mübahisə	-2
mübahisəli	-2
mübahisələr	-2
mübaliğə	-2
mübarizə	-1
müdafiə edir	2
müdafiəsiz	-2
müdafiəçi	2
müdafiəçiləri	2
müflis	-2
mühafizə	1
mühakimə	-2
müharibə	-2
mükafat	2
mükafatlandırdı	2
mükafatlandırıldı	3
mükafatlar	2
mükəmməl	3
münaqişə	-2
münaqişəli	-2
münasib	2
münbit	2
müqavilə	1
müqəssir	-3
müraciət	2
mürəkkəbləşdirilir	-3
müsbət	2
müsibət	-2
müstəviyə	2
müttəfiq	2
mütərəddid	-1
müvafiq	2
müəyyən	2
məcbur	-1
məcburi	-1
məcburiyyət	-2
mədh	3
məftunedici	3
məhbus	-2
məhdud	-2
məhdudiyyət	-1
məhdudiyyətlər	-1
məhdudlaşdıran	-2
məhdudlaşdırmaq	-2
məhdudlaşdırıcı	-1
məhkum	-2
məhkumdur	-2
məhkəmə	-1
məhkəmə qaydası ilə təqib etmək	-2
məhkəməyə çağırmaq	-2
məhrumiyyət	-3
məhv	-3
məhv etmək	-2
məhzun	-3
məhəl qoymamaq	-1
məhəl qoymur	-2
məhəllə	-1
məmnun	2
mənalı	2
mənasız	-2
mənfi	-2
mənfi yanaşmaq	-2
mənfilik	-2
mənfur	-4
mənfəət	2
mənhus	-2
mənimsəmək	1
məntiqsiz	-2
mənəviyyatı pozmaq	-2
məqamı	2
məqbul	1
məqsədi	2
məqsədyönlü şəkildə	-2
məqsədəuyğun	1
mərhəmət	2
mərhəmətsiz	-2
məruz	-1
məsul	2
məsuliyyət	1
məsuliyyətsiz	-2
məsələlər	1
məyus	-2
məyus etmək	-2
məyusluq	-2
məzhəkəli	2
məzlum	-2
məzəli	4
məğlub	-2
məğlubiyyət	-2
məğmun	-3
məğrur	2
məşhur	2
məşum	3
məşğul	-2
n00b	-2
nahaq	-2
nahaqdan	-2
nail	3
nailiyyətlər	2
nakəs	-2
nalayiq	-2
nalayiq hərəkət	-2
nankor	-3
narahat	-2
narahat edən	-2
narahat etmək	-3
narahatlıq	-3
narazı	-2
narazılıq	-2
narcissism	-2
nasaz	-2
nasazlıq	-2
natamam	-1
nay	2
nazik təbəqə	-2
nağdlaşdırılması	-2
naəlaclıqdan	-3
nefes	5
nefis	3
neglecting	-2
neglects	-2
nemət	3
nifaq	-2
nifrət	-3
nifrət etmək	-3
nifrətəlayiq	-3
nikbin	2
nikbinlik	2
notariat	-2
nurlandıran	2
nümayiş	-1
nəcib	2
nəfis	1
nəsihət vermək	-2
nəzakət	2
nəzakətli	2
nəzarət	-1
nəzərdən qaçırmaq	-2
nəzərə	-2
obnoxious	-3
obsessed	2
obstructs	-2
obyektiv	2
od almama	-2
offends	-2
offline	-1
olaysız	-2
onaylamaması	-2
onları məhv	-3
oops	-2
optionless	-2
ostracize	-2
ostracized	-2
ostracizes	-2
outages	-2
outmaneuvered	-2
overjoyed	4
overprotective	-2
overran	-2
overreacted	-2
overreaction	-2
overreacts	-2
oversell	-2
overselling	-2
oversells	-2
oversimplification	-2
oversimplified	-2
oversimplifies	-2
oversimplify	-2
oversold	-2
overstatements	-2
overwrought	-3
ovsunladı	3
ovsunlu	2
oxymoron	-1
oyadan	-1
oynaq	2
oyun dəyişən	3
oyuq	-2
oğurlamaq	-2
oğurlanmış	-2
oğurluq	-2
palçıqlı	-2
paradoks	-1
parlaq	1
parlaqlıq	1
partlayış	-2
parıldamaq	3
parıltı	3
passiv	-1
paxıl	-2
paylaşılan	1
penalizes	-2
performans	-2
perspektivlər	1
perçin	3
piqued	-2
pis	-2
pis gündə	-3
pis rəftar	-2
pisləmək	-2
pisləşdirmək	-3
pisləşib	-3
pisləşir	-3
pisləşməsi	-3
pissed	-4
populyarlıq	3
posttravmatik	-2
pox	-3
pox kimi	-3
pozacaq	-2
pozan	-2
pozma	-2
pozmaq	-2
pozmuş	-2
pozublar	-2
pozulan	-2
pozular	-2
pozularsa	-2
pozulması	-2
pozulmuş	-2
pozuntular	-2
pozuntuları	-2
pozur	-2
pozğunluq	-2
pozğunluqlar	-2
prblm	-2
prblms	-2
problem	-2
problemlər	-2
proqulçu	-1
prosecutes	-1
pseudoscience	-3
psixopotoloji	-2
pulsuz	1
punished	-2
purest	1
pushy	-1
pərtlik	-2
pərəstiş etmək	3
qaba	-2
qabaqcıl	1
qabarıq	1
qabiliyyət	2
qabiliyyəti	1
qabiliyyətsiz	-2
qabiliyyətsizlik	-2
qadağan	-1
qadağan etmək	-1
qadir	1
qalan	2
qaldı	-2
qalib	3
qalibiyyət	4
qalmaqal	-3
qalmaqallar	-3
qalmaqallı	-3
qalın	2
qalır	-2
qancıq	-5
qanlı	-3
qanqaralıq	-2
qanun pozuntusu	-2
qanunsuz	-3
qapazaltı	-2
qapılmış	-2
qaranlıq	-2
qarıxdırıcı	-2
qarışıq	-2
qarşıladı	2
qarşısı	-1
qarşısıalınmaz	2
qarşısını aldı	-2
qarşısını almaq	-2
qarşısını alır	-1
qarşısının alınması	-1
qatil	-2
qaxac	-3
qaxmaq	-2
qaynaşmaq	-2
qayğı	2
qayğıkeş	2
qayğıkeşlik	2
qayğısız	1
qazandırmaq	2
qazanmaq	4
qazma	-3
qaçan	-1
qaçaq	-2
qaçaqçılıq	-2
qaçmaq	-1
qaçırmaq	-2
qaçırılan	-2
qaşqabaqlı	-2
qeyd	3
qeyd etmək	3
qeyd etmələri	3
qeyribərabər	-1
qeyrihəssas	-2
qeyrihəssaslıq	-2
qeyriinsani	-2
qeyrikafi	-2
qeyrimütənasib	-2
qeyrimütəşəkkil	-2
qeyrimüəyyən	-1
qeyriobyektiv	-2
qeyriobyektivlik	-1
qeyriparlamentar	-2
qeyripeşəkar	-2
qeyriqənaətbəxş	-2
qeyrisabit	-2
qeyrisağlam	-2
qeyrişüuri	-2
qeyriəxlaqi	-2
qeyrətli	2
qeyzli	-2
qisasçı	-2
qiymətləndirmək	2
qiymətləndirən	2
qorumaq	1
qoruyur	1
qorxacaq	-2
qorxaq	-2
qorxmaz	2
qorxmazlıq	2
qorxu	-2
qorxuducu	-2
qorxudur	-2
qorxulu	-2
qorxunc	-2
qorxur	-2
qorxusu	-2
qorxutdu	-2
qorxutma	-3
qorxutmaq	-2
qotur	-2
qovmaq	-1
qoyur	-1
qozfındıq	-3
qoçaqlıq	3
qoşulmaq	1
qrantlar	1
qrip	-2
quaking	-2
qucaqlayan	-3
qucağına sıxmaq	2
qul	-3
qulaqbatıran	-1
quldur	-2
qurban	-3
qurtarıldı	2
qurğusu	-1
qusma	-3
qürurla	2
qüsur	-3
qüsurları	-3
qüsurlu	-2
qüsursuz	2
qüvvətləndirmə	2
qıc	-1
qıcıqlandırmaq	-2
qıcıqlandırır	-3
qılıqlılıq	2
qınadı	-2
qınama	-2
qırdı	-1
qırılmaz	2
qırıq	-1
qısaltma	-2
qısqanc	-2
qısqanclıq	-2
qızmış	-2
qızğın	3
qızıl	2
qığılcım	1
qışqıraraq	-2
qışqırmağa	-2
qışqırıqbağırıq	-2
qəbul	1
qəbuledilməz	-2
qəddar	-3
qəddarlıq	-3
qədər messing	-2
qəhr	-2
qəhrəman	2
qəhrəmanları	2
qəhrəmanlıq	3
qəlbinə	-1
qəlbiqara	-3
qələbə	3
qəm	-2
qənaət	1
qənim	-3
qənirsizlik	3
qəribə	-1
qərəzsiz	2
qəsdsiz	-2
qəsəbə	1
qətiyyətli	2
qətl	-2
qətlə	-3
qəza	-2
qəzəb	-2
qəzəbli	-3
qəzəbləndirmişlər	-2
qəzəbləndirmək	-2
qəzəblənmə	-3
qəşəng	2
rahat	2
rahatlanmaq	3
rahatsız	-2
rahatsızlıklarında	-2
ranter	-3
ranters	-3
rants	-3
raptores	2
raptured	2
ratifikasiya	2
razı	3
razı deyiləm	-2
razılaşdırılmış	1
razılaşmaq	1
razılaşır	1
razılıq	2
red	-2
reddedilmesine	-2
reddedilmiş	-2
refreshingly	2
regionda uzun sürən	-2
regretting	-2
relsdən	-2
relsdən çıxdı	-2
revered	2
riqqətli	-2
risk	-2
riskli	-2
riskləri	-2
riyakar	-2
rişxəndli	-2
rofl	4
roflcopter	4
roflmao	4
roman	2
romantically	2
romantik	2
romantika	2
rotflmfao	4
rotflol	4
ruh	1
ruhdan	-2
ruhdan salır	-2
ruhlandırmaq	2
ruhlandırıcı	3
ruhlandırır	2
rüsvayçılıq	-2
rüşvət	-3
rədd	-1
rədd etmək	-1
rəhbərlik	1
rəqabət	2
rəqib	-1
rəsmiləşdirilməyib	1
rəğbət	2
rəğbətli	2
rəşadətlə	3
sade	-2
sadiq	3
sadəlik	1
sadəlövh	-2
sadəlövhlük	-2
saflaşdırmaq	1
sakit	2
sakitləşdi	2
sakitləşdirici	3
sakitləşdirmək	3
salam	2
salamatlıq	2
salamladı	1
salamlamaq	1
salamlayan	2
saldırılarının	-2
salehlik	2
salutes	2
sarkastik	-2
sarsıdıcı	-1
sarsıdır	-2
sarsıldı	-2
sarsılmaz	-1
sarsıtmaq	3
sarımaq	-2
satqın	-3
satılmamış	-1
savadsızlıq	-2
savange	-2
savanges	-2
saxlanılıb	-2
saxta	-1
saxtalaşdırmaq	-3
saymazlıq	-2
sayıq	3
sazişçi	2
sağlam	2
scary	-2
screams	-2
scumbag	-4
seditious	-2
selfabuse	-2
selfaldatmışdı	-2
selfzidd	-2
senzor	-2
senzorları	-2
senzura	-2
sevdi	3
sevgi	3
sevgi dolu	3
sevgi dolu xeyirxahlıq	3
sevilməyən	-2
sevimli	3
sevinc	3
sevincək	2
sevindilər	4
sevindirdi	3
sevindirici	3
sevinmək	4
sevinən	3
sevir	3
sevmədiyi	-2
sevən	2
sexist	-2
sexistic	-2
seyyar satıcı	-2
shithead	-4
shoody	-2
sik	-4
sik sooran	-5
sikilmiş	-4
silencing	-1
simpatiya	2
sinir	-2
sinir bozucu	-2
sis	-2
sitayiş	3
sitayişə layiq	3
skeptics	-2
skeptik	-2
skeptisizm	-2
slashes	-2
slicker	2
slickest	2
sloppy	-2
slumping	-1
smart	1
smiles	2
smuggles	-2
snubbed	-2
snubbing	-2
snubs	-2
sobering	1
solidified	2
solidifies	2
solidifying	2
sonaqadın	-5
sormaq	-3
sorunsuz	2
sorğusual	-1
sovurur	-2
sovuşdurduq	-1
soyğunçu	-2
spam	-3
spammer	-3
squandered	-2
stabil	2
stalling	-2
startled	-2
stator	-2
steals	-2
stereotip	-2
stimullaşdırmaq	1
stimullaşdırır	1
stinked	-2
stinker	-2
stinks	-2
stinky	-2
stork	-2
stressor	-2
stressors	-2
stunned	-2
sueing	-2
sui	-2
suiistifadə	-2
suiqəsd	-3
sulking	-2
super	3
suçlamak	-3
sweeter	3
sönük	-2
sövdə	2
söykənəcəkli	1
söyüş	-2
sülh	2
sürgün	-2
sürgün etmək	-2
sürüklənəcəklər	-1
sürüşmə	-1
süst	-3
süstlük	-3
sıxan	-2
sızan	-1
sızmaq	-1
səbirsiz	-2
səbəb	-1
sədaqət	2
sədaqətli	3
səfalı	2
səfalət	-2
səfeh	-1
səhm	1
səhmlər	1
səhv	-2
səhvlər	-2
səlahiyyət	1
səlahiyyət vermək	2
səlahiyyətli	2
səlahiyyətləri	1
səmimi	2
səmimiyyət	2
səmərəli	2
səmərəsiz	-2
sərfəli	2
sərgi	2
sərgüzəştləri	2
sərin	1
sərsəmlik	-3
sərt	-2
sərvət	3
sərxoş	-2
səsküylü	-1
səxavətli	2
səxavətlə	2
taciz	-3
tacı	2
tahriş	-3
talan	-2
tanıma	2
tanınmış	3
tapıntı	4
tarnishes	-2
tatlı	3
taun	-3
tellallığı	-2
terrifically	4
terror	-3
terrora	-3
terroristlərin	-2
terrorizes	-3
terrorizm etmək	-3
terrorçu	-2
tez şadlanan	4
thwarting	-2
thwarts	-2
tikanlı	-2
titrək	-2
titrəyiş	-2
toksik	-3
tolerant	2
tolerantlıq	2
top	-1
topal	-2
toqquşma	-2
toqquşmalar	-1
toqquşmaq	-1
totalitar	-2
totalitarizm	-2
touting	-2
toxucu dəzgahı	-1
travma	-3
travmatik	-3
treasonous	-3
tremors	-2
troll	-2
trounces	-2
tullantı	-1
tullantılar	-1
turistik	2
tutqun	-2
tutucu	-2
tyrannic	-3
tyrans	-3
töhmət	-2
tökülür	-2
törədilmiş	-2
törətməkdə	1
tövlə	-2
tövsiyə	2
tıxac	-2
təbii	1
təbliğ	1
təbliğat	-2
təbrik	2
təbrik etmək	2
təbəssüm	2
təcavüz	-2
təcavüzkarlıq	-2
təcavüzçü	-4
təcili	-1
təcrid	-1
təcrübəli	2
tədqiqatlar	1
təhdid	-2
təhdidlər	-2
təhlükə	-2
təhlükəli	-2
təhlükəsiz	1
təhlükəsizlik	1
təhlükəsizliyini təmin	2
təhqir	-2
təhqiramiz	-2
təhrif	-2
təhrif etmək	-2
təhrifedici	-2
təhrifedilmiş	-2
təhrik	-1
tək	-2
təkan	1
təkmilləşdirilmiş	2
təkmilləşdirilməsi	2
təkmilləşdirmək	2
təkzib	-2
təkəbbür	-2
təkəbbürlü	-2
təkəbbürlə	3
təlqin	-2
təlqinini	-2
təltif	2
tələ	-1
tələb	-1
tələblər	-1
tələlərin	-1
tələsik	-2
tələyə	-2
təmin	1
təmin etmək	1
təminatsız	-2
təmiz	2
təmizləmək	-1
təmizləyici	2
təmtəraqla danışmaq	-3
tənasüblü	2
tənbəl	-1
tənha	-2
tənqid	-2
tənqid etmək	-2
tənqidçi	-2
tənqidçilər	-2
təntənəli	-1
təqaüd	1
təqdir	2
təqdis	2
təqib	-1
təqib etmək	-1
təqsir	-3
tərbiyənin	2
təriflədi	3
tərifləmək	3
tərk	-2
tərk edilmiş	-2
tərəddüd	-2
tərəddüdlü	-2
tərəfdar	1
tərəfdarları	1
tərəqqi	2
təsadüfi	-2
təsadüfən	-2
təsdiq	2
təsdiq etmək	2
təsir	-1
təsirli	3
təsirlənərək	-2
təsirsiz	-2
təsirsizlik	-2
təskinlik	2
təskinləşdirici	2
təsəlli	2
təsəlliverici	2
təsəvvürlü	2
tətbiq	-1
tətil	-1
tətillər	-1
təxirə	-1
təxirə salmaq	-1
təxirə salınması	-1
təxribat	-2
təzyiq	-2
təzə	1
təşviq	1
təşvişli	-2
təşəbbüskar	1
təşəkkür	2
təşəkkür edirəm	2
təəccüblü	4
təəssüf	-2
təəssüflü	-2
təəssüflənir	-3
udulmuş	1
uf	-2
ufuldamaq	-2
unappeasable	-2
unappreciated	-2
unconcerned	-2
unconfirmed	-1
unconvinced	-1
uncredited	-1
underestimating	-1
underperform	-2
underperformed	-2
undeserving	-2
unfocused	-2
unforgiving	-2
unfunny	-2
unimaginative	-2
unimpressed	-2
uninvolving	-2
unmotivated	-2
unreleting	-2
unresearched	-2
unstoppable	2
unudulan	-1
unudulmaz	1
unudulmuş	-1
unutmaq	-1
unutqan	-2
unuttum	-1
uplifting	2
upsetting	-2
utancaq	-1
utanmaz	2
utanırıq	-2
uyarsız	-2
uydurma	-1
uykusuz	2
uyğun	2
uyğunluq	1
uyğunsuz	-2
uzadılması	-1
uzanır	1
uzaqlaşdırdığı	-2
uzaqlaşdırma	-2
uzatmaq	1
uzlaştırmak	2
uçqun	-2
uğramaq	-2
uğur	3
uğurlu	3
uğursuz	-2
uğursuzluq	-2
uğursuzluqlar	-2
uşaq	-2
vahid	1
vahimə	-3
vahiməli	-2
valeh etmək	3
varlığına	-1
verilmiş	1
verilməsi	1
vicdan əzabı	-2
vicdanlı	2
vicdansız	-3
victimizes	-3
vindicating	2
viran	-2
virtuoz	2
vision	1
vitamin	1
vitriolic	-3
vomited	-3
vomits	-3
vurdu	-1
vurma	-2
vurmaq	-2
vurub	-2
vurulmuş	-2
vuruşan	-1
vurğulamaq	-1
vəcd	2
vəd	1
vədlər	1
vəhşi	-2
vəhşicəsinə	-3
vəhşilik	-3
walkouts	-2
wanker	-3
warmhearted	2
warmness	2
winwin	3
woebegone	-2
won	3
woohoo	3
wooo	4
wowow	4
wowww	4
wtf	-4
wtff	-4
wtfff	-4
xam	-1
xaos	-2
xaotik	-2
xaraba qoymaq	-2
xarabalıqları	-2
xaric	-2
xaric etmək	-2
xaricdə	1
xeyirdua	2
xeyirxah	3
xeyriyyə	2
xeyriyyəçi	2
xeyriyyəçilik	2
xilas	-1
xo	3
xoxoxoxo	4
xoş	2
xoşagəlməz	-2
xoşbəxt	3
xoşbəxtlik	3
xoşbəxtlikdən	3
xoşlanmaq	3
xoşməramlı	3
xoşuma gəldi	2
xuliqan	-2
xuliqanlıq	-2
xülyaçı	3
xüsusi	2
xəbərdarlıq	-2
xəbərsiz	-2
xəcalət	-2
xəcalətli	-2
xələl	-2
xərac	2
xərçəng	-1
xəsarət	-2
xəsis	-2
xəstə	-2
xəstəlik	-1
xəstəliklər	-2
xəstəlikləri	-1
xəstəxanaya	-2
xətər	-2
xəyal	-1
xəyanət	-3
xəzinələri	2
yadda saxla	2
yadlıq	-2
yalan	-2
yalan and	-3
yalan məlumat	-2
yalançı	-3
yalançıdırlar	-3
yan təsiri	-2
yan təsirlər	-2
yanlış	-2
yanlış anlamak	-2
yanğın	-2
yanıqlı	-2
yara	-1
yaradıcı	2
yaradır	-2
yaralı	-2
yararlı	1
yararlılıq	1
yararsız	-2
yararsızlıq	-2
yaraşan	2
yaraşmaq	2
yaraşıqlı	3
yardım	2
yarmaq	-2
yarışmaq	-1
yarışılan	-2
yas	-2
yaslı	-2
yasını tutur	-2
yaxmaq	-2
yaxıngörən	-2
yaxınlıq	2
yaxşı	3
yaxşı deyil	-2
yaxşı diqqət	2
yaxşı lənətləmək	4
yaxşı tacı	3
yaxşılaşdırma	2
yaxşılaşdırır	2
yaxşılıq	2
yayındırma	-2
yayındırmaq	-2
yayınmamalıdır	-1
yazıq	-3
yağışlı	-1
yaşa	5
yaşıl yuyucu	-3
yeees	2
yekəburun	-2
yenilik	1
yenilikçi	2
yenilməz	2
yeniyetmə	-1
yer alıb	-2
yerdə	2
yerini səhv salmaq	-2
yerinə	2
yerinə yetirilməmiş	-2
yerinə yetirir	2
yerinə yetirmək	2
yersiz	-2
yetkin	2
yeyilmiş	-2
yeyinti	-3
yiyəlik	-2
yol	-2
yoluxma	-2
yoluxmuş	-2
yoluxucu	-1
yorucu	-2
yorğun	-2
yorğunluq	-2
yox	-1
yoxsul	-2
yoxsulluq	-1
yubatmaq	-2
yucky	-2
yummy	3
yumor	2
yumoristik	2
yumşaq	1
yuxarı	2
yuxu	1
yuxusuzluq	-2
yöndəmsiz	-2
yük	-2
yüklü	-3
yüksək	2
yüksək dərəcəli	3
yüksək qiymətləndirib	2
yüksək qiymətləndirir	2
yükü altında qalıblar	-2
yüngülləşdirici	2
yüngülxasiyyət	-2
yırtıcı	-2
zalım	-3
zalımcasına	-3
zarafat	2
zarafatlar	2
zealot	-2
zealots	-2
zibil	-2
zibilli	-2
zibillik	-1
zibilliklərin	-1
ziddiyyətli	-2
zikr	-2
zirvələri	2
ziyalı	2
ziyan	-3
zorakı	-3
zorakılıq	-3
zorakılıq bağlı	-3
zorla	-3
zorlamaq	-4
zorluklarla yüzleşmektedir	2
zövq	3
zövq almaq	2
zövqlü	3
zülm	-2
zülmət	-1
zədə	-2
zədələmək	-2
zədələnmiş	-3
zəfər	4
zəhlə tökmək	-2
zəhləsi getmək	-3
zəhlətökən	-2
zəhmli	-3
zəhər	-2
zəhərli	-2
zəhərlər	-2
zəif	-2
zəiflik	-2
zəifləmiş	-2
zəmanət	1
zənci	-5
zəncirləmə qəza	-1
zəngin	2
zərbə	-2
zərbələrə	-2
zərif	2
zərər	-3
zərər verir	-2
zərər çəkmiş	-2
zərərli	-2
zərərlər	-3
Çevrilişçilərdən ikisi	-2
çaba	2
çaldı	-2
çapıq	-2
çatan	1
çatdı	1
çatmaq	1
çatır	1
çatışmazlıq	-2
çatışmazlıqlar	-2
çaxnaşmaya qapıldı	-3
çaşdırmaq	-2
çaşdırır	2
çaşmışa çevirir	3
çaşqın	-2
çempion	2
çevirirsən	-2
çirkin	-2
çirkinlik	-3
çirkli	-2
çirkləndirici	-2
çirkləndiricilərin	-2
çirkləndirmək	-2
çirkləndirməklə	-2
çirkləndirən	-2
çirklənmiş	-2
çirklənmə	-2
çirklənmələrin	-2
çirklənməsi	-2
çirklənməsinə	-2
çökdü	-2
çömçə	3
çürük	-3
çıldırtıcı	-3
çırpmaq	-2
çıxarılması	-3
çıxarılıb	-2
çıxmaq	-1
çıxılmaz	-3
çıxılmaz vəziyyət	-2
çəki artıqlığı	-1
çəkişmələri	1
çətin	-1
çətinliklər	-2
çətinliyi	-2
çətinliyin	-2
çətinləşdirir	-2
çətinləşdirən	-2
öhdəlik	2
öhdəliyini	1
öldürdü	-3
öldürmək	-2
öldürücü	-2
ölmüş	-2
ölmək	-3
ölməz	2
ölü	-3
ölüb	-3
ölüm	-2
ölümcül	-3
öncü	2
önə	-2
öpüş	2
örtbasdır etmək	-3
övgü	2
özünü pis aparmaq	-2
özünüçəkən	-2
özünə güvənən	2
üfunət	-2
üfunətli	-2
ümid	2
ümidini üzə	-3
ümidli	2
ümidlər	2
ümidsiz	-2
ümidsizlik	-2
ürkmüş	-2
ürəkaçan	3
ürəkbulandıran	-3
ürəkdən	3
ürəklilik	2
ürəkverən	2
ürəkyandıran	-3
ürəyisözlü	-2
ürəyisınıq	-2
üstün	2
üstündən su tökmə	-3
üstünlükləri	2
üsullu	2
üsyan	-2
üsyançı	-2
üsyançılar	-2
üzr	-1
üzr istədi	-1
üzr istəmək	-1
İnat	-2
İsa	1
İşin mənfi tərəfi odur	-2
şablon	-2
şad	3
şadyanalıq	3
şah	4
şans	2
şansını	2
şantaj	-3
şantajçılıq	-3
şayiələr	-2
şaşdırmaq	-2
şaşırtmak	-2
şaşırtıcı	3
şedevr	4
şeref	3
şeşə	-2
şiddetli	-2
şiddətlənir	-2
şikayət	-2
şirin	2
şirəli	-1
şiş	-2
şişirdilmiş	-2
şişirdərək	-2
şişirilmiş	-1
şişirtmək	-2
şok	-2
şoklar	-2
şux	3
şöhrət	2
şübhə	-1
şübhəli	-1
şübhəlilər	-1
şübhələnən	-1
şübhələr	-1
şıltaq	1
şıq	2
şəfqət	2
şəfqətli	2
şən	2
şənlik	4
şərəf	2
şərəfli	2
şəxsi	1
Əskikləri	-1
Əziz	2
əclaf	-3
ədalət	2
ədalətli	2
ədalətsiz	-2
ədalətsizlik	-2
ədəbsiz	-2
əfsus	-1
əfv	2
əhatə	1
əhəmiyyət	1
əhəmiyyət verməməsidir	-1
əhəmiyyətli	1
əksetmə	-2
əkssəda oyandıran	-2
əla	3
əlahiddə	-1
əlaqəsiz	-2
əldə	1
əldən düşmüş	-2
əldəqayırma	-2
əlillik	-2
əlləşmək	-3
əlverişli	2
əlverişsiz	-2
əlçatan	1
əlçatmaz	-1
əmanət	2
əməkdar	2
əngəl	-2
əqidəli	1
ərköyün	-2
ərsiz	-1
əsarət altına almaq	-2
əsaslı	1
əskik	-2
əskiklik	-2
əskiltmək	-2
əsl çətinlik	-2
əsəbi	-1
ətiacı	-3
ətraf mühitin dostu	2
ətrafı	-2
ətürpədən	-3
əvvəl	-3
əvvəl mükəmməl	4
əvvəl sevgi	4
əvvəl sevir	4
əvvəl yaxşı	4
əvvəlcədən hiss etmə	1
əxlaqi	2
əyləncə	4
əyləncəli	2
əyləncələrdən	3
əyləndirici	-1
əyləndirmək	3
əzab	-3
əzazil	-2
əzici	-2
əzik	-2
əziyyət	-2
əziyyət çəkir	-2
əziyyətli	-2
əziz	2
əzmək	-1
əzəmətli	3
