Aktîvkirina	-1
Alêksandryê	-2
Ancax,	-2
Arjen Arî	4
Badenoş	2
Bakurê Îrlandê	3
Barak	-2
Bijara me	-2
Birîn	-2
Contender	-1
DYE	1
Da	-2
Dadgehê	-1
Dayîkê	-1
Debonair	2
Dilovan	-1
Diyarname	-2
Downer	-2
Dêrikê	1
Dîvana	-1
Emîna	-2
Erdhej	-2
ErrorUndefined	2
ErrorWithTranslation	3
Euphoric	4
Ev forume hate	-2
Evdên	-2
FDD	-2
Feryada	-2
Fidgety	-2
Fucktard	-4
Gallant	3
Glamourous	3
Goddamn	-3
Grodeau	-2
Guneyê ku	3
Hebûnên	-2
Hedîs	-2
Helêlûya	3
Hewcedarî bi	2
Hurray	5
Hêrsa	-2
JUMPY	-1
Ji mêje	-2
Kateter	-2
Kinderlähmung	-2
Kupaya	2
Kurdîtî	-2
LTTE	-1
Lakiha	3
Lovelies	3
Lênînîst	-2
Meditative	1
Mehkumê	-2
Memoriam	-2
Meqlûbê û	-2
Morsî	-2
Muhamedê	1
Mîxayîl	-3
NZ	-2
Nahêle	-2
Namtar	-2
Omewî	-3
Oney	2
Ouch	-2
Pa	2
Parlemanê	-3
Piştgiriyê	2
Piştgirîyê	1
Poşmaniya	-2
Pîhava,	-2
Pîrozbahî	3
Qaşmîrê	-2
Qelşên	-2
Qubadî	-2
QutkirinComment	-2
Qîrênên	-2
Radiwestîne	2
Revandin	-2
Romney pêkenîn	-2
Rêberê me	-2
Rêşbîn	-2
Sappy	-1
Scumbag	-4
Selfdixapandin	-2
Semayê	2
Svenska 中文	-2
Sûlhê	-2
TOBBê	-3
Taint	-2
Tapû bi bertîlxwarina	-3
Tara,	-2
Tariya	-1
Tengahiyê	-2
Tinaz	-2
Tinazan	-2
Touts	-2
Trênek	-2
Têgihîştina	2
Urdinê	-2
VIZIKEREK	2
Versyonekî	2
Weşaneke	1
Weşanxaneyê	-3
Xadirî	-2
Xiznê	2
Xwekuştina	-2
Yakovlev	-3
YÎK	-2
Yên mêrxas	2
Ziyanên	-2
Zêdetir	-2
aard	-4
abhor	-3
aborts	-1
absentee	-1
absentees	-1
absolves	2
absolving	2
acis	-2
aciz	3
aciz bike	-2
acizbûn	3
acizker	-1
acizkir	-3
acizî	-3
acrimonious	-3
acîl	-1
acîlîyet	-2
admires	3
admiring	3
adoringly	3
advantageously	2
adîl	2
affectionateness	3
aficionados	2
aggravates	-2
aggressiveness	-2
agir	-2
agirê	-2
agog	2
agonises	-3
agonize	-3
agonizes	-3
ahd	1
alarmist	-2
alarmists	-2
alas	-1
alerjîk	-2
aliyêbandora	-2
aliyêbandorên	-2
alozî	-3
alîgirê	1
alîgirên	1
alîkarane	2
alîkariya	2
alîkarî	2
alîkarî dike	2
alîkarîyên	2
alîkirin	1
amade kirin	1
amusements	3
anegorê	2
angarya	-2
angered	-3
angers	-3
anguished	-3
app	-4
appeases	2
aqibet	-2
aqilnegir	-2
aqilsivik	-2
arsehole	-4
ass	-4
assfucking	-4
asteng	-1
asteng kir	-1
astengan	-2
astengan,	-2
astengiyeke	-2
astengiyên	-2
astengkirin	-1
astoundingly	3
astounds	3
asê	-2
asîmlasyonê	-2
attractions	2
attractiveness	2
ava	3
avahî	2
avantajên	2
avenger	-2
avengers	-2
averts	-1
awayekî şefaf	2
awezê	-2
axivit	1
axînek	-2
axû	-2
axûr	-2
azadaxaftin	2
azadî	2
aş	2
aşxaneyên	-2
aşîretî	2
aşîtî	2
baborî	-2
badass	-3
badness	-3
badîhewa	-2
bala	2
balalîdan	-2
balalîdanî	-2
balkêş	3
balkêşane	3
balkêşî	3
balî	2
balûle	-2
balûletî	-3
bamboozle	-2
bamboozled	-2
bamboozles	-2
bandorbûna	3
bangkirina	1
baniya	2
bankster	-3
baqil	1
bar	-2
baranî	-1
barbar	-2
barekî	-2
barekî giran	-2
bargirankirin	-1
barrakirin	1
barêd	-2
bastard	-5
bavêta	-2
bawer	1
baweranîn	1
bawerbar	1
bawerdar	2
bawerî	2
bawerî,	2
baxşandin	1
baza	-3
bazserdanî	-4
baş	3
baş avabûye	2
baş fucking	4
baş ne	-2
başGroomed	2
başbelv	3
başgiraniya	2
başkirin	2
başkirina	2
başproportioned	2
başpêş	2
baştir	2
baştirîn	3
başî	3
be	1
beatific	3
beautify	3
becan	-1
bed	-2
bedel	2
bedenparêzî	1
bedew	3
bedewtirîn	3
bedkaranîn	-2
beecok	-2
bejî	-2
bejîtî	-2
bela	-3
belav bûne	2
belavbûna	-2
belayan	-3
belaş	1
belengaz	-2
belengazî	-2
belv	2
bend	-2
bendemayîna	-2
benefitting	2
berbad	2
berbayî	-2
berbiçavkirin	2
berdaye	-1
berdewam	2
berdiliyê	2
bereave	-2
bereaves	-2
bereaving	-2
bereket	3
bereketkirin	2
bereketên	3
berevanîya	-1
berf	-2
bergirtin	-1
bergirîkirinê	-3
berhemdar e	3
berhev bike	-1
berhevkirî	1
berjewendiyên	1
berjewendî	2
berketane	2
berpirsyar	-2
berpirsîyare	2
berpisîyarî	2
berpê	-2
berpêşî	-1
berterefkirin,	-2
bertîl û	-3
bertîl,	-3
bertîlgir	-3
bertîlgirî	-3
bervedanîn	-1
berxwedanî	2
berçavnegirtin	-1
best damn	4
besît	-2
betal	-1
betal bike	-1
betalkirin	-1
bextewartirîn	3
bextreşiyê	-2
bextê nexweş	-2
bexşandina	1
beytika	-2
bezar	-3
bi aheng	2
bi aramî	2
bi arzanî	2
bi baldarî	2
bi bandor	2
bi berjewend	2
bi berjewendî	2
bi biryarîn,	2
bi coş	3
bi darê zorê	-1
bi dengekî bilind	-2
bi derengî	-1
bi derewan	-2
bi dezavantaj	-2
bi dijwarî	-3
bi dilşewatî	-2
bi erzanî	-1
bi giranî	-1
bi girî	-2
bi hemdê	3
bi hewes	1
bi heybet	2
bi hez	2
bi hovîtî	-3
bi hêrs	-2
bi hêz	2
bi hêz dike	2
bi hêztir	2
bi kerî	-2
bi kêfxweşî	3
bi kêr nayê	-3
bi kêrê	-2
bi kêrî	2
bi kûrbûna	-3
bi lez	2
bi lêz	2
bi mane	-1
bi merdî	2
bi mêranî	2
bi neheqî	-2
bi paş dixîne	-1
bi paş xist	-1
bi qaçaxî	-2
bi qurban	-1
bi qîrîn	-2
bi rihetî	2
bi rêya xwe	1
bi rîya zorê	-2
bi rûmet	2
bi ser neket	-2
bi serdikeve û	3
bi serfirazî	4
bi serkeve	-2
bi sînor	-1
bi sînor dike	-2
bi talûke	-2
bi temamî	3
bi tirs	-2
bi vî tehrî	2
bi wêrekî	2
bi xerabî	-2
bi xurtayî	-2
bi xwe bipejirînin	2
bi xweşbînî	-3
bi xêr hatî	2
bi xîret	1
bi zûtî	-2
bi êş	-3
bi şahî	3
bi şaşwazî û	-2
bi şik	-2
bialiqin	3
bias	-1
biavêje	-2
bibal	2
bibalî	2
bibe egera	-3
bibexşînin	2
bibiryar	2
bibore	-1
bibîhîsin	-1
bicihanîn	2
bicihanînî	2
bicihhatî	2
bicî	2
bicîanînî	1
bidestxistina	4
bigerrin	-2
bigirin	-1
bigûman	2
biha	-2
biheq	2
bihevgirêdan	1
bihinkof	3
bihorîn	1
bihêrs	-1
bihêzkirina	2
bikaranîn	1
bikarnayê	-2
bikartê	2
bikef	3
bikrî	2
bikêrhatîbûna	2
bikêriya	2
bikşîne	-2
bilindtirîn	4
biloka	-1
bilvên	-2
bimane	2
bimbe	-1
bimiraq	2
bindest	-2
bindestî	-2
binerdkirin	-1
bingehkirin	2
binguhêhevketin	-1
bingûhhevketinî	-2
binketî	-2
binkol	-1
binpê dike	-2
binpêkirin û	-2
binpêkirinên	-2
binvekirin	-2
binvîsinin	-2
bipirs	-2
biqehirin	-3
biqîre!	2
birin	2
birine ser	-3
birnixîne	-2
birqanî	4
birqok	3
birrîn	-1
biryar	-2
biryardan	2
birçîman	-2
birçîme	-2
birçîtî	-2
birêvebirî	1
birîn	-1
birîndar	-2
birîndibe	-2
birînkirin	-2
birînên xwe	-2
biser	3
biserîneçûn	-2
bistrî	-2
bisînorkirin	-2
bitterest	-2
bivir	-1
bixêrhatina	2
bixûr	-2
bizdane	-2
bizdiyan	-2
bizewicin	-4
biçêrin	-2
biçûkdîtin	-1
biçûkkirî	-3
biîye	-2
bişarînin	-2
bişik	-1
bişirek	3
bişirî	2
bişirîn	2
bişûndekirin	-1
bişûşta	2
blah	-2
blithe	2
blokên	-1
bondorek	3
borî	-1
borîn	-1
borînî	2
borîxwestin	-1
bothersome	-2
boykot	-2
boykotê	-2
brainwashing	-3
braveness	2
bravura	3
brilliances	3
bullshit	-4
bully	-2
bullying	-2
buoyant	2
buyeran	-2
bê serfirazî	-2
bê çarerserkirin.	-2
bêalî,	2
bêaqil	-1
bêaqilane	-2
bêarmanc	-2
bêbal	1
bêbavane	-3
bêbawer	-1
bêbawer e	-3
bêbername	-2
bêbiryar	-1
bêde	-3
bêdeng	2
bêdudilî	1
bêedebiya	-2
bêerk	-2
bêfêkî	-2
bêgûman	-1
bêhemd	-2
bêheş	-2
bêhne	2
bêhnfire	2
bêhnijiye	-2
bêhntengî	-2
bêhnên	-2
bêhurmetî	-2
bêhêviyê	-3
bêhêvî	-2
bêhêvîtî	-2
bêkar	-1
bêkarhat	-2
bêkarî	-2
bêkêr	-2
bêkêriya	-2
bêkêrîya	-2
bêleke	2
bêmal	-2
bêmalî	-1
bêmane	-2
bênefes	-2
bênirx	-2
bênteng bûyî	-3
bêparkirina	-3
bêpersîyar	-2
bêpîvan	-2
bêqesd	-2
bêqîmet	-2
bêriyê	-2
bêronî	-3
bêrîkirina	1
bêrûmet	-2
bêsazî	-2
bêsebir	-2
bêsûc	2
bêtahmiyê	-2
bêtalih	-2
bêtifaqiyê	-2
bêtirs	2
bêwestan	-1
bêxem	-2
bêxewî	-2
bêzar	-2
bêziravan	-2
bêçalakîtiyê	-2
bêçare	-2
bêşaşî	2
bêşdan	2
bêşdarîya	2
bîj	-5
bînbed	-2
bînkêşanê	-2
bînteng	-2
bîrawer	1
bîrker	-2
bîrîndarî	-3
bûbûm	-2
bûye	-1
bûyerê ecêb	-3
bękes e	-2
būye	-2
cahil û	-2
carefulness	2
carekê di jiyanê de	3
casûsên	-3
cebr	-3
cebrî	-3
cehaletê	2
cehnem	-4
celbî	-2
cenazeyên	-1
centilmeniya	3
cesaret	2
cesûr	2
cewher	3
cewr	-2
ceza	-2
ceza sicnê	-2
cezadanî	-2
cezakirin	-2
cezakirin,	-2
cezayên çendqat	-2
chagrin	-2
chagrined	-2
charmingly	3
charmless	-3
chastises	-3
chastising	-3
cheater	-3
cheaters	-3
cheerless	-2
cheery	3
cherishing	2
chide	-3
chided	-3
cih:	2
cihekî	-1
cihêkarî	-2
cihêtiyê	-2
cinnet	3
cisaretdan	2
cisaretdanî	2
civaké	-2
ciwane	2
classy	3
cocksucker	-5
cocksuckers	-5
cocky	-2
collides	-1
colliding	-1
commits	1
conciliated	2
conciliates	2
conciliating	2
conflictive	-2
consolable	2
contagions	-2
contaminant	-2
contaminants	-2
contaminates	-2
contaminations	-2
contestable	-2
controversially	-2
convinces	1
convivial	2
cool stuff	3
courageousness	2
coverup	-3
coziness	2
crap	-3
crappy	-3
crazier	-2
craziest	-2
crestfallen	-2
criminate	-3
criminated	-3
criminates	-3
crushes	-1
cunt	-5
cutback	-2
cute	2
cî	2
cîhanê	2
cûdakarî	-1
cûreyek	0
dUverişîn	-3
da dest	-3
daborîyê	2
dagirî	-1
dagîrker	-2
damn	-2
damn baş	4
damn cute	3
daniya,	2
danînê,	1
danîya	-1
dar neketin.	-2
dardekirin	-1
daring	2
darizandin	-2
dauntless	2
dawayên	-2
dawerivandî	1
dawetname	-2
dawî de	-1
daxistin	-2
daxwaz	1
daxwaza	-1
daxwazên	-1
dayîn	1
de bereat	2
de bi berferehî	1
de biryarê dide	2
de borîne	-2
de bêyên	-2
de didîtin li	2
de garantî dike	2
de kelegerm	2
de mêxabin	-2
de nehiştiye	3
de pirs ji	-2
de sist	-3
de temam dibe	2
de veşart	-1
de winda dibe	-1
de xençerek	-2
de xirabtir bû	-3
de çewtî	-2
deadening	-2
def	-3
defrauds	-3
deft	2
dehndarê nikarda	-2
dehumanize	-2
dehumanizes	-2
deject	-2
dejecting	-2
dejects	-2
dek	-1
dekkirin	-1
delal	3
delectable	3
delightfully	3
demane	3
demarên	-1
demdirêj	-2
demoralize	-2
demoralizes	-2
deng kirin	-1
dengbilind	-1
dengo hene	-1
denier	-2
deports	-2
derails	-2
derba kûştinê	-3
derbas	-3
derbasbar	-2
derbaskirin	-2
derbasî	-2
derbe	-3
derd	-2
derdura	2
derengxistin	-1
derew kirin	-2
derewîn	-3
derfetên	2
derides	-2
derizandî	-3
dermanê paqijîyê	2
dernayên	-2
derpê	-1
dersbasdibe	-1
dersînorkirin	-2
derxistin	-2
derzên	-3
despairs	-3
despotiya	-2
dest xistin	2
destdirêjî	-3
deste	-1
deste,	1
destketiyên	2
destnîşankirin	2
destpêkirin	1
destûrdan	1
destûrdanî	2
detract	-1
detracted	-1
detracts	-1
dev ji	-2
devjeniyên	-2
devjêberdan	-2
devotional	2
dewamê	-2
dewir	-1
dewlemend	2
dewlemendtir	2
dewlemendî	3
dewruber	3
dewsê	-2
dexs	-1
deyndar	-3
deynin	-2
di cî de	1
di fêlbaziya	1
di girtîgehê de	-2
di jiyanê de	2
di mîtingê de	-2
di piratîkê de	-2
di tura	-2
di vê êrîşê	3
di xuyanga	3
di çerçoveya	-3
dibehecî	-2
dibet	-1
dibijiya	-3
dibişire	2
diceribandin	-2
dick	-4
dickhead	-4
didîtin	-2
difetisand.	-1
digirîn	-2
dihêt:	-4
diire	-2
dijberê	-2
dijmin	-2
dijminatî	-2
dijminên	-2
dijrabû	-2
dikarin bi "t stand	-3
dikenandin	3
diketin	-1
dikeve	-2
dikinê	1
dikir	-2
dikirin	-2
dikê.	-2
dikîn	-3
dilane	3
dilerizim	-2
dilfireh	3
dilfirehkirane	2
dilhebîn	2
dilkişînî	2
dilkûrî	2
dilligence	2
dilmezin	2
dilnerazîbûn	-2
dilnerazîtî	-2
dilnermî	2
dilnexwazî	-3
dilnizm	2
dilnizmî	2
dilopkirin	-1
dilovan	2
dilpak	2
dilpaqij	2
dilperçeker	-3
dilqê	-1
dilrast	2
dilrastî	2
dilsar	-2
dilsoz	1
dilêşî	2
dilşa	2
dilşadiyan	3
dilşahî	2
dilşane	2
dimeşîne,	1
dimije	-2
dinale,	-2
dinêre	3
dinêye	-2
diparêze,	1
dipergîne û	-2
dipeyîvin	2
dipshit	-3
dipê	-2
diravdanî	-1
diravê bertîlê	-3
dire	-3
direful	-3
direve	-3
direve.	-1
direvîne	-2
direş	-2
dirêjkirin	3
dirêjî	-2
disagreeable	-2
disappointments	-2
disapprovals	-2
discards	-1
disconsolate	-2
disconsolation	-2
disguising	-1
disgustful	-3
dislikes	-2
disparage	-2
disparages	-2
disquiet	-2
distinguished	2
ditirsim	-2
ditirsînin	-3
ditirsîya	-2
divarqilim	-2
diwarekî	-1
diweşand,	2
dixana bînxweş	-2
dixapînin	-3
dixelîya	-3
dixeniqe	-2
dixwaze	2
dixwe	2
diyarker	1
diyarî	-2
diz	-2
dizî	-2
dizîn	-2
dizîve	-1
diçii	-1
diçikand	-2
diçû	3
diêşe	-2
diêşîne	-2
dişê	-2
dişêlînin	-3
dişîne,	-2
dodging	-2
dohnkirin	-2
domdar	2
domdariyê	1
donates	2
dont wek	-2
dorberê	-1
dostane	2
dostanî	2
dostî	2
douche	-3
douchebag	-3
downside	-2
doz	-2
dozkirin	-2
dozxwazî	-1
dozê	-2
dreading	-2
droopy	-2
dua	1
dud	-2
dudil	-2
dudilî	-2
dudilî bûn	-1
dudilî ne	-1
dumps	-1
dupe	-2
dupery	-2
durr û	1
durû	-2
dysfunction	-2
dê nûjenîyekê bi xwe	1
dêlik	-5
dêrê	-2
dîk	-5
dîkey	-2
dîl	3
dîn	-2
dînbûnê	-3
dînikî	-3
dînê	-2
dînî	-3
dîsajîyandin	2
dîskrîmînekirina	-2
dîtiban	-1
dîtinî	1
dîyarî	2
dûakirin	1
dûbare	-1
dûdilî	-1
dûrbîn	2
ecstatic	4
ecêb	4
ecêbker	-3
ecîbma	3
edelatê	2
eery	-2
efnabe	-3
efû	2
ehmeq	-3
ekstremîst	-1
elegantly	2
embarrasses	-2
emelxirab	-3
empatîk	2
emîn	1
encamnameya	-1
enchanted	2
endîşedar	-3
enerjîk	2
enfeksiyonan	-2
enirîn	-2
ennui	-2
enrages	-2
enraging	-2
enrapture	3
enthrall	3
envies	-1
erc	1
erdnigarîya	-2
erke	2
erzan	2
erê	2
erêkirî	2
erênî	2
esîl	2
etyka	-2
etîkî	2
euphoria	3
evergreening	-3
evergreens	2
evsene	-2
evîn	3
ewle bûn	2
ewlehî	1
ewlehîya	-2
ewlekarî	1
ewletir	2
ewqasî	-2
ewqasî bi	-2
exasparate	-2
exasperates	-2
exasperating	-2
excruciatingly	-1
exhilarated	3
exhilarates	3
exonerating	2
expertly	2
exultantly	3
eyan	2
eyankirin	2
eyb	-2
ez avêtim	-2
ezabê	-3
ezimanden	1
ezin	-2
ezman	2
fabulously	4
fad	-2
fag	-3
faker	-3
faking	-3
famkirinê	-2
fascinate	3
fascinates	3
fatiguing	-2
favorited	2
favorites	2
favourited	2
faşîst	-2
faşîstên	-2
faşîzan	-2
fearlessness	2
fedakar	2
fedî	-2
fedîkar	-1
fedîkarî	-2
felaketên	-2
felc	-2
felonies	-3
fenî	-1
feqirên	-3
fersend	2
ferz bike	-1
ferz dike	-1
fetisandin	-2
fetisîn	-2
fetisîner	-2
feydeyên	2
fihêt	-3
fikaran	-2
filaket	-2
filakten	-3
findiqa	-3
firehkirin	1
firing	-2
fitneya	-2
flawlessly	2
flop	-2
fraudsters	-4
fraudulence	-4
freak	-2
frikin	-2
frisky	2
ftw	3
fuck	-4
fucker	-4
fuckers	-4
fuckface	-4
fuckhead	-4
fuckin	-4
fucking	-4
fucking amazing	4
fucking bedew	4
fucking bikini	2
fucking cute	4
fucking fantastîk	4
fucking mezin	4
fud	-3
fuked	-4
fuking	-4
funky	2
fêde	2
fêlbazîya	-2
fêmdariyê	2
fêmkor	-2
fîlme	2
fîyasko ye	-3
fıkran	-1
gag	-2
gallantly	3
gameguhertina	3
garantî	1
gazin	-2
gazindan	-2
gazî	-3
gazîgîhandin	-2
gef lê	-2
gefên	-2
gehande	-2
gehiştine	-1
gehêştîye	1
gelek delal	4
gelek rindik	-1
gelekbaşî	3
gemar	-2
gemarkirin	-2
gemarkirî	-2
gemarî	-2
gemmar	-2
gengeşiyê	-2
genial	3
genimê	3
genî	-2
germ	1
germa	2
gewr	-1
geş	3
geşbînîya	2
geşbûnên	-2
geştirîn	2
ghastly	-2
gihîştin	1
gij	2
gilî	-2
gilî bike	-2
gilîdar	-2
gilîkirin	-2
giran	-2
giranbiha	2
giraniya	2
girankirî	-2
girantir	-2
gireva	-1
giring	2
giringî	2
girti	-2
girtin	-2
girtiyên	-2
girtî	-2
girtîgeh	-2
girêda	3
girêze	-3
girêzî	-3
girîbar	-2
girîn	-1
girîng	1
giştane	2
glee	3
glum	-2
goofiness	-2
goofy	-2
gor	-2
gordil	1
gotûbêjeke	-2
gr8	3
grand	3
greenwash	-3
greenwasher	-3
greenwashers	-3
greenwashing	-3
greva birçîbûnê	-2
growths	2
guh	-2
guhnedana	-1
gule	-2
guman	-1
gumanbaran	-1
gundan	-1
gunehbar	-2
gunehbar dike	-2
gunehbarkirin	-1
gunehkar	2
gunehên	-2
gunekar dikuxkuxî	-1
gîhaştin	1
gîhiştî	3
gûhnedanî	-2
gûl	1
gûleberdan	-1
gûman	1
gûneh	-2
gûnehkarî	-3
ha	2
hacked	-1
haha	3
hahaha	3
hahahah	3
halehalên	4
haplessness	-2
harasses	-3
hardier	2
hardy	2
hatana	-2
hater	-3
hatin binçavkirin	-2
hatin birîn	-2
hatine guhartin û	-3
hating	-3
hatiye şîrovekirin	-2
hawar	-2
heartbroken	-3
heavyhearted	-2
heb	1
hebin	1
hebûnî	3
heciz kirin	-2
hehe	2
hejandinê de	-2
hejar dike	-2
helaq bike	-3
heldanên	-2
helmewt	-2
henek	4
henekane	2
henekê xwe	-2
heqaretan	-2
herdemîn	2
herduyan	-2
herikę	-3
heroes	2
hesabî	2
hesibandin	-2
hesibandina	-1
hesreta mal	-2
hestek	3
hesêbê	-2
hetik	-3
heval	1
hevalbend	2
hevbîr	1
hevdûre	-2
hevkar	2
hevketinî	-2
hevkêş	2
hevnegirtî	-1
hevrikî	-3
hevseng	1
hevîşikestinî	-2
hew	2
heye	1
heyecanda	3
heyf	-2
heyfgirtin	-2
heyirî	-2
heyranên	3
heyranî	2
hez	3
hez dike	3
hezkirin	3
hezkirî	2
hezî	1
heçwektîyan	-3
hidûdeke	-2
highlight	2
hijmendiya	2
hijyenîk	-2
hiland,	-2
hilarious	2
hildidan jî	-1
hildiweşe	-2
hilgirtiye	-2
hiltê,	1
hilweşiya	-2
hilweşîn	-2
hilweşîna	-1
hilweşîner e	-2
hilweşîyayî	-2
himbêzkirin	1
himbêzkirinî	2
hin kind	0
hingiya	-2
his	3
hisret	-1
hizkirin	2
hişk	-1
hiştibû,	-2
hiştin	-2
hişyar	-1
hişyar dike	-2
hişyar kir	-2
hişyare	3
hişyariyan	-3
hoax	-2
holeke terkkirî	-2
homicides	-2
hooligan	-2
hooliganism	-2
hoste	2
hosteya	2
hosteyekî	4
hov	2
hovane	-3
huckster	-2
humbug	-2
humourous	2
hurmet ji	2
hysterics	-3
hêja	2
hêrs	-2
hêrs bike	-2
hêrs bûn	-2
hêrsandin	-2
hêrsane	-2
hêrsbû	-2
hêrsbûyî,	-2
hêrshat	-3
hêsir	-2
hêviyên	2
hêvî	2
hêvîdarîn	2
hêvîmezin	2
hêvîyane	2
hêza kişînê	2
hêzkirin	2
hîletê	-3
hîmê	-2
hîndibin	-2
hîseyên	1
hûkûm	-1
hûnerên	2
hûrhûr bike	-1
hûrhûrî	-2
hûrmik	-2
icky	-3
ilsamîstan	-2
imbecile	-3
impeachments	-3
impedingly	-2
imposter	-2
impresses	3
incapacitates	-2
incensing	-2
indoctrinates	-2
indoctrinating	-2
inediable	-2
ineffectively	-2
inefficiently	-2
infantilized	-2
infatuation	2
infesting	-2
infests	-2
infract	-2
infracted	-2
infracting	-2
infracts	-2
infuriates	-2
infuriating	-2
inoperative	-2
inspirational	2
interrupting	-2
intimidates	-2
intransigency	-2
irate	-3
irreproducible	-2
irresistible	2
irresolute	-2
iğrenç	-3
işkence dike	-4
jackass	-4
jackasses	-4
jahr	-2
jehirkirî	-3
jehra xwe	-2
jehrî	-2
jerk	-3
jesus	1
ji Gohmert	-2
ji bihaya	1
ji birçîna	-2
ji bîr	-1
ji bîr kir	-1
ji dil	2
ji hev	-2
ji kerema xwe ve	1
ji lêker	-2
ji merivbûnê	-2
ji navika	-3
ji piçûkaniya xwe	2
ji rê derxe	-3
ji tirsa	-2
jiberderketinî	3
jiberhevketin	-2
jibo	-2
jibîrkirin	-1
jicihkirin	-1
jicîkirin	-2
jicîkirinî	-2
jidil	2
jihalketî	-2
jihevdexistin,	-1
jihevfêmkirin	2
jinavderxistin	-1
jinavderxistî	-1
jinavçûyî de	-2
jiqîmetketî	-2
jirêûresmê	-2
jiseravê	-2
jocular	2
jokes	2
jolly	2
jovial	2
joyless	-2
jêderxistî	-1
jî bernedana	-2
jî bi çavnebariyê	-1
jî dibore	2
jî mijul	1
jî wisan	-2
jînde	1
jîngehadost	2
jîr	2
jîrane	2
jîrî	2
jîrîya	1
jîyanî	2
kafir	-2
kafiran	-2
kalsîk	2
kalîteyên	2
kambax	-2
kandîdê	2
kapasîte	1
karberdan	-1
karkeran,	-2
karnezanî	-2
karxerabî	-2
karîzmaya	2
kaça	2
kaş dike	-1
kaş kirin	-1
ked	-2
kedxwarîya	-2
ken	1
kenn	2
kenê	1
kenîya	1
kenîştê	1
kerb lê	-4
kerem	4
kerestên	-1
kerta	-2
kes nikare li	-3
ketime,	-1
ketî	-2
kevn	-1
kezebşewutî	-2
keçika ku	2
keşfên	1
kickback	-3
kills	-3
kinder	2
kiribû	-2
kirin	2
kirrîn û	2
kirrîna firsendî	2
kiryar	-2
kirêgiran	-1
kirêkeran	-2
kirêt	-2
kirêtî	-3
kişîn	-2
klîşeya	-2
kole	-2
kolekirin	-2
koletiyê	-3
kolîn	-2
komelkuj	1
kompeyvên	-2
kompîtor jî	2
komîk	-2
kone	-2
kor	-1
koreyî	-3
koçberkirin	-1
koçberkirinî	-1
ku bêhna	-2
ku derewkar in	-3
ku difire,	-2
ku heq dike	2
ku hilma	5
ku nalînên	-2
ku nayin	-2
ku tavek	-1
ku temînatê	2
ku çakêtekî	-2
ku îlhama xwe	2
ku şîn digirtin	-2
kudos	3
kujer	-3
kujyar	-2
kulmê	-2
kurk	-2
kurkirinê	-2
kurtdûrbîn,	-2
kurtçibûna	-2
kurê ji a bitch	-5
kuxînê	-2
kuştin	-2
kuştinan de	-3
kuştî,	-3
kêf	3
kêfhatinî	2
kêfkirin	4
kêfxweş	3
kêfxweş dike	2
kêfxweşker	2
kêfî	4
kêm dibîne	-1
kêmasiyên	-2
kêmasî	-2
kêmkir	-2
kêmkirin	-2
kêmkirina	-1
kêmkirinî	-2
kêmî	-2
kêrhatî	2
kêşî	-1
kîna	-3
kînê	-2
kîs û li	-2
kûl	-2
kûşte	-3
kûştin	-2
kûştinî	-2
lag	-1
lagged	-2
laughting	1
lawazkirin	-2
lawl	3
layîqî	-2
laş	-1
le mêjîney	2
leberketinî	-3
ledan	-1
lenet lê kirî	-4
lerizîn	-2
lerzdar	-2
lethality	-2
lewitandin	-2
lhevderketî	3
li dijî	-1
li ezmanan	4
li hember	-2
li meha	2
li pêş me	-4
li rexmin	-2
li tenişt	2
liberket	-3
liberrabûnî	-2
libt	2
lidijî	-2
lifesaver	4
lighthearted	1
lihevderketin	1
lihevderneketin	-2
lihevhati	1
lihevhatin	1
lihevkirinî	2
lihevnehat	-2
lihevnekirin	1
likeable	2
likers	2
likes	2
limêjkirin	3
linavketinî	2
liserhev	1
liserxwe	2
litigious	-2
livok	-2
livîna	-2
livûtevgerên	-2
lmao	4
lmfao	4
lobbyist	-2
lobîyeke	-2
lobîyên	-2
lolol	4
lololol	4
lolololol	4
lome	-2
lome ji	-2
lool	3
loool	3
looool	3
lousy	-2
love fucking	4
loves fucking	4
lovingqencî	3
lowest	-1
lugubrious	-2
luks	2
lunatic	-3
lêborîn	1
lêborîna xwe dixwaze	-1
lêborînê	-1
lêdan	-1
lêkolîn	1
lênakev	1
lênayê	-2
lênegirtin	-2
lênivîskê	3
lêpirsînê de	-1
lêtê	2
lêzêdekirin	-2
lêşaşman	3
lîkîdîte,	-1
lîstikî	2
lûtik	2
macabre	-2
maddening	-3
mafdar	2
mafî	2
mailek	-2
maladaption	-2
mandilakirin,	-2
mane	1
manegiran	1
mani	-2
manibûn	-2
manî	-2
manîpulekirin	-1
maqûl	2
mayende	-1
mayî	5
maç	2
mecbûr	1
mehkûm	-2
mehkûmkirin	-2
melheze	-2
menaced	-2
menaces	-2
mene,	-2
meraq	-2
meraqkirî	-2
merasîmê	-2
merd e	2
merem	-2
merîya	-2
metel	-2
methodically	2
metodên	2
mexdûr	-3
mexdûriyetê	-3
mexdûrên	-3
meydanxwazî	-1
mezin	3
mezin dibe	1
mezinkirin	-2
mezintir	3
mezîna	3
mijarê de	1
mijûl	-2
mijűlî	2
mindless	-2
mir	-3
miraqker	1
mirar	-2
mirarî	-3
mirin	2
mirinê	-3
mirovan	2
mirthful	3
mirthfully	3
mirî	-3
mirîne	-2
misbehave	-2
misbehaved	-2
misbehaves	-2
misbranding	-3
miscast	-2
misclassified	-2
misclassifies	-2
misclassify	-2
misconducted	-2
misconducts	-2
misfire	-2
misleaded	-3
misplaces	-2
misplacing	-2
mispricing	-3
misreport	-2
misreported	-2
misreporting	-2
misreports	-2
misrepresentation	-2
misrepresenting	-2
misrepresents	-2
misunderstands	-2
misuses	-2
mitmaneyan	2
mixabanî	-2
mixabiniya	-3
mizdan	1
moaned	-2
modernizes	2
modernîzekirî	2
modernîzmê de	2
monopolizes	-2
moody	-1
mope	-1
moping	-1
mora xwe	3
moralek	3
motherfucker	-5
motherfucking	-5
motîvasyona	2
muhakemeya	2
muhlet	1
mukir hat	-1
mumpish	-2
muzîkek	3
muzîsyen	2
mêrkuj	-2
mêrkûjî	-3
mêtin	-3
mînaka	-2
mûbalaxa	-2
mûcîze	4
mûxalefetek	2
n	1
n00b	-2
na	-1
nabe	-3
nabîne	-2
nafikire	-2
nagera	-2
nahêle ku	-1
nahêt	1
nakokiyeke	-1
nakokiyên di	-2
naliya	-2
nalînê,	-2
nalînî	-2
namûs	2
nankor	-3
naqok	-2
narsîsîzm	-2
narîne	2
narînî	1
nashatî	2
nasî	2
nav xwe de bihelînin	1
navbed	-2
navderketina evînî	2
navhev	-2
navketî	1
navvala	-1
navûdengî	1
naxebite	-3
naxoş	-2
nayebawer	-1
nayekêş	-2
nayê destekirin	-2
nayê qebûlkirin	-2
nazik	2
ne bicî	-2
ne ewle	-2
neadaletî	-2
nebawer	-2
nebawerî	-3
nebaîştirîn	-3
nebaş	-2
nebaşkaranî	-3
nebaşî	-2
nebes	-2
nebextîyar	-2
nebijartin	1
nebiryardar	-2
nebixêr	3
nebor	-2
nedibû	1
nedilxwaz	-2
nedirust	-2
nedîtana	-1
neemîn	-1
neerzan	-2
nefret	-3
nefret dike, ji	-3
nefreta	-3
negatîf	-2
neheq	-2
nehêja,	-2
nehêne	-2
nejîr	-1
nekarhatî	-2
nekêşî	-2
nelicih pêşkêş	-2
nema	-1
nemir	2
nemirovî	-2
nenasîn	-2
nepixî	-1
neqand	-1
neqanûnî	-3
neqbûl	-2
neqeliqî,	-2
nerast	-2
nerast e	-1
nerastiyên	-2
nerazî	-2
nerazî ne	-2
nerazîbûneke	-3
nerehet	-2
nerehetkirin	-2
nerehetkirinî	-3
nerehetî	-2
nerind	-3
nerrîngûherrîç nerrînferqî	-2
nerêkî	-3
nerînę	-3
nesax	-2
netemam	-1
netirs	2
netêgiştî	-2
newekhev	-1
nexapîne.	-3
nexwendinê	-2
nexwestî	-2
nexweş	-2
nexweşiyên	-1
nexweşrênadin	-2
nexweşî	-1
nexweşîvegirtina	-2
neyar	-1
nezan	-2
nezanî	-2
nezelal	-1
neçalakirin	-1
neçare	-3
neşkê	-2
nifir	-1
nifirkirin	-2
nifret	-3
nifty	2
niggas	-5
nihoyî	2
nijdî	3
nikarin	-2
niqirandin	-2
niqirandî	2
nirxandin û	2
nizim dike	2
nonerêkirin	-2
noob	-2
nêrîn	-2
nîjadperest	-3
nîjadperestî	-3
nîqaşên	-2
nû	2
nûkirin	1
nûkirina	1
nûkirinî	1
nûtirîn	2
nûvdekirin	1
nęzîkbűna	2
obje	-2
obliterate	-2
obnoxious	-3
offensively	-2
offline	-1
oks	2
ometa	2
oops	-2
optionless	-2
ostracize	-2
ostracizes	-2
outmaneuvered	-2
overprotective	-2
overreacts	-2
oversell	-2
overselling	-2
oversells	-2
oversimplification	-2
oversimplifies	-2
oversold	-2
overstatement	-2
overstatements	-2
overwrought	-3
oxilme kirin	2
oxymoron	-1
paarastin	-1
pak	2
palehiyê	-1
panics	-3
par	1
parastin	1
parve	2
parvekirin	1
parçekirina	-2
parêzvanê	2
parêzvanên	2
pasîf	-1
payin	-1
payinî	1
paşketîtirîn	-2
paşnawê	-2
paşta	-2
paşveavêt	-2
paşvexistina	-1
pehî	-2
pejirandin	2
pelixandin	-2
pelqazê	-2
pelçiqandin	-2
penalizing	-2
peq	-2
pereyên ji	-1
perfect fucking	4
perizîn	3
perspektîvên	1
perturbed	-2
perwane	3
pesendkirî	2
pesin	2
pesn	3
pesnê	3
pesnêxwedanî	-2
pev diçinin	-2
pevçûnên	-2
peşvazîkirin.	-2
philanthropy	2
pileup	-1
pique	-2
piqued	-2
pir ken	3
pirdelal	4
pirr	1
pirrbidilî	3
pirsa mûnaqaşê	-2
pirsegirêk	-2
pirsgirêkên	-2
pirsên	1
pirsî:	-1
pirsîn	-1
pirxweş	4
piss	-4
pişgirî	1
pişkîn	-2
pişkîna	-2
pişta	1
piştgiriya	2
piştgiriyê	2
piştgirtin	2
piştgirî	2
piştguh bike	-1
piştî	-2
pleasurable	3
plz	-3
polished	2
pollutant	-2
polluter	-2
polluters	-2
ponijînê	1
populerbûna	3
porkirin	-2
posttravmatîk	-2
pozbilind	-2
pozpelbd	-2
pozîtîf	2
poşman bûn	-2
poşîman	-2
prblm	-2
prblms	-2
profiteer	-2
propaxanda	-2
prosecutes	-1
protestokirin	-2
protestoyên	-2
protokolê	-1
psychopathic	-2
pussy	-4
pêgirî	-2
pêkeniya	-2
pêkenokê	1
pêkenî	1
pêkutiyên	-2
pêla	-2
pênceşemê	2
pêrakirin	2
pêredîtin	1
pêrehis	2
pêrehiskir	2
pêskêsî	2
pêvedan	-5
pêvgirêda	3
pêvgirêdayî	3
pêçandin	-2
pêş	1
pêşdaraz	-2
pêşgirtin	-2
pêşgirtinî	-2
pêşkeş	2
pêşniyar dike	2
pêşniyar dikin	2
pêşniyarkirin	2
pêşnîyarbar	1
pêşnîyarkirin	2
pêşvebirina	1
pêşverûtî	2
pêşveçû	1
pêşwazî	2
pîroz Dike	2
pîrozbahî	3
pîrozbahî ji bo	2
pîrozbahîyê	2
pîrozkirin	2
pîrozî	2
pîsatî	-3
pîskolojîk	-2
pîsîyê bike	-3
pûç	-1
pûç dike	-2
pęşî	-1
qabilî şertgirtinê	2
qalibgirtî	-2
qamçiyan	-3
qanihkirin	1
qansêr	-1
qanûnî	1
qawet	2
qaweta çavdîtinê	1
qayilî	2
qaçaxçîtiya	-2
qaçaxî	-3
qaşo	-2
qebulkirin	2
qebûl	1
qebûl dike	1
qebûl dikin	1
qebûla	-1
qebûlkirin	1
qedexe	-2
qedexe dike	-1
qedexe kirin	-2
qedexekirin	-1
qedexekirî	-2
qedir	2
qedya	-2
qeherandin	-2
qehirandin wê	-2
qehirîn	3
qehpik	-4
qehpê	-5
qehreman	2
qehremanî	3
qehîmtir	2
qelew	-1
qeliqî	-3
qelp	-1
qelpezane	-3
qelpezanî	-3
qels	-2
qelsiyên	-2
qelsî	-2
qencîxwaz	2
qencîyên	2
qerebalixa	-2
qetilkirina	-3
qetlîamę	-3
qetî	1
qewilên	5
qewitandin	-2
qewitandinî	-1
qewî	2
qewîn bike	-1
qeza	-2
qezayên	-2
qezenc	2
qezenckirina	2
qezençkirina	2
qeşeng	3
qirêj	-2
qirêjkirin	-2
qirêjtir	-2
qirêjî	-2
qismet	3
qomûtan	-2
qube û	3
qurbanîbûna	-3
qurnaz	2
qusandinê	-2
qutbûnên	-2
qîmetê	-2
qîmetî	2
qîrîn	-2
qûl	-1
qûrban	-2
qût	-2
rabikin	-2
rabûne û	-2
radighîne	-2
rageful	-2
ragir	-3
ragîhand	2
rakirin nexweşxaneyê	-2
ranebûye	1
rant	-3
ranter	-3
ranters	-3
rants	-3
rapir	-2
raseriya	2
rast	2
rastdar	2
rastdariyê	2
rastî	-1
rawesta	-2
rawestan	-1
rawestandin	-1
rawestgehan	-1
razî	2
razîbûn	2
razîkirin û têrkirina	2
re mijûl	1
re tare	-5
rebeniya	-3
red	-1
red dike	-1
red dikin	-1
refreshingly	2
refz	-2
refzkirin	-1
regretting	-2
rehet	2
rehet dike	2
rehetbûna	3
rehetiya	2
rehetkirin	1
rehetî	2
rehok	-2
reprimanding	-2
restore	1
retard	-2
rev	-1
revandin	-2
revandinan	-2
revandinî	-2
revê de	-1
revî	2
rewantir	2
reweşenbîr	2
rewþên	3
rewş	1
rewşê û	-2
rexne	-2
rexne kirin	-2
rexne li	-1
rexnegirekî	-2
rexnegirên	-2
rexnekirin	-2
rexnekirinê re	-2
rezerva	-1
reş	-2
reşbîn	-2
reşderbaskirin	-2
rhetker	2
ricifên	-2
rijid	-2
rind	1
rindiya	3
riswa	-2
riswa kirin	-2
riswane	-2
rixe	-3
rizgar	2
rizgar dike	2
rizgarkirin	2
rizgarî	2
robing	-2
robs	-2
rofl	4
roflcopter	4
roflmao	4
roj baş	1
rojanekirin	2
roman	2
romantical	2
romantically	2
ronahîkirin,	2
ronî	1
ronîkirin.	2
ronîkirina	2
rotfl	4
rotflmfao	4
rotflol	4
runin	-2
rªka	-2
rê li	-1
rêbir	-2
rêderketî	-2
rêgir	-2
rêjeyan	-2
rêtorîka	-2
rêtî	-2
rêvîwane	2
rêzgirtin	2
rîsipîti	1
rîskên	-2
rîyeke	-2
rûb	-1
rûh	-1
rûhnexweş	-2
rûhnexweşî	-2
rûmet	2
rûmeta	2
rûmetar	2
rûmetdan	2
rûmetdanî	2
rûnanê	-2
rûtarî	-2
rûxandin	-3
rűreţ	-3
sUavê	-2
sadden	-2
saf	-2
safî	1
safîkirin	1
sahî	-2
salek	2
salîya	2
sansorvan	-2
sansûr	-2
satorên	-2
savange	-2
savanges	-2
sax	2
sax filitî	2
saxlem	2
saxlem dike	2
saxma	2
sazbûyî	-1
scam	-2
scams	-2
seamless	2
sedema	-2
sedeqe	2
sekinandin	2
sekinandin û	-1
sekinandina	-2
sekindayin	-2
selfabuse	-2
selfdijber	-2
selfpiştrast	2
seqetiyên	-2
seqetî	-2
serberedayî û	-2
serbilind	2
serbixwe	-3
sereke	2
serene	2
serfiraz	3
sergirtin	-1
sergêj	-2
sergêjane	-1
serhev	2
serhildanên	-2
serhildayên	-2
serhişkiya	-2
serhişkî	-2
serkeftin	4
serkeftinek	4
serkeftinê de	4
serkeftinên	3
serkeftî	3
serketin	3
serketinî	2
serketî	4
serkêşên	-2
sermaye	2
serobin	-2
serobinî	-2
serpêhatiyên	2
serpêhatî	2
serpêhatîyekê	2
serrastkirin	2
serrastkirinî	2
servahatî	3
serxweş	-2
serxweşiyên	3
serê	-2
serêş	-2
serî hildan	-1
serûbinî hev	-2
sewdaserî	2
sexistic	-2
sext	-3
sextekarî	-4
sextekarîya	-3
sexy	3
seyr	-1
shit	-4
shithead	-4
shitty	-3
shoody	-2
sifreyê,	2
sihrane	3
sihêr	3
silav	2
silav li	2
silav û	2
silavan	2
silavdan	1
silavê li	-2
silly	-1
singleminded	-2
sipasdar	3
sipaskirin	2
sivik	1
sivikkirin	2
sivikî	2
siya	-3
skandal	-3
skandalên	-3
slam	-2
slash	-2
sleigh	-2
slick	2
slicker	2
slickest	2
slumping	-1
slut	-5
smarter	2
smlouva	-3
smuggles	-2
snubbing	-2
snubs	-2
sofîstîke	2
sonda derewîn	-3
sor	-1
sorkirin	1
sorkirinî	1
sorkirî	2
soz	1
sozda	-2
sozên	1
spam	-2
sparkle	3
sparkles	3
spartin,	2
spas	2
spekulasyonê	-2
squander	-2
squelched	-1
statuyekê	-3
stewr	2
stingy	-2
stinked	-2
stinky	-2
stressor	-2
stricken	-2
suave	2
submarine	-4
suc	-2
sues	-2
sufferer	-2
sulking	-2
sulky	-2
superb	5
surgûnê	1
swindles	-3
swindling	-3
sîlanan	3
sîno	-1
sînorkirin	-2
sînorên	-1
sûc	-2
sûcdar	-3
sûcdar kirin	-2
sûcdar tê	-4
sûcdarên	-3
sûcên	-2
sûcî bike	-2
tacizî	-3
tacîz dikin	-3
tahdîdeke	-1
tahrîkkirina	-1
tahrşî	3
tal	-2
talana	-2
talanker	-2
talankirina	-2
talanê	-2
talûkane	-3
talûke	-2
talûkeke	-2
talûkeyî	-2
talûkê de	-2
tamxweş	3
tard	-2
tarloqkirin	-1
tarnish	-2
tarnishes	-2
tarîtî	-1
tawanbarekî	-2
taxê	2
taştîyê	2
te fesadî tê	-1
tecawizê	-4
tehcîra	-2
tehde û	-2
tehdê	-2
tehdît dike	-2
tehrîb dibin	-3
tekez kir	-2
temam	2
temamê	-2
temînat	1
temînateke	2
tengahiyan de	-2
tengahiyê	-2
tengahî	-2
tengiyê.	-2
tengkirin	-2
tengkirinî	-2
tenik	2
tenê	-2
tenê dihêle	-2
teqlîd dike	-1
terfî	1
terikandin	-1
teror	-3
terorkirin	-3
terorîst	-2
terorîstan	-2
terrifically	4
terrorizes	-3
terxan kirin	3
terzeke	-2
tesadûf	2
tesadûfî	-2
tesirek	-2
tesirpir	2
tesîrane	2
tevdanî	-1
tevketî	-2
tevlihev	2
tevliheviyê	-2
tevlîhev	-2
tevn	3
tevrevî	-3
tewanbarkirina	-2
tewqîf	-2
tewzî	-2
teze	1
teşhîr dike	-2
teşwîq bike	2
teşwîq dike	2
timorous	-2
tinazên xwe	-2
tinazî	-1
tirajedî	-2
tiral	-2
tirkayetîya ku	-1
tirs	-2
tirsandin	-2
tirsandinê,	-2
tirsandî	-3
tirsane	-2
tirsavêtin	-2
tirsavêtinî	-2
tirsehêz	-2
tirsgiran	-3
tirsnak	-2
tirsonek	-2
tits	-2
tiving	-1
tiştan	2
toothless	-2
topan	-1
tops	2
torn	-2
totalîter	-2
touting	-2
tozek	-1
trajediyên	-2
trajîk	-2
tranquil	2
transgresses	-2
travmatîk	-3
travmayê û	-3
treasonous	-3
troll	-2
tu fun	-3
tundrewên	-2
tundrê	-2
tundtirîn	2
twat	-5
tyran	-3
tyrannic	-3
tyrannically	-3
tyrans	-3
tê maneya	2
tê pîrozkirin	3
tê xwestin	2
têdikoşin	-2
têdît	2
têgihîşt	1
têhezkir	3
têk	-2
têknare	2
têkoşerê	2
têkoşîn	-2
têkoşînên	-2
têkçûnî	-2
têr	2
têrekirin	-2
tîranî	-3
tîrêja tavê	2
tîrêş	-1
tûjkirin	3
tûndûtûjiyê	-2
tûnebûnî	-2
ucret	2
ugh	-2
unappreciated	-2
unapproved	-2
unavailable	-1
unavailing	-2
uncredited	-1
undercooked	-2
underperform	-2
underperformed	-2
underperforming	-2
underperforms	-2
uneventful	-2
unfitted	-2
unfunny	-2
ungenerous	-2
unimaginative	-2
uninvolving	-2
unlovable	-2
unmotivated	-2
unoriginal	-2
unparliamentary	-2
unreleting	-2
unresearched	-2
unscientific	-2
untarnished	2
uplifting	2
uptight	-2
vala	-1
valahiyeke	-1
valakirin	-1
validates	1
vazîfa	1
vederkirin	-2
vedikişîne	-1
vediqetandin	-2
vedîtin	-2
veguhastin	2
vekişîna	-3
venedişart.	-2
veqetandî	-2
vereşe	-3
vereşîn	-3
verişîn	-3
vexing	-2
vexwana	-3
veşartin	-1
veşartine,	-1
victimizes	-3
victimizing	-3
vile	-3
virulent	-2
visioning	1
vitriolic	-3
vê riyê	2
vên xwe	-3
vêxin	-2
vîze	1
vîzyona	3
waheya	3
wahîy	-2
walkouts	-2
wan tengahî	-3
wanker	-3
wargehên	1
warmhearted	2
warî de mafê	3
watezanist	-2
waşand	-2
wehşîyane	-3
wenda	-1
wendabûn	-1
wendahiyên	-3
werand	-2
weribîn	-2
werê	-2
westiya,	-2
westiyayî	-2
westya	-2
westînî	-2
whitewash	-3
winda	-3
windabû	-3
windahiyên	-3
windaker	-3
winwin	3
wits	2
won	3
woo	3
woohoo	3
wooo	4
woow	4
wow	4
wowow	4
wowww	4
wrenching	-2
wtf	-4
wtff	-4
wtfff	-4
wê hindê	-2
wêne	2
wêran	-2
wêranbûn	-2
wêranker	-2
wêrankirin	-3
wêrankirinî	-2
wêranxane	-2
wêranî	-2
wêrek	3
wêtamîn	1
xapandim	-1
xapandin	-2
xapandin,	-3
xapandinê	-3
xaromaro dikin	-2
xav	-1
xayîntîya	-3
xeberdan	-2
xefika xwe,	-1
xeftanê	-2
xela	-2
xelat	3
xelat kirin	2
xelatkirin	3
xelefê	3
xelekeke	-1
xem	2
xemgîn	-2
xemgînbûna xwe	-3
xemgîniyên	-2
xemsarîyê	-3
xemên	-3
xeniqandin	-2
xeniqî	-2
xera bikin,	-3
xerab	-3
xerabtir	-2
xerabî	-2
xerabûyî	-3
xerakirin	-2
xeramet	-2
xerapker	-2
xerîb	-1
xerîbbûyî	-2
xetere	-2
xeterîyê	-2
xetimandin	-2
xetimandinî	-2
xewn	1
xewnên	1
xeyalpirr	2
xeyidî	-2
xeyîdandin	-2
xeyîdê	-2
xezîne	2
xilas	2
xilasbûnê	-2
xiloxarî	-2
xira dibin	-2
xirab	-1
xirabbûna	-2
xirabe	-3
xirabkirin	-2
xirabtir	-2
xiraptir	-2
xiraptir dibe	-2
xirîn	-2
xist	-1
xisûsê de	-2
xitimandinê	-2
xiyanetê bi me re	-3
xizan	-2
xo	3
xocê	4
xof	-2
xofane	4
xopankirin	-2
xoxo	3
xoxoxo	4
xoxoxoxo	4
xulam	-3
xurtir bike	2
xurtkirina	2
xuyan,	-2
xwe bişûndekişandin	-1
xwe digihîne	1
xwe mikur tê	-1
xwe vedizîn	-2
xwe îstîfa dike	-1
xwedaniyê	-2
xwedê	1
xwefiroşan	-2
xwehez	-3
xweji me	-2
xwekujî	-2
xwekûştinî	-2
xwenebawer	-2
xweparêz	2
xweperest	-2
xwepişanî	-1
xwepêşanderên	-2
xweqayil	-2
xwerezarokgirtin	1
xwesepandin	-1
xwest	1
xwestanî	2
xwestebilind	-1
xwestek	1
xwestin	1
xwezî	1
xweş	3
xweşik	3
xweşikiyên	3
xwirak	-2
xwêrvekişandin	-1
xwînsar	1
xêrxwaz	2
xêrxwazî	3
xîret	2
xîret û	2
xîretkêş	-2
xîretwar	2
xîyanet	-3
xîyanetkirin	-3
xûkxwazî	-3
xûlam	-3
xûlîkirin	-2
xûnî	-3
xûrdekirinî	-1
xûriste	1
yeah	1
yeees	2
yekalî	-2
yekbû	1
yekemxweş	3
yekgirtî	1
yekser piştî	-2
yekê	-3
yekêda	3
yekîneyên	-3
yummy	3
yên şêlo	1
zana	2
zane	1
zanebunê	1
zanyarî	1
zarokane	-2
zarrên xwe	-2
zealot	-2
zelal	1
zelalî	2
zem	1
zerar	-2
zerarê	-2
zerűrî	1
zexmkirinî	1
zextkirin.	-2
zextê yên	-2
zibil	-1
zibilxanê	-1
zilm û	-2
zilma	-3
zindîkirina	1
zindîtiya	3
zirar	-2
zirarane	-2
zirarên	-3
ziravtir	1
zivêr	-2
ziyan	-3
ziyandar	-2
zora	-2
zorakan	-2
zordest	-2
zorlêkirina	-2
zulmkar	-2
zêdebûnî	2
zêdehiya	4
zêdekirin	1
zêdetir	1
zêdey	-1
zêr	2
zîpik	2
zûajotinî	-3
zûbawer	-2
Çiyayê Cûdî	-3
Êrîş	-2
Îtaliyên	-2
ça	-2
çandibû.	-1
çap	-1
çapgir e	-3
çare	1
çareseriyê	1
çareseriyên	1
çareserkirin	2
çareserkirina	2
çavgirtî	-2
çavteng	-2
çavtengî	-3
çavtirsandin	-2
çawa	2
çeleng	3
çelengî	3
çembera	1
çepaldayî	-2
çepik	2
çepikan	2
çepiklêdan	2
çepikê	2
çermê	-1
çewt	-2
çibim	-2
çirûsk	1
çopa	-2
çoş	3
çê	-2
çêbû	2
çêkera	-2
çêwe	2
çîrok	-1
êcêb	4
êriş	-1
êrişbazî	-2
êrîş	-2
êrîşkaran	-3
êrîşên	-1
êrîşî	-1
êrşişbaz	-2
êvariya direng	-2
êş	-2
êşa	-2
êşandin	-2
êşbar	-2
êşda	-2
êşkişîn	-2
îcbar dike ku ew	1
îdam dike	1
îddîa	-2
îdîayên	-2
îflas	-3
îflasî	-1
îhmal kirin	-2
îhtimal	-2
îlham	2
îlhamdar	2
îltîfatên	2
îmtiyaz	2
înada	-2
înkar bike	-2
înkar dike	-2
înkar kir	-2
înkarkirin	-2
înkarî	-2
îqtîdarê	-2
îstîfa dike	-1
îstîfa kir	-1
îstîfade dike	2
îtibara	-2
îtîbar	2
îxanet	-3
îxbarkirin	-2
îzole	-1
îşkence	-4
îşkenceyên	-4
û baştir dibe	2
û behremên wî	2
û bela	-2
û cezekirinê	-2
û dorveneger kirin	-1
û dîn	-2
û endîþeyê	-2
û kenê	1
û keserên	3
û spamgeran	-3
û tunekirinê yê	-3
û zordestiyên	-2
û çûyîne,	-1
û şermezar dike	-2
ûhwd	1
ûjdanê xwe	2
þaîir	-3
þerkirin	-2
Şahidek	2
Şahîkaya	4
şa	4
şabaş	2
şabaşî	2
şadkirina	1
şaheser	4
şahiyê de	2
şahî	3
şansên	2
şantaj	-3
şapatê	-1
şayî	3
şaş	3
şaşbûnên	-2
şaşhişt	-2
şaşhiştin	-2
şaşhiştinî	-2
şaşkir	-2
şaşkirin	3
şaşkirinî	-3
şaşman	2
şaşmanî	-3
şaşrêkir	-3
şaştêgihîşten	-2
şaştêhihîştî	-2
şaşî	-2
şaşîtiyan	-2
şaşîyane	-3
şaşîyên	-2
şehabedîn	3
şeqitandin	-3
şer	-1
şerm	-2
şermda	-2
şermezar	-2
şermezar kir	-2
şermezarketin	-2
şermezarkirin	-2
şermokî	-2
şermê	-2
şermî	-2
şerpeze	-2
şerr	-2
şerrên	-1
şerên	-1
şev	1
şevên	-2
şewqa	3
şiNandina	-2
şik	-1
şika	-1
şikandin	-2
şikesta	-3
şikestî	-1
şikî	-1
şim	-2
şivêdî	-2
şixulandin	-2
şiyan	1
şiyarkirin	1
şkestin	-2
şokên	-2
şopajotin	-1
şopajotinî	-1
şopgiran	3
şopketin	-2
şopęn	1
şoreş	-2
şuştina kesk	-3
şêlandin	-2
şênî	-2
şêrîn	2
şêtgeriyê	-3
şîdetarelated	-3
şîngirtin	-2
şîret	-2
şîretan li	-2
şîrîntir	3
şûmdekêşî	-1
şûn	-2
şûndeavêt	-2
şûndegirtin	-2
şûştinê kesk	-3
Ţam	-1
داو	2
