AVERTS	-1
Agresyviai	-2
Angers	-3
Apkabinimai	2
Arsehole	-4
Atkaklus	2
Atstumtas	-1
Avarija	-2
Avenged	-2
Avenging	-2
Bailīgs	-2
Banalus	-2
Blockbuster	3
Clueless	-2
Cocksucker	-5
Czarujący	3
Deformacija	-2
Deklamator	-3
Despotycznie	-3
Dirgina	-3
Doprowadzający į wściekłości	-2
Dour	-2
Draugystė	2
Droseliai	-2
Dūminis	-1
Embarrasses	-2
Enchanted	2
ErrorWithTranslation	-1
FIFO	-2
FTW	3
FUD	-3
Fagot	-3
Fuckers	-4
Fuckin	-4
Gelbėtojas	4
Giedras	2
Goofy	-2
Greenwashing	-3
Gresmė	-2
Harms	-2
Haters	-3
Hates	-3
Haunts	-1
Humoras	2
Išeiti	-2
Iškraipymus	-2
Išsiųsti tremtyje	-2
Ištikimas	3
Juokas	3
Jėzus	1
Kaip	2
Karštis	-1
Keršytojas	-2
Kieti dalykai	3
Kilniai	3
Kinder	2
Konkurencinis	2
Kudos	3
Kvailys	-3
LMFAO	4
Labas rytas	1
Lankomumo	-2
Lietusmētelis	2
Maloniai	2
Malšino	3
Maskavimo	-1
Monotonny	-2
Motherfucking	-5
Muštynės	-1
Męczący	-2
Narcisizmas	-2
Naujokas	-2
Ne dvasia	-2
Neatsispiriamas	2
Nebaigtas	-1
Necienīgs	-2
Nedalyvavimas	-2
Nemalonus	-3
Nemīlams	-2
Neparlamentārs	-2
Nesąžininga	-2
Nesąžiningi	-2
Neteisėtas	-2
Neįtraukti	-1
Niedorzeczność	-2
Niehigieniczny	-2
Niūri	-2
Nuleidimas į gręžinių spaudžiant	-2
Nuotykiai	2
Nuoširdus	3
Nusivylimas	-2
OKS	2
Oho	4
Oi	-2
Okpienie	-2
Ospały	-2
Ouch	-2
Outreach	2
Paaiškinti	2
Pabegti	-1
Pablogėja	-2
Padarytą	-2
Padovanok dovaną Pasiūlyk savaitės	-2
Paguodos	2
Pamiršau	-1
Paniekos	-2
Pasirinktą	1
Patenkinta	2
Patyčios	-2
Pavojingumo	-2
Pažeisti	-2
Pergalės	4
Perimti kamuoliai	-2
Prašom	1
Priešingu	-2
Prieštaringas	-1
Priima sprendimą	2
Priimamos	1
Profiliniai	-2
Pseudomokslas	-3
ROTFL	4
Raminančią	2
Rants	-3
Ratio	2
Rekomenduojamas	2
Rinktin	-2
Rozdrażniony	-2
Rozjątrzony	-2
Samogwałt	-2
Sapīcis	-2
Saunus	1
Skausmas	-2
Skubus atvėjis	-2
Skundai	-2
Slėpti	-1
Smegenų plovimas	-3
Solidarumas	2
Spąstai	-2
Stabs	-2
Stank	-2
Stiprina	2
Strikers	-2
Stulbinantis	3
Sukčiavimas	-3
Super	3
Sutrikimas	-2
Sutrumpinimas	-2
Sveikiname	2
Sveikinimai	2
Sveikinu	2
Sėkmė	4
Taip	1
Teigia	2
Tinkamą	2
Trukdymas	-2
Tryumfujący	3
Twat	-5
Tyran	-3
Tyrannic	-3
Tyčiotis	-2
Užsikrečiama	-2
Užsikrečiama parazitams	-2
VVG	-2
Vedėjas	-1
Vitriola	-3
Vėžys	-1
WINWIN	3
WTF	-4
Xo	3
Zagłodzony	-2
abdukcija	-2
abejingas	-2
abejingumas	-2
abejojimas	-1
abejojo	-1
abejonių	-1
abejonė	-1
abejotinas	-1
absorbuojamas	1
adoringly	3
afera	-3
affectionateness	3
agonises	-3
agonizes	-3
agresija	-2
agresijos	-2
agresyvumas	-2
agresyvus	-2
aimana	-2
aistra	2
aistringas	2
aiškiai	1
aiškumas	2
aiškus	1
akcijos	1
akinantis	3
aklas	-1
aklavietė	-2
akredituotas	-2
aktyvai	2
aktyvus	1
akėčios	-1
alarmists	-2
aleliuja	3
alergiškas	-2
alkis	-2
altruistinis	2
ambicingas	2
amžinai žaliuojantis augalas	2
anekdotai	2
anekdotas	2
antagonistinis	-2
antsvoris	-1
apatija	-3
apatiškas	-3
apdovanojimai	3
apdovanojimas	3
apdovanotas	3
apdovanoti	2
apeshit	-3
apgailestaudama	-3
apgailestaudamas	-2
apgailestauja	-2
apgailestaujantis	-2
apgailestauti	-2
apgailestavo	-3
apgailestavo,	-2
apgailėtinai	-3
apgaudinėja	-3
apgaudinėti	-3
apgaule	-3
apgaulingas	-3
apgaulė	-2
apgauti	-2
apgavikiškas	-4
apgavikiškumas	-4
apgavo	-3
apiplėšdami	-2
apiplėšimas	-2
apiplėšti	-2
apkabinimas	2
apkabinti	1
apkalta	-3
apkaltinti	-2
apklausa	-1
apkūnus	2
aplaidumas	-2
aplaistytas	-2
apleistas	-2
apleisti	-2
aplodismentų	2
apmaudas	-2
apmaudu	-2
apmažinti	-2
apnikti	-2
apokaliptinio	-2
appeases	2
apribojantis	-1
apribojimas	-1
apribotas	-2
apriboti	-2
apsaugo	1
apsaugo nuo	-2
apsaugoti	1
apsimesti	-1
apsimeta	-1
apsimetėlis	-2
apsirengę	-2
apsišvietęs	2
apskretėlė	-5
apsunkina	-2
apsunkinimas	-2
apsvaigęs	-1
apsėstas	2
apsėstos	1
apviliantis	-2
apšviesti	2
apšviečia	2
ardančių	-2
ardomasis	-2
ardyti	-2
arogantiškas	-2
asilas	-4
assfucking	-4
ataka	-1
atatrankos jėga	-3
atatrank~	-3
ataugų	2
atbaidantis	-2
atbukimas	-2
atgaivina	2
atgimti	2
atidedanti	-1
atidedantį	-1
atidėtas	-1
atidėti	-1
atima	-2
atimti	-2
atitinka	2
atitraukia	-2
atitraukti	-2
atkaklus	-2
atkalbinėjo	-2
atkuria	1
atkurta	1
atkurti	1
atlaidus	2
atleidžia	2
atleidžiamas	2
atleisdami	2
atleista	2
atleistas	2
atleisti	2
atliekos	-1
atliktas	2
atlikti	2
atlygis	2
atmesta	-1
atmestas	-2
atmesti	-1
atmeta	-1
atmetimas	-2
atmetė	-2
atnaujinti	1
atodūsis	-2
atospyris	-1
atpirkimo ožiai	-2
atpirkimo ožys	-2
atrakcionai	2
atrakcionas	2
atraminis	1
atramos	2
atrėmė	-2
atsakingas	2
atsakomybė	1
atsargiai	2
atsargumas	2
atsargus	2
atsibodo	-3
atsidavimas	2
atsidavimo	2
atsidavęs	3
atsiduso	-2
atsikeršyti	-2
atsikrato	-1
atsilieka	-2
atsilikimas	-1
atsiliko	-2
atsilikusi	-2
atsinaujinimo	1
atsipalaidavęs	2
atsiprašau	-1
atsiprašo	-1
atsiprašymas	-1
atsiprašyti	-1
atsiprašė	-1
atsisako	-2
atsisakymas	-2
atsisakymus	-2
atsisakyti	-2
atsisakė	-2
atsiskaitymas	1
atsistatydina	-1
atsistatydinantis	-1
atsistatydinęs	-1
atsitiktinis	-2
atskambis	-2
atskiras	-1
atskleidžia	-1
atskleisti	-1
atsparus	2
atstumiantis	-2
atstumtas	-2
atsukti	-2
atėmimas	-3
atšaukia	-1
atšaukimas	-3
atšauktas	-1
atšaukti	-1
atšiaurių	-2
augantis	1
augimas	2
auka	2
aukojimas	2
aukos	-3
auksas	2
aukščiausias	4
aura	1
avarija	-2
avarijų	-2
avenges	-2
axed	-1
ašaros	-2
badas	-2
badaujantis	-2
badauti	-2
baikštus	-2
bailiai	-2
bailys	-2
baiminasi	-2
baimingas	-2
baimė	-2
baimės	-2
baisiai	-2
baisu	-2
baisus	-2
bamboozled	-2
bamboozles	-2
bankrotas	-3
bankster	-3
bara	-3
barbaras	-2
barbariška	-2
barbariškas	-2
barimas	-2
barjeras	-2
barti	-3
bauda	2
baudos	-2
baudžia	-2
baudžiamas	-2
baudžiamasis	-2
baudžiamasis persekiojimas	-1
baugiai	-2
baugina	-2
bauginanti	-2
bauginantis	-3
baugino	-2
baugštus	-2
bausmė	-2
bausti	-2
be rūpesčių	1
bebaimis	2
bebaimiškumas	2
bedantis	-2
bedarbis	-1
beginklis	-2
bejėgis	-2
belittled	-2
benamis	-2
beprasmis	-2
beprasmiškas	-2
beprotiškai	-3
beprotybė	-2
bereaves	-2
bergždžias	-2
besiūlių	2
bevaikis	-2
bevaisis	-2
bevertis	-2
beviltiškas	-2
beviltiškumas	-2
beširdis	-2
bijodami	-2
bijojimas	-2
bitterest	-2
bjaurisi	-3
bjaurumas	-3
bjaurus	-2
bjaurybė	-5
bjaurėjosi	-3
bla	-2
blackmails	-3
blaivykla	1
blizgučiai	3
blogai	-2
blogai elgtis	-2
blogas	-3
blogašiknis	-3
blogiau	-3
blogiausia	-3
blogo elgesio	-2
blogumas	-3
blogėja	-2
blokada	-2
blokai	-1
blokas	-1
blokavimo	-1
blokus	-2
boikotai	-2
boikotas	-2
boikotavo	-2
boikotuoja	-2
bomba	-1
brandus	2
brangakmenis	1
brangenybės	1
brangiai	3
branginamų	2
brangus	-2
brangusis	2
braveness	2
bravura	3
brilliances	3
bruto	-2
bruzdus	-2
budrus	3
bučinys	2
bylinėjimasis	-1
bėda	-2
būgštavimas	-2
cenzoriai	-2
cenzūruojamas	-2
cenzūruoti	-2
cha cha	3
chagrined	-2
chaosas	-2
chaotiškas	-2
charizma	2
charmless	-3
chastising	-3
cheats	-3
chided	-3
chides	-3
chiding	-3
chuliganai	-2
chuliganas	-2
chuliganizmas	-2
cinikas	-2
cinizmas	-2
ciniškas	-2
cocksuckers	-5
conflictive	-2
consolable	2
contagions	-2
courageousness	2
crazier	-2
craziest	-2
criminated	-3
criminates	-3
dailiai	2
dalijamasi	1
dalis	1
damn gera	4
dangaus	4
dangun žengimas	2
dangus	2
daug juoko	3
daug supaprastinti	-2
daugiau	3
defektai	-3
defektas	-3
defektinis	-3
deformacijos	-2
deformuotas	-2
defrauds	-3
degraduoti	-2
dehumanized	-2
dehumanizes	-2
dehumanizuoti	-2
deimantas	1
deja	-1
dejavimas	-2
dejavo	-2
dejecting	-2
dejects	-2
dejuoja	-2
dejuoti	-2
delsimas	-1
demonstracija	-1
demoralizes	-2
demoralizuoja	-2
demoralizuota	-2
demoralizuoti	-2
dempingo	-2
denjė	-2
denonsuoti	-2
deports	-2
deportuoti	-2
derides	-2
derlingas	2
desperatiškai	-3
dezinformacija	-2
dickhead	-4
didelis	1
didina	1
didinti	1
didysis	3
didžiausias	3
dievas	1
dievina	3
dievinti	3
dilema	-1
dilligence	2
dingsta	-1
dingęs	-2
dipshit	-3
dirgina	-3
dirginti	-3
dirtier	-2
disconsolation	-2
disfunkcija	-2
diskomfortas	-2
diskreditavo	-2
diskriminacinis	-2
diskriminacinė	-2
diskriminuoja	-2
diskriminuojami	-2
diskriminuoti	-2
diskvalifikuotas	-2
disparaged	-2
disrespected	-2
diversija	-2
dodging	-2
dont like	-2
dorybingas	2
dosniai	2
dosnus	2
dotacijos	1
dovana	2
dovanoja	2
dovanoti	2
draudimas	-2
draudžia	-1
draudžiamas	-2
draugas	1
draugiškas	2
draugiškas aplinkai	2
draugiškumas	2
drebantis	-2
drebulys	-2
droselinė sklendė	-2
drovus	-1
drąsa	2
drąsiai	2
drąsuolis	2
drąsus	2
duoklė	2
dušas	-3
dvasia	1
dvejonė	-1
dvejoti	-2
dvokia	-2
dvokiantis	-2
dygus	-3
dėkingas	3
dėkoju	2
dėkoti	2
dėvėti	-1
dūris	-2
džiaugiasi	4
džiaugsmas	3
džiaugsmingai	3
džiaugsmingas	3
džiaugtis	4
džiaugėsi	4
džiugina	3
džiuginantys	2
džiugus	2
džiūgavimas	4
efektyviai	2
efektyvumas	2
ekstaziškas	4
ekstremistai	-2
ekstremistas	-2
elegantiškas	2
elgėsi	-2
empatiškas	2
energingas	3
enrages	-2
enraging	-2
entuziastingas	3
erdvus	1
erzina	-2
erzinantis	-3
erzinti	-2
esminis	1
etinis	2
euforija	3
evacuates	-1
evakuacija	-1
evakuoti	-1
evergreening	-3
evergreenów	2
exasparate	-2
exasperates	-2
excruciatingly	-1
exhilarated	3
exhilarates	3
exultantly	3
fanatikai	-2
fanatikas	-2
fantastinis	4
farsas	-1
fatigues	-2
fašistai	-2
fašistas	-2
fiasko	-3
filantropija	2
finansinė pagalba	-2
fitnesas	1
flagmanas	2
fondas	2
frikin	-2
fuckface	-4
fuckhead	-4
fucktard	-4
fuked	-4
fuking	-4
gabalai	-1
gabenti kontrabanda	-2
gadina	-3
gagged	-2
gaidys	-5
gailestingas	2
gailestingumas	2
gailestis	-2
gaisras	-2
galantiškas	3
galantiškumas	3
gali "T stovėti	-3
galimybes	1
galimybė	2
galimybės	2
galingas	2
galintis	1
galvos skausmas	-2
gana	1
garantija	1
garbinamas	3
garbinimas	3
garbino	3
garbintinas	3
garbė	2
gardas	-2
garsas	1
garsus	2
gauna naudą	2
gebėjimai	2
gebėjimas	2
gedi	-2
gedimai	-2
gedulas	-2
gedėjo	-2
gedėti	-2
geidus	2
geidžiamas	2
gelbsti	2
gelbėjimas	2
genialus	3
geradariai	2
geradarys	2
gerai apsirengęs	2
gerai gynė	3
gerai išvystyta	2
gerai orientuota	2
gerai proporcingas	2
geranoriškumas	3
geras	3
gerbia	2
gerbiamas	2
gerbė	2
gerbėjai	2
geriau	2
geriausia nusispjauti	4
geriausias	3
geriausių	3
gerinti	2
gerovė	3
gerumas	2
giedras	2
gilina	-2
ginčai	-2
ginčas	-2
ginčijama	-2
ginčydama	-2
ginčytinas	-2
giria	3
giriamos	3
girtas	-2
gniuždo	-1
godumas	-3
godus	2
goodlooking	3
goofiness	-2
gr8	3
grakštus	2
grasina	-2
grasinant	-2
grasinantis	-2
grasinti	-2
graudus	-2
gražiai	3
gražuoliai	3
gražus	3
greenwash	-3
greenwasher	-3
greenwashers	-3
greitai	2
gresia	-2
griauna	-2
griežtai	3
griežtas	3
gripas	-2
griuvėsiai	-2
griūva	-2
grobimas	-2
grobstymas	-3
grobuoniškas	-2
grožis	3
grožėtis	3
grubus	-2
grynas	1
gryniausia	1
grėsmingas	3
grėsmė	-2
grėsmės	-2
gręžinys	-2
grūsti	-2
gudrus	2
gynė	2
gynėjai	2
gynėjas	2
gyrė	3
gyvas	2
gyvenvietės	1
gyvybingumas	3
gąsdinančiai	4
gėda	-2
gėdingas	-2
gėris	3
ha,	2
hahahah	3
haplessness	-2
hardier	2
harmonija	2
harmoningai	2
harmoningas	2
heavyhearted	-2
hehe	2
herojai	2
herojiškas	3
herojus	2
humaniškas	2
humerous	3
humoristinis	2
humoro	2
idiotas	-3
idiotizmas	-3
idiotiškas	-3
ietgalis	2
ieškiniai	-2
ieškinys	-2
ignoravo	-2
ignoruojamas	-2
ignoruojantis	-1
ignoruoti	-1
ikvepiantis	3
ilgalaikis	2
ilgesys	1
imobilizuota	-1
impedingly	-2
imuninis	1
indoctrinates	-2
indoctrinating	-2
indoktrinuojami	-2
inediable	-2
infantilized	-2
infantilus	-2
infekcija	-2
infekcijos	-2
infests	-2
infracted	-2
infracting	-2
infracts	-2
infuriates	-2
iniciatyvus	2
inkvizicija	-2
intensyvus	1
interesai	1
intransigency	-2
intrigos	1
intriguojantis	2
intymumas	2
invazija	-1
ironija	-1
ironiškas	-1
irreproducible	-2
isterija	-3
isteriškas	-3
izoliuotas	-1
iš esmės	1
išaiškinamos	2
išbaigia	2
išbėrimas	-2
išdavinėti	-3
išdavystė	-3
išdavė	-3
išdidus	2
išdidžiai	2
išduoda	-3
išganymas	2
išgelbėtas	2
išgryninimo	-2
išgyveno	2
išgyventi	2
išgąstis	-2
išjungti	-1
išjuokti	-2
išjuokė	-2
iškeldinimas	-1
iškelta	-2
iškelti bylą	-2
iškilmingas	-1
iškraipymas	-2
iškreipia	-2
iškreiptas	-2
iškreipti	-2
iškrypėlis	-3
išlaikė	-1
išmesti	-1
išmetimas	-1
išmintis	1
išmokamos	2
išmuša iš vėžių	-2
išnaudojamas	-2
išnaudojant	-2
išnaudoti	-2
išniekinimas	-3
išnykti	-1
išnykęs	-2
išpainioti	1
išpirkta	2
išplito	-2
išplėsti	1
išprievartavo	-4
išprovokavo	-1
išprovokuoti	-1
išpuolių	-1
išrinktasis	2
išsamus	2
išsaugoti	2
išsekimo	-2
išsekęs	-2
išsiblaškymas	-2
išsiblaškęs	-2
išsigandusi	-3
išsigandusius	-2
išsigandęs	-2
išsiuntimas	-2
išsiųsti	-2
išskirti	2
išskirtinis	2
išsprendžia	1
išspręsta	1
išspręstas	2
išspręsti	2
išstūmimo	-1
išteisina	2
išteisino	2
išteisintas	2
išteisinti	2
ištiktų	-1
ištinęs	-1
ištobulino	2
ištremta	-2
ištremti	-2
ištrūksta	-1
ištvermė	2
išvalytas	1
išvaryti	-2
išvemiama	-3
išvengta	-1
išvengti	-1
išvirta	-2
iššvaistytos	-2
iššvaistęs	-2
iššūkis	-1
jackasses	-4
jaudinantis	3
jaukumą	2
jaunatviškas	2
jausmas	1
jaučiančių	-2
judrus	2
juodinti	-2
juokas	1
juokaujamas	2
juokiasi	1
juokingas	4
juokingiau	4
juoktis	-2
juridinis	1
jėga	3
kad	-2
kailiai	-1
kaliniai	-2
kalinys	-2
kalkės	-3
kaltas	-3
kaltina	-2
kaltinamas	-2
kaltindama	-2
kaltinimai	-2
kaltinimas	-2
kaltininkai	-2
kaltininkas	-2
kaltino	-2
kaltė	-2
kalė	-5
kalėjimas	-2
kalės	-5
kamuojančios	-3
kamštukas	-2
kankina	-4
kankinamas	-4
kankinantis	-2
kankinimas	-4
kankinimus	-4
kankintis	-3
kančia	-2
kančios	-2
kapas	-2
kaprizas	-2
karas	-2
kartus	-2
karštas	1
karščiavimas	-2
kasdieniškas	-2
katastrofa	-3
katastrofiškas	-4
katorga	-2
kaupti	-1
kažkokia	0
keblus	-2
keistai	-1
keistas	-1
kekše	-4
kenkia	-2
kenkiančio	-2
kentėjo	-3
kentėti	-2
kentėtojas	-2
kenčia	-1
kerštas	-2
kerštingas	-2
keršytojas	-2
kibirkštis	1
kietas	2
kilniausias	2
kilnus	2
kirstukas	-4
kirtimas	-2
kirvis	-1
klaida	-2
klaidina	-3
klaidinantis	-3
klaidingai	-2
klaidingas	-2
klaidingos	-2
klaidos	-2
klaikus	-2
klamstwo	-2
klastoti	-3
klastotojas	-3
klastotės	-3
klausimai	1
klausimas	1
klestintis	3
kliūtis	-2
kliūtys	-2
klysti	-2
kokybė	2
komedija	1
komentarai	2
komfortas	2
komfortą	2
komiškas	1
kompetencijos	1
kompetentingas	2
komplimentas	2
koneveikti	-2
konfliktai	-2
konfliktas	-2
kontrabanda	-2
kontroversiškai	-2
korupcija	-3
korupciją	-3
kova	-1
kovoja	-2
kovojo	-1
kovos	-1
kovoti	-1
kratus	-2
kritika	-2
kritikai	-2
kritikas	-2
kritikavo	-2
kritikuoja	-2
kritikuoti	-2
krizė	-3
kruopštumas	2
kruvinas	-3
kruša	2
kurie riboja	-2
kurstymas maištauti	-2
kurtinantis	-1
kvaila	-2
kvailai	-2
kvailas	-1
kvailiai	-2
kvailumas	-3
kvailys	-2
kvalifikuotai	2
kvapą gniaužianti	5
kviečiantis	1
kyšiai	-3
kyšis	-3
kūrybinis	2
labai	-2
labai linksmas	2
labdaringas	2
laidotuvės	-1
laiko tarpas	-1
laimei	2
laimina	2
laimingai	3
laimingas	3
laimingiausia	3
laimė	3
laimėjimas	4
laimėjo	3
laisvas	-3
laisvė	2
laisvės	2
laive	1
lakios vaizduotės	2
lapai	2
laughting	1
laukia "	-1
laukiamas	2
laukta	-1
laukti	-1
lavonas	-1
lawl	3
lašas	-1
ledinis	-1
leisti	1
lemiamas	1
lemtis	-2
lengvai pamirštamas	-1
lengvas	1
lengvatos	1
lengvumas	2
letargija	-2
liepsningas	2
lietingas	-1
liga	-1
ligos	-1
ligų	-2
likers	2
likusi našle	-1
linksma	4
linksmas	3
linksmins	3
linksmintis	3
liūdesys	-2
liūdinti	-2
liūdnas	-2
liūdėjo	-2
lmao	4
lobiai	2
lobis	2
lobistai	-2
lobistas	-2
lobizmas	-2
lobizmu	-2
lojalumas	3
lojalus	3
lolol	4
lololol	4
lolololol	4
lool	3
loool	3
looool	3
lovelies	3
lunatikai	-3
luošumą	-2
lygmalas	-2
lyčių	-2
lėkštas	-2
lėtas ir sunkus	-2
mEMORIAM	-2
madingas	3
maitintojo	2
maištingas	-2
maladaption	-2
maldevelopment	-2
maloningas	3
malonu	5
malonumai	2
malonumas	3
malonumų	3
malonus	3
malonė	2
malonės	3
malšinančių	2
mandagumas	2
mandagus	2
manipuliacijos	-1
manipuliuojama	-1
manipuliuoti	-1
maras	-3
maskuoti	-1
maurai	-3
maždaug	0
mažina	-1
mažuma	-2
mažėja	-1
medalis	3
meditacinė	1
meilus	3
meilė	3
meistriškumas	3
melagiai	-3
melagingas liudijimas	-3
melagis	-3
melancholija	-2
melavo	-2
meldžia	1
melstis	1
menkesnis	-2
menkina	-2
menkinti	-1
messed	-2
metodinis	2
metodiškai	2
mieguistas	-2
mielas	3
mieliausias	3
miglotas	-2
mirthfully	3
mirti	-3
mirtinas	-2
mirtingumas	-2
mirtis	-2
mirčių	-2
mirė	-3
miręs	-3
misconducted	-2
misconducting	-2
misconducts	-2
misleaded	-3
misplaces	-2
misplacing	-2
misreport	-2
misreports	-2
mistifikuoti	-2
mistikas	3
mitas	-1
mišrūnai	-5
modernizavimas	2
modernizuoja	2
modernizuota	2
modernizuoti	2
mokesčiai	-2
mokėti	-1
mokėti išmoką	1
mongering	-2
monopolizuoja	-2
monopolizuota	-2
monopolizuoti	-2
monotoniškas	-1
moping	-1
motherfucker	-5
motyvacija	1
motyvuojanti	2
motyvuotas	2
motyvuoti	1
mulkis	-3
muštynės	-2
myli	3
mylimas	3
mylimasis	3
mylintis	2
myžti	-4
mąstantis	2
mėgaujasi	2
mėgautis	2
mėgstamas	2
mėgstamiausių	2
mėgstantis bylinėtis	-2
mėšlungis	-1
mūšiai	-1
mūšis	-1
n00b	-2
naikinantis	-3
naikinimas	-3
naivuolis	-2
naivus	-2
narkomanas	-2
natūralus	1
nauda	2
naudingai	2
naudingas	2
naudingumas	2
naudojasi	2
naudojimosi teisės atėmimas	-2
naujoviška	2
naujovė	1
navikas	-2
našta	-2
ne	-1
neaišku	-1
neaiškus	-1
neapdairus	-2
neapgalvotas	-2
neapkęsti	-3
neapsaugotas	-1
neapsisprendęs	-1
neapsižiūrėjimas	-1
neapykanta	-3
neatleisti	2
neatleistinas	-3
neatsakingai	-2
neatsakingas	-2
neatsargus	-2
neatsižvelgiama	-2
neatsižvelgiant	-2
neatvykęs	-1
nedalyvaujantys	-1
nedarbas	-2
nedarbingas	-2
nedarbingumas	-2
nedarbos	-1
nedelsiant	1
nedoras	-2
nedorėlis	-2
nedovanotinas	-3
nedėkingas	-3
neefektyviai	-2
neefektyvumas	-2
neefektyvus	-2
neetiškas	-2
negailestinga	-2
negalavimai	-2
negali	-2
negaliojantis	-2
negalėjo pakęsti	-3
negandų	-3
negatyvumo	-2
negerai	-2
negras	-5
negrįžtamai	-1
negrįžtamas	-1
negyvas	-1
neigia	-2
neigiama	-2
neigiamas	-2
neigė	-2
neišmanantis	-2
neišmintinga	-2
neišsipildžiusių	-2
neišspręstas	5
nejautrumas	-2
nejautrus	-2
nejuokinga	-2
nekamuos	-2
nekantriai laukiantis	2
nekantrus	-2
nekenčia	-3
nekenčiamas	-3
nekompetentingas	-2
nekompetentingumas	-2
nekęsti	-3
nelaimingas	-2
nelaimingumo	-2
nelaimingų atsitikimų	-2
nelaimė	-2
nelaimės	-2
nelankstumo	-2
nelegaliai	-3
nelemtas	-2
nelinksma	-2
nelinksmas	-2
nelinkęs	-2
nelogiškas	-2
nemalonus	-2
nemiga	-2
nemirtingas	2
nemokamai	1
nemokantis	-2
nemoksliška	-2
nemokus	-2
nemotyvuotą	-2
nemylimi	-2
nemėgimas	-2
nemėgstamas	-2
nemėgti	-3
nenauda	-2
nenaudingas	-2
nenaudingumas	-2
nenugalimas	2
nenumaldomai	2
nenuoseklus	-2
nenuvertinant	-1
neorganizuotas	-2
nepagarba	-2
nepagarbūs	-2
nepageidaujamas	-2
nepagrįstas	-2
nepaiso	-2
nepaisymas	-2
nepaisyti	-2
nepakankamai	-1
nepakankamai įvertinti	-1
nepakankamas	-2
nepakankamumas	-2
nepakeliamas	-2
nepakenčiamas	-2
nepaklausiau	-2
nepalaikomas	-2
nepalankioje padėtyje	-2
nepalankus	-2
nepaliaujamas	-1
nepaliestas	2
nepanašu	-1
neparduotas	-1
nepasiekiamas	-1
nepasitenkinimas	-2
nepasitikėjimas	-3
nepataisomas	-2
nepatenkintas	-2
nepatiklus	-3
nepatikėti	-2
nepatogumas	-2
nepatogus	-2
nepatrauklus	-2
nepatvirtinimus	-2
nepatvirtintas	-1
nepatvirtintus	-2
nepavyko	-2
nepavyksta	-2
nepažeidžiamas	2
nepermaldaujamas	-3
nepiktnaudžiaujant	-2
nepriekaištinga	2
nepriekaištingai	2
nepriimtinas	-2
neprilygstamas	2
neprisijungęs	-1
nepritaikyti	-2
nepritaria	-2
nepritariama	-2
nepritarimas	-2
nepritarti	-2
neproduktyvus	-2
neprofesionaliai	-2
neproporcingas	-2
neracionalus	-1
neramus	-2
neraštingumas	-2
nereikšmingas	-2
nerijos ribos	-2
nerimas	-2
nerimauti	-3
nerimą	-2
nerišlus	-2
nervai	-1
nervina	-2
nervingai	-2
nervingas	-1
nervų	-2
neryškus	-2
neryžtingas	-2
nesant	-2
nesantaika	-2
nesaugus	-2
nesavanaudis	2
nesirūpinantis	-2
neskanus	-2
nestabilus	-2
nesudėtingos	-2
nesugebėjimas	-2
nesugriaunamas	2
nesupranta	-2
nesuprantamas	-2
nesuprastas	-2
nesuprasti	-2
nesusipratimas	-2
nesustabdomas	2
nesutaikomas	-2
nesutarimas	-2
nesuteršta	2
nesutikti	-2
nesveikas	-2
nesąmonė	-2
nesąžiningas	-2
nesėkmingai	-2
nesėkmingas	-2
nesėkmė	-2
neteisingai	-2
neteisingai klasifikuoja	-2
neteisingai klasifikuotos	-2
neteisingai paskirstyti vaidmenis	-2
neteisingai suprasti	-1
neteisingas	-2
neteisingų duomenų	-2
neteisybė	-2
neteisėtai	-2
neteisėtas	-2
netenka	-3
netikintis	-1
netikras	-1
netinkamai	-2
netinkamai veikiančią	-2
netinkamai vertinamas	-3
netinkamas	-2
netinkamo	-2
netobulas	-2
netvarka	-2
netyčia	-2
netyčinis	-2
neužtikrintos	-2
nevaisingas	-2
neveikia	-3
neveikimas	-2
neveiksmingas	-2
neveiksnus	-2
nevertas	-2
nevienodas	-1
neviltis	-3
nevykėlis	-3
nevykęs	-2
neįprasta	3
neįtikino	-1
neįtikėtinas	-1
neįvertintos	-2
nešvankus	-2
nežino	-2
nežinojimas	-2
nežmoniškas	-2
niausiai	-2
niekam tikęs žmogus	-2
niekinantis	-2
niekingas	-2
niekšiškas	-1
nieprawdziwie	-2
niežulys	-2
nigeriai	-5
niokojimas	-2
niūrus	-2
norai	1
noras	2
norėti	1
nubaudimas	-2
nubausti	-2
nudurtas	-2
nudėti	-2
nudžiuginti	2
nudžiugęs	4
nugalėjo	-2
nugalėti	-2
nugalėtojas	4
nugarėlės	1
nukentėjęs	-2
nukentėti	-2
nukritęs	-2
nulaužė	-1
nuliūdinti	-2
nuliūdo	-2
nuliūdęs	-2
numatymas	1
nuniokotas	-2
nuniokoti	-2
nunuodytas	-2
nuobodumas	-2
nuobodus	-2
nuodai	-2
nuodingas	-3
nuodėmingas	-3
nuodėmė	-2
nuodėmės	-2
nuolankus	1
nuoskauda	-2
nuosmukis	-2
nuosprendį	-2
nuosprendžiai	-1
nuostabiai	4
nuostabu	4
nuostabus	4
nuostoliai	-3
nuostolingas	-3
nuostolis	-3
nuostolius	-3
nuotaikingas	3
nuotykis	2
nuovargis	-2
nuoširdumas	2
nuoširdus	2
nuoširdžiai	2
nuoširdžiausią	2
nuramino	2
nuraminti	3
nusausintos	-2
nusidedame	-2
nusijuokė	1
nusikaltimai	-2
nusikaltimas	-2
nusikaltimą	-2
nusikaltėliai	-3
nusikaltėlis	-2
nusileidęs	-2
nusiminimas	-1
nusiminėlis	-1
nusiminęs	-2
nusipelnęs	2
nusiraminęs	-2
nusistovėjęs	2
nusivilti	-2
nusivylimas	-2
nusivylimų	-2
nusivylęs	-2
nusišypsojo	2
nusižengiančioms	-2
nusižengti	-2
nuskriausti	-2
nuskęsta	-2
nuskęsti	-2
nuslėpti	-3
nusmelkė	-2
nustatyti	-1
nustatė	-1
nustebęs	2
nustojo galioti	-1
nuteistas	-2
nutekėjimas	-1
nutekėjo	-1
nutirpęs	-1
nutraukia	-1
nutrauktas	-1
nutraukusio	-2
nutrinti	-2
nuversti nuo bėgių	-2
nuvilia	-2
nuvilti	-2
nužudymas	-2
nužudyti	-3
nykus	-2
objektyvus	2
obstrukcija	-2
oksimoronas	-1
optimistiškas	2
optimizmas	2
optionless	-2
orientuota	2
orientyras	2
orumas	2
ostracizes	-2
outmaneuvered	-2
overprotective	-2
overreacted	-2
overreacting	-2
overreacts	-2
oversell	-2
overselling	-2
oversells	-2
oversold	-2
paaukoti	2
paaukštintas	1
pablogina	-2
pabloginti	-2
pablogėja	-3
pablogėjimas	-3
pablogėjo	-2
pablogėti	-2
pabrėžtas	-2
pabrėžti	2
pabėga	-1
padaro	-2
padarydamas	-2
padaryti	-2
padeda	2
padidina	-2
padidinimą	-2
padidino	1
padidinti	1
padidėjo	1
padirbta	-3
padirbtas	-3
padrąsinantis	2
padėti	2
pagalba	2
pagarba	2
pagarsėjęs	-2
pagedęs	-2
pageidaujamas	2
pageidaujantis	1
pagerbiami	2
pagerbimas	2
pagerina	2
pagerinti	2
pagerėjo	2
pagirti	2
pagražinti	3
pagrobia	-2
pagrobimai	-2
pagrobimas	-2
pagrobtas	-2
pagrobti	-2
pagrobė	-2
pagrįstai	2
paguldytas į ligoninę	-2
pagyrimas	3
pagyrė	2
pagyrūniškas	-2
painu	-2
pajuoka	-2
pajuokiamas	-2
pajėgumas	1
pakabinamas	-1
pakankamas	1
pakenkimas	-2
pakenkta	-2
pakenkti	-2
pakili	2
pakili nuotaika	3
pakilios nuotaikos	4
pakilti	1
paklausa	-1
pakliuvom	-4
pakviesti	1
pakyla	1
palaikyti	2
palaima	3
palaimingas	3
palaiminimai	3
palaiminti	2
palankiai	2
palankiai vertina	2
palankus	3
palieka	-2
palikti	-1
palūkanos	1
pamiršote	-1
pamiršta	-1
pamiršti	-1
pamišėlis	-3
paneigti	-2
panieka	-2
paniekinamas	-2
paniekinti	-2
panika	-2
panikos kėlėjas	-2
paniką	-3
paniuręs	-1
papai	-2
papeikimai	-2
papeikimas	-2
papeikimą	-2
papildymu	-2
papirkinėjimą	-3
papirko	-3
paprastumas	1
paradoksas	-1
paralyžiuotas	-2
parama	2
pareikšti ieškinį	-2
parengtas	1
parodija	-2
pasakiškai	4
pasekmės	-2
pasenęs	-2
pasibaisėjęs	-2
pasibaisėtinas	-2
pasiekiamas	1
pasiekimai	2
pasiekimas	2
pasiekti	1
pasiekė	1
pasigailėtinas	-2
pasiilgęs namų	-2
pasijuokti	-2
pasiklysti	-1
pasimetė	-2
pasipiktinimas	-2
pasipiktinęs	-2
pasipūtęs	-2
pasiruošęs	-2
pasislėpė	-1
pasiteisinimas	-1
pasitikintis savimi	2
pasitikėjimas	2
pasitraukti	-1
pasiturintis	2
pasiutęs	-1
paskatinimas	2
paskatinti	2
paskendęs	-2
paslėpti	-1
pasmaugti	-1
pasmerkimas	-2
pasmerktas	-2
pastangų	2
pastebimas	2
pasunkinti	-2
pasveikino	2
pasveikinti	2
pasyviai	-1
pasyvus	-1
patartinas	1
pateisina	2
pateisinamas	2
patenkinimas	2
patenkintas	3
patikimai	2
patikimas	2
patikimumas	2
patiklumas	-2
patiklus	-2
patiko	2
patikėta	2
patogiai	2
patogus	2
patraukliai	2
patrauklumą	2
patrauklus	2
patraukti baudžiamojon atsakomybėn	-1
patvirtina	1
patvirtinimas	2
patvirtino	2
patvirtintas	2
patvirtinti	2
patyrė	-2
pavargęs	-2
paveiktas	-1
pavergia	-2
pavergti	-2
pavergė	-2
pavogtas	-2
pavogti	-2
pavojingai	-2
pavojingas	-2
pavojingi	-2
pavojus	-2
pavydas	-1
pavydi	-1
pavydus	-2
pavyko	3
pavyksta	3
pavykti	3
pašalinimas	-1
pašto šiukšlintojas	-3
pažadai	1
pažadas	1
pažadėjo	1
pažangus	1
pažeidimai	-2
pažeidimai,	-2
pažeidimas	-2
pažeidus	-2
pažeidė	-2
pažeidžia	-2
pažeidžiamas	-2
pažeidžiamumas	-2
pažeisti	-2
pažeminimas	-3
pažemintas	-2
pederastas	-3
peikimas	-2
pelnas	2
pelningas	3
penis	-4
per stipriai reaguoti	-2
peradresuotas	-1
perdedu	-2
perdirba	1
perdėjimas	-2
perdėta reakcija	-2
perdėtas	-2
perdėti	-2
pergalė	3
pergalės	3
perkrovimas	-1
perkėlė į	-1
perlas	3
permainingas	-1
persekioja	-1
persekiojami	-2
persekioji	-2
persekioti	-2
perspektyva	1
perspektyvos	1
perspėjo	-2
pertraukia	-2
pertraukimas	-2
pertrauktas	-2
pertraukti	-2
pervargęs	-3
pervertina	-2
perėjimas	-2
peržengia	-2
pesimistinis	-2
pesimizmas	-2
phobic	-2
piktas	-2
piktdžiuga	3
piktdžiugiaujantis	3
piktnaudžiauja	-3
piktnaudžiaujama	-3
piktnaudžiavimai	-3
piktnaudžiavimas	-2
pilkas	-1
piqued	-2
pirmaujantis	2
pirštis	3
pissing	-3
pistoletas	-1
pjaustymas	-1
plakimas	-1
platybės	1
plečiasi	1
plojimai	2
plojo	2
ploti	2
plėšikas	-2
po grėsmė	-2
pokštai	-1
poliruotas	2
populiarumas	3
populiarus	3
poreikiai	-1
potrauminis	-2
prabanga	2
pradingo	-1
pradėjo	1
pragaras	-4
pragariškas	-2
prakeikimas	-1
prakeiktas	-2
praleidau	-2
praleisti	-2
pramogos	3
pranašesnis	2
pranašumas	2
praradimą	-2
prarastas	-3
prarasti	-3
prastai	-2
prastas	-2
prastesni	-2
prašmatnus	2
pražūtingas	-3
prblm	-2
prblms	-2
priblokštas	-2
prieinamas	1
prieinamos	2
priekabiauja	-3
priekabiauti	-3
priekabiavimas	-3
priekis	1
priespauda	-2
priespaudą	-2
prievarta	-2
prievartautojas	-4
priešai	-2
priešas	-2
priešininkas	-1
priešiškas	-2
priešiškumas	-2
prieštaraujantis	-2
prieštaringas	-2
priežiūra	2
priima	1
priimti	1
priimtinas	1
priklausomas	2
primesti	-1
pripažinimas	2
pripažino	-1
pripažintas	2
pripažinti	-1
pripažįsta,	-1
prisiekia	-2
prisiekti	-2
prisijungti	1
prisirišimas	3
prislėgtas	-2
prisukamas	-2
pritaikyti	1
pritikti	2
pritraukti	2
pritrenkiantis	3
pritrenktas	3
pritvirtinti	2
privalomas	-1
privalumai	2
priverstas	-1
priversti	1
privilegijuotas	2
priėmimas	1
problema	-2
problemos	-2
progresas	2
propaganda	-2
protestai	-2
protestas	-2
protestuoja	-2
protestuotojai	-2
protingas	2
protingesni	2
protingiausias	2
proto	2
protrūkiai	-2
protrūkis	-2
provokuoja	-1
provokuojanti	-1
psichiškai nesveikas	-2
psichopatinis	-2
puikiai	3
puikus	5
puola	-1
puolame į neviltį	-3
puoselėja	2
puoselėjant	2
puoselėjanti	2
puoselėti	2
purvas	-2
purvinas	-2
putojantis	3
pyktis	-2
rafinuotas	3
rageful	-2
ramina	2
raminantis	3
ramus	2
randai	-2
randas	-2
ranters	-3
rapsas	-4
raptured	2
rasistai	-3
rasistas	-3
rasizmas	-3
rasti pasigailėjimą akyse	-1
ratifikavo	2
raudojimas	-2
reabilituojančių	2
reabilituotas	2
reabilituoti	2
reaguojantis	2
realizuoja	2
reikalavo	-1
reiklus	-1
reikšmingas	2
reikšmė	1
reklamavimas	-2
rekomenduoja	2
rekomenduoti	2
remia	2
remti	1
repelentas	-2
rezoliucija	2
riaušės	-2
riboja	-2
ribos	-1
ribotas	-1
riešutai	-3
rimtas	2
rizika	-2
rizikingas	-2
robing	-2
roflcopter	4
roflmao	4
rojus	3
rol	4
romanas	2
romantical	2
romantika	2
romantiškai	2
rotflmfao	4
rotflol	4
rožė	1
ryškiai	2
ryškiausia	2
ryškiausias	1
ryškumas	1
ryžtingas	2
rėkia	-2
rėkti	-2
rėmėjai	1
rėmėjas	1
rėmų	-2
rūkstančioji	-2
rūpestinga	2
rūpesčiai	2
rūpintis	-2
rūstus	-3
sakiniai	-2
sakinys	-2
saldesnis	3
saldus	2
saluting	2
samtelis	3
sandėris	2
santaupos	1
sarkastiškas	-2
saugiai	1
saugiau	2
saugumas	1
saugus	1
saulės šviesa	2
savanaudis	-3
savanaudiškumas	-3
savange	-2
savanges	-2
savarankiškai prieštaringi	-2
savarankiškai suklaidintas	-2
savininkiškas	-2
savižudiškas	-2
savižudybė	-2
savižudybės	-2
savybės	2
scumbag	-4
seksualus	3
sentimentalus	-1
sergantis	-2
sexistic	-2
shithead	-4
shoody	-2
siaubas	-3
siaubinga	-3
siaubingai	-3
siaubingas	-3
siaubti	-2
siaubus	-3
sielvartas	-2
sielvartingas	-3
silpnaprotis	-3
silpnas	-2
silpnumas	-2
simpatija	2
simpatingas	2
simpatiškas	2
singleminded	-2
skaidomas	-2
skaitytis	-2
skandalai	-3
skandalas	-3
skandalingas	-3
skanus	3
skatina	2
skatinami	2
skatinantis	2
skatino	1
skatinti	1
skauda	-2
skausmai	-2
skausmas	-2
skausmingai	-3
skausmingas	-2
skepticizmas	-2
skeptikai	-2
skeptikas	-2
skeptiškas	-2
skirta	2
sklandžiai	2
skola	-2
skubus	-1
skundas	-2
skundėsi	-2
skundžiasi	-2
skurdas	-1
skurdesnės	-2
skurdžiausia	-2
skvarbus	2
skųstis	-2
slegia	-2
slegiantis	-2
slidus	2
slidžiausiu	2
slogus	-3
slopinti	-1
slopus	-2
slumping	-1
slydimas	-1
slypi	-1
slėgis	-1
slėpimas	-1
smagiai	2
smalsus	2
smarkiai	-3
smarkus	-1
smaugia	-2
smerkia	-2
smerkti	-2
smilkalas	-2
smilkalų	-2
smilkinimui	-2
smirdantis	-2
smirdžius	-2
smogas	-2
smuggles	-2
smukos	-2
smurtas	-3
smurtas susijusi	-3
smurtinis	-3
snubs	-2
socialiai remtiniems asmenims	-2
spalvingi	3
spameriai	-3
spaudžiami	-2
spekuliacinis	-2
spekuliantas	-2
spindesys	3
sprendimai	1
sprendimas	1
sprendžiant	2
spąstai	-1
spąstus	-1
squanders	-2
squelched	-1
stabilus	2
staklės	-1
starves	-2
statyti į pavojų	-2
stebina	2
stebinti	3
stebuklai	3
stebuklas	4
stebėjosi	2
stereotipas	-2
stimuliuoja	1
stingti	2
stinked	-2
stipresnis	2
stipriausia	2
stiprinimas	2
stiprinti	2
stiprus	2
stiprybes	2
streikai	-1
streikas	-1
stresas	-1
stresoriai	-2
stresorius	-2
stula	-2
stulbinantis	4
su nuolaida	-1
su trūkumais	-3
suabejojo	-1
suakmenėjęs	-2
suardyti	-2
subalansuotas	1
sucks	-3
sudarė	-1
sudaužė	-2
suderinti	2
sudėtingas	2
sueing	-2
sugadintas	-3
sugadinti	-2
sugedo	-1
sugedęs	-1
suglumęs	-2
sugriautas	-3
sugriovimo	-2
sugėdintas	-2
sugėdinti	-2
suimtas	-3
suimti	-2
suinteresuotas	2
suirzęs	-3
sujaudinimas	3
sukietėja	2
sukilimas	-2
sukilėliai	-2
sukilėlių	-2
suklaidinta	-2
suklaidinti	-3
suklastoti	-1
sukrečiantys	-2
sukčiai	-3
sukčiavimai	-4
sukčiavimas	-4
sukčius	-3
sulaikymas	-2
sulaikytas	-2
sulaikyti	-2
sulaužymas	-2
sulking	-2
sulėtinti	-2
sumanus	1
sumažindavo	-1
sumažino	-2
sumažėjo	-1
sumenkinti	-2
sumišęs	-2
sumuštas	-2
sunaikina	-3
sunaikinti	-2
sunerimęs	-2
sunkinantis	-2
sunkios	-2
sunkių	-3
sunku	-1
sunkumas	-2
sunkus	-1
supainioti	-2
supanikavo	-3
supaprastina	-2
supaprastinimas	-2
supaprastino	-2
supjaustyti	-1
suplyšusi	-2
supuvęs	-3
supykdė	-3
suriko	-2
susiduria	-1
susidurti	-1
susidūrimas	-2
susidūrimo	-1
susierzinimas	-2
susierzinęs	-2
susijaudinęs	3
susikrimtęs	-2
susilpnina	-2
susilpnėjo	-2
susiraukęs	-1
susirūpinęs	-2
susitarimas	1
susitarti	1
susižavėjimas	3
susižavėjusi	3
sustabdymas	-1
sustabdyti	-1
sustingti	2
sustiprino	2
sustojimai	-1
sustojo	-1
susvetimėjimas	-2
sutaikantis	2
sutaikinti	2
sutartas	1
sutaupyti	2
suteikimas	1
suteikta	1
suteikti	1
suteneris	-2
suteršta	-2
sutikimai	2
sutikimas	2
sutinka	1
sutrikdo	-2
sutrikdyti	-2
sutrikimai	-2
sutrikimas	-2
sutrikimų	-2
sutriktų	-2
sutrikusi	-2
sutrinka	-2
sutrukdyti	-2
sutrumpinimas	-2
suvaržytas	-2
suviliojo	-1
suvokti	2
suėmimai	-2
sušikti	-4
sušikti didelis	4
sušikti fantastiška	4
sušikti geras	4
sušikti gražus	4
sušikti karšto	2
sušikti mielas	4
sušikti myli	4
sušikti nuostabi	4
sušikti pažinčių	4
sušikti tobula	4
sužadinti	3
sužalojimas	-2
sužavėtas	4
sužavėti	3
sužeistas	-2
sužlugdytas	-2
svaiginantis	-2
svajingas	-1
svajonės	1
svajoti	1
svarba	2
svarbus	2
sveikas	2
sveikina	2
sveikinimai	2
sveikinimas	2
swindles	-3
sąjungininkas	2
sąmokslas	-3
sąvartynas	-1
sėkmingai	3
sėkmingas	3
sėkmė	3
sūnusofakalė	-5
taika	2
taikiai	2
taip	1
talentas	2
tam tikras	1
tamsa	-1
tamsiausias	-2
tamsėja	-2
tard	-2
tardytas	-2
tariasi	-1
tarp mūsų	2
tartis	-1
tarša	-2
teig	2
teigiamai	2
teigiamas	2
teisinga kryptimi	3
teisingumas	2
teisiškai	1
teismo šaukimas	-2
teisumas	2
teisėtai	2
teisėtas	2
teisę	1
tempia	-1
tepinėlis	-2
teroristai	-2
teroristas	-2
terorizuojama	-2
terorizuojami	-3
terorizuoti	-3
terrorizes	-3
teršalai	-2
teršalas	-2
teršalų,	-2
teršia	-2
teršti	-2
teršėjai	-2
teršėjas	-2
tiesa	2
tiesiai	1
tikimybė	2
tikiuosi	2
tikri	-1
tikslingas	2
tikėjimas	1
tingus	-1
tinkamai	2
tinkamas	2
tirada	-3
tironiškas	-3
tobulinimas	2
tobulinti	1
tobulumas	3
tolerancija	2
tolerantiškas	2
totalitarinis	-2
totalitarizmas	-2
touts	-2
trafaretiškas	-2
tragedija	-2
tragedijų	-2
tragiška	-2
traiškyti	-1
trankymas	-2
traukia	1
trauktis	-1
trauma	-3
trauminis	-3
traumų	-2
treasonous	-3
tremti	-1
trestai	1
triukšmingas	-1
triukšmo slopinimo	-1
triumfas	4
triumfuojantis	4
trokštantis	2
trolis	-2
trukdančias	-2
trukdoma	-2
trukdyti	-2
trumparegiška	-2
trumparegystė	-2
trupinimo	-1
trėmimai	-2
trūkumai	-2
trūkumas	-2
trūkumų	-2
trūkčioti	-3
turtas	3
turtingai	2
turtingas	2
turtingesni	2
tuštuma	-1
tuščia	-1
tuščiaviduris	-1
tvaikas	-2
tvariai	2
tvarumas	1
tvarus	2
tvirtas	2
tvirtina	2
tvirtindama	-1
tvirtinimas	-2
tykoti	-1
tyrans	-3
tyrinėjimai	1
tyrinėjimas	1
tyčiojosi	-2
tęsiasi	1
ugh	-2
uncredited	-1
uninvolving	-2
unreleting	-2
unresearched	-2
uolus	2
utėlėtas	-2
užblokuotas	-1
uždegimas	-2
uždegimo pertrūkiai	-2
uždraustas	-2
uždrausti	-1
užgaulus	-3
užguitas	-2
užjaučiantis	2
užkirsti kelią	-1
užkrečia	-2
užkrečiamas	-1
užkrėsti	-2
užmaršus	-2
užmaskuoti	-1
užmuštas	-3
užpuolimas	-2
užpuolimų	-2
užpuolė	-1
užsiimti	1
užsikrėtę	-2
užsispyręs	-2
užteršimas	-2
užteršta	-2
užterštas	-2
užteršti	-2
užtikrina	2
užtikrintai	2
užtikrinti	2
užtverta	-2
užuojauta	2
vadovavimas	1
vagis	-2
vagystė	-2
vaidentis	-1
vaiduoklis	-1
vaiduokliškos	1
vaikiškas	-2
vaizdingas	2
valdantieji	1
valdžia	1
valio	5
valytuvas	2
vangus	-2
vargas	-2
varžovas	-1
varžymasis	-2
varžyti	-2
veidmainiškas	-2
veiks neteisingai	-2
veiksmingas	2
velnias	-3
velniškai mielas	3
vemia	-3
vemti	-3
vengia	-1
vengimas	-1
vengti	-1
ventiliatorius	3
verdiktas	-1
vergai	-3
vergas	-3
vergija	-3
verkia	-2
verkimas	-2
verkti	-2
vertas	2
verteiva	-2
vertina	2
vertinamas	2
verčiamas	-2
veržimasis	-2
vešlus	4
victimizes	-3
vidurių užkietėjimas	-2
vidutinybė	-3
vienas	-2
vieninga	1
vieningas	1
vienišas	-2
vientisumas	2
vieną kartą gyvenime	3
vikrus	2
viktimizacija	-3
vilkti	-1
viltingas	2
viltis	2
viltys	2
virpėjimas	-2
virulentinis	-2
viršus	2
visur esantis	2
vitaminas	1
vizija	1
vizijos	1
vizualizavimas	1
vėmimas	-3
walkouts	-2
wanker	-3
warmhearted	2
woohoo	3
wooo	4
woow	4
wowow	4
wowww	4
wprawia, pagirti	3
wtff	-4
wtfff	-4
xoxo	3
xoxoxo	4
xoxoxoxo	4
yeees	2
yra derinamas	2
Čiaudėti	-2
čempionai	2
čempionas	2
čiaudint	-2
čiaudėjimas	-2
Į sveikatą	2
Įkvėptas	2
Įsiutęs vyriškis	-2
Įžeisti	-3
įbauginimas	-2
įbauginti	-2
įdomiai	2
įdomus	3
įgalinimas	2
įgalinti	2
įgytas	2
įgyti	2
įjungiamas	1
įkalinimas	-2
įkalintas	-2
įkvepia	2
įkvepiantis	2
įkvėpimas	2
įkvėpti	2
įkyrus	-2
įkėlė	-2
įniršinti	-2
įnoringas	1
įpykęs	-2
įsimintinas	1
įsipareigoja	1
įsipareigojant	1
įsipareigojimas	2
įsipareigojusi	1
įsipareigoti	1
įsitikinęs	2
įsitikinęs,	1
įsiutimas	-3
įsiutinti	-2
įsiutęs	-2
įsižeidęs	-2
įskiepyti	-2
įspėja	-2
įspėjimai	-3
įspėjimas	-3
įspėti	-2
įspūdingas	3
įspūdį	3
įspūdžio	-2
įstrigo	-2
įsukus	-3
įtaigus	3
įtaisas	-1
įtakingas	2
įtampa	-1
įtariamas	-1
įtariamieji	-1
įtarimai	-2
įtarti	-1
įtartinas	-2
įteigti	3
įtempti	-2
įtikina	1
įtikinti	1
įtraukti į adresyną	2
įtvirtino	2
įtvirtintos	-1
įvertinimas	2
įvertinti	2
įvykdymas	2
įvykdyti	2
įvykdė	2
įžambus brūkšnys	-2
įžeidimas	-2
įžeidinėjimų	-2
įžeidė	-2
įžeidžiantis	-2
įžeisti	-2
įžvalgumas	2
įžūlus	3
Šventės	3
Švęsti	3
šaipėsi	-2
šalina	-2
šališkas	-2
šališkumas	-1
šalutiniai poveikiai	-2
šalutinis poveikis	-2
šansas	2
šantažas	-3
šantažuojamas	-3
šantažuoti	-3
šaudymas	-2
šaudyti	-1
šauksmas	-1
šaukė	-2
šedevrai	4
šedevras	4
šikna	-4
šiknius	-5
šiltas	1
šiluma	2
šio	1
širdžiai malonus	3
šiukšlinimu	-2
šiurkštus	-2
šiurkščiai	-2
šiurpus	-2
škvalas	-2
šlamštas	-2
šlovingas	2
šlovė	2
šlykštumas	-3
šlykštus	-3
šlykštėtis	-3
šmeižikiškas	-2
šnekama	-2
šnipštas	-2
šokai	-2
šokas	-2
šokiruojantis	-2
šunsnukis	-5
šurmulys	-3
švaistomi	-2
švaistymas	-2
švarus	2
švelnumas	2
švelnus	2
šventimas	3
šventinis	2
šventiškas	2
švenčia	3
šviesus	2
šviežias	1
švinkti	-2
šykštus	-2
šypsena	2
šypsenų	2
šypsokis	2
šūdas	-3
šūdinas	-3
Žemiausia	-1
Ženklinimas prekiniu ženklu klaidinanti	-3
Žmogžudystės	-3
žadintuvas	-2
žaidimas keičiasi	3
žaismingas	2
žaizda	-1
žala	-2
žalia plauti	-3
žalia skalbimo	-3
žalingas	-2
žalios	-1
žavesys	3
žavi	3
žaviai	3
žavisi	3
žavus	3
žavėjo	3
žavėti	3
žavėtis	3
žeidžia	-2
žeminančią	-2
žiauriai	-3
žiaurumas	-3
žiaurus	-2
žioplys	-4
žlugdo	-2
žlugimas	-2
žlugo	-2
žlugti	-2
žlugęs	-2
žlunga	-2
žmogžudystė	-2
žmogžudystės	-2
žmogžudysčių	-2
žudikas	-2
žudymas	-3
žuvusiųjų	-3
žvitrus	2
žygdarbiai	-2
žymių	2
žymus	3
žėrėjimas	3
žįsti	-3
