AEG	-2
Aarmut	-1
Aart	2
Abroch	-2
Abrochalarm	-2
Abschnitt	-2
Absolut	-2
Acceptéieren	1
Accident	-2
Accidenter	-2
Accord	1
Adel	2
Affairen	2
Affer	-2
Affront	3
Afloss	2
Ageschränkt	-2
Agressioun	-2
Aids	-2
Akraafttriede	2
Aktionär	2
Aktioun	-2
Aktiounen	2
Aktualitéit	1
Akzeptanz	1
Alad	-1
Alarm	-2
Album	2
Alliéierten	2
Altosan	-2
Amalia	-2
Amerikaner	-2
Amusement	3
Angers	-3
Angscht	-2
Angschtgefiller	-2
Angst	-3
Aquarell	3
Arschloch	-4
Artikel ass	-2
Aschnëtt	3
Asklepios	-1
Attacken	-1
Attraktioun	2
Attraktiounen	2
Attraktivitéit	2
Au	-2
Ausleefer	-2
Ausschreiwung	2
Ausser	2
Auszeechnunge	3
Auszich	-3
Auteure	-2
Autorisatioune	2
Autoritéit	1
Autowrack	-2
Avenant	2
Avenger	-2
Aventuren	2
Awierkung	-2
Axt	-1
Baaschtert	-5
Baaschterte	-5
Barbare	-2
Barmhäerzegkeet	2
Barriär	-2
Barrière	-2
Bedauered	-2
Bedeelegungen	-3
Bedeitung	1
Bedrohung	-2
Bedruch	-4
Bedrugsversuch	-3
Bedupspolitik	-2
Begeeschterung	2
Begriefnes	-1
Begriefnësser	-1
Begréissung	1
Behënnerung	-2
Behënnerungen	-2
Belaascht	-2
Belaaschtung	-2
Beleidegungen	-2
Belounung	2
Belästegunge	-3
Besuergnëss	-2
Betreiung	2
Bidon	-2
Bierger	4
Bijou	1
Bijoue	1
Biller hei um Site	-2
Bitches	-5
Blessure	-2
Blesséierter	-2
Blockade	-2
Blénken	3
Bord	1
Bourbonen	1
Boxerbiografie	-1
Braut	2
Bravura	3
Brillanten	2
Brutto	-1
Bräich	2
Bréiwer	-1
Brüller	-2
Buch	2
Buedemkontakt	2
Buergermeeschter	-2
Bunga	-2
Bësch	2
CSJ	-3
Cadeau	2
Capital	-2
Carlton	-2
Chalet	-2
Champions	2
Chance	2
Chancen	2
Chaos	-2
Charisma	2
Charme	3
Chefeconomist	-1
Chômage	-2
Chômeuren	-1
Clueless	-2
Comedy	1
Comic	1
Commemoratiounen	3
Cool	-3
Courage	2
Couragéiert	2
Coward	-2
Creutzfeld	-3
Crémant	3
Cylisten	1
De Kleeschen suz	-1
DeFer	-1
Dee Moment	-2
Defizit	-2
Demonstranten	-2
Demonstratioun	-2
Denier	-2
Deportivo	3
Desaktivéiere	-1
Diamanten	1
Dick	-4
Dignitéit	2
Diiren	-2
Dilemma	-1
Dommheeten	-3
Don	2
Doom	-2
Doors	-2
Dot	-2
Doud	-2
Doudesfall	-2
Doudesfäll	-2
Douten	-1
Dram	1
Drecksak	-5
Dreem	1
Dribbelkënscht	-3
Droberoderin	-2
Drock	-1
Dräimol	-2
Drénkwaasser	-2
Drëps	1
Du	-2
Duerno	4
Dueropshin	-2
Dumouriez	2
Dumps	-1
Dunn	-1
Dynamik	3
Däischtert	-1
Dénger	-2
Dénger gutt	4
Dénger léif	3
Désapprobatioun	-2
Dënschden	2
Echec	-2
Eck	-2
Eefalt	-3
Eefamilljenhaus	1
Eelefmeter	-2
Eenegung	2
Efforten	-2
Egoismus	-3
Elola	-2
Emanzipatioun	2
Emgang	-2
Encouragement	2
Eng schéi Kombinatioun	-2
Engagement	2
Enke	-2
Enquête	-2
Enragé	-2
Entfaalung	2
Entschëllegung	-1
Enttäuschungen	-2
Entzuch	-3
Eos	2
Epidemie	-2
Erausfuerderung	-1
Erbaarmen	2
Erfolleg	3
Erfreelech	-1
Erhéijung	1
Erliefniss	2
Ernennung	-2
Erpressung	-2
ErrorUndefined	-2
ErrorWithTranslation	3
Erwaardung	1
Erënnerungen	2
Espoir	2
Et geet elo	2
EuphoriaLanguage	3
Europaparlament	1
Evakuéierung	-1
Evenement zréckzeféieren	-2
Evolutioun	-2
Exchange	-2
Excuse	-1
Exigenze	-1
Exklusioun	-1
Exkommunikatioun	2
Extremiste	-2
Faaschtenzäit	2
Faillite	-3
Fairness	2
Fakten	-4
Fal	-1
Fallen	-1
FanenFrëndlechkeet	3
Fatalitéit	-3
Favoritten	2
Fazit giff	-2
Feeler	-2
Feier	3
Feierlechkeeten	2
Feiert	3
Feinde	-2
Feinden	-2
Ferizaj	-2
Fertilisatioun	-2
Fiasco	-3
Finte	3
Firma	-2
Flillek	-2
Fluchen	-1
Fluchtweeër	1
Folter	-4
Fond	2
Footballterrain	4
Fortschrëtter	2
Fouen	2
Foul	-2
Fra	2
Frankräich	-3
Fraën	-3
Frechheete	-3
Frederico	-2
Fridden	2
Fro	-1
Froën	1
Frustratioun	-2
Fräiheet	2
Fräiheeten	2
Frënd	1
Frëndlechkeet	2
Frëndschaft	2
Fudder	1
Funktioun	2
Fähegkeet	2
Fähegkeeten	2
Féiwer	4
Félicitatiounen	2
Fördere	1
Games	-1
Ganz elegant	2
Gebitt	-2
Geck	-2
Geescht	1
Geeschter	2
Geeschterbunn	-1
Gefill	1
Gefor	-2
Geforen	-2
Gefällegkeet	-2
Gehälterreform	-2
Geldstrof	2
Geléigenheet	-3
Gemengeconsellje	3
Genial	3
Gerechtegkeet	2
Gerempels	-1
Gesichter	2
Gesondheetsleeschtungen	-2
Geste	2
Gewalt	-2
GewaltZesummenhang	-3
Gewënner	4
Gewënnspiller	4
Gewënnzweck	2
Gewëssen	1
Gier	-3
Glawen	1
Gleck	2
Glidder	-2
Gläichgültegkeet	-2
Gléck	3
Glécksgefill	3
Gnod	1
Gold	2
Goofy	-2
Gott	1
Gourmangzegkeeten	3
Graf	-2
Groussbrand	-2
Gréiss	2
Grënn	-2
Gudde Moien	1
GuttErgoen,	2
GuttEtappen	2
GuttSchwéierpunkt	2
Guttengagéiert	3
Guttoffiziell iwwerwaacht	2
Gänsestall	-2
Géigerevolutioun	-2
Géigespiller	-3
Géigewier	-1
Géigner	-2
Gëft	-2
HUES	-1
Haapttäter	-2
Haass	-3
Haft	-2
Hahaha	3
Halswéi	-1
Handwierker	2
Hannerloos	3
Hardy	2
Harnweeër	-2
Hehe	2
Helde	2
Hell	-4
Hellegkeet	2
Heroes	-3
Herrlechkeet	2
Hetzinstrument	-2
Himmel	2
Himmelräich	2
Hindernis	-2
Hindernisser	-2
Hit	-2
Hoffnungslosegkeet	-2
Hohn	2
Honger	-2
Hongersnout	-2
Huesen	-2
Humor	2
Hunn	-5
Häerzen	3
Héichadel	-2
Héichpunkt	2
Héichverrod	-3
Hëllef	2
Hëtzt	2
IAU	-4
Iddi	-2
Identitéit verléiert	-2
Idiote	-3
Ierger	-2
Ignoranz	-2
Ingredienten	-2
Inkompetenz	-2
Innovatioun	1
Inquisitioun	-2
Inspiratioun	2
Inspiratiounsquell	2
Integritéit	2
Interesse	1
Intrig	-3
Intrigen	1
Invasioun	-1
Invitéiere	1
Ironie	-1
Iwerzeegung	-2
Iwwergewiicht	-1
Iwwerliewenspensioun	2
Iwwerzuelsituatioun	3
Jacobson	-4
Jalousie	-2
Jans	2
Jesus	1
Jongvundergesouch	-5
Jonk	2
Jousel	2
Joëlle	-2
Jugendlechen	4
Jumpy	-1
Juwel	3
Kalitéiten	2
Kam kuckt	-3
Kampf	-1
Kampf géint	-2
Kaméidi	-1
Kandidat	-2
Kappwéi	-2
Karneval	2
Katastroph	-2
Katastrophen	-2
Keys	-2
Kierch	-2
Kilometer	-4
Kinnigin	-3
Klinik	-2
Klo	-1
Kloerheet	2
Knascht	-2
Knëppelsteng	2
Kollisioun	-2
Kompetenzen	1
Konditioun	2
Konflikt	-2
Konflikter	-2
Konfort	2
Konsumente	-3
Kopfhörer	-2
Korruptioun	-3
Koup	-2
Kraaft	2
Krankheet	-1
Krankheete	-2
Krankheeten	-1
Krecké	-3
Krich	-2
Kriibs	-1
Kriminalitéit	-3
Kriminell	-3
Kris	-3
Kritik	-2
Kritiken	-2
Kräisch	-1
Kult	3
Kuss	2
Kämpf	-2
Kärel	2
Kéier	2
Kënnen	1
Köstlechkeeten	3
Laascht	-2
Leck	-1
Leed	-2
Leeder	3
Leedung	1
Leiden	2
Leit, déi eis	2
Letztebuergeschen ged	-2
Lidder schreiwen opgehalen	3
Liewe geholl	-2
Liewen	-2
Ligener	-3
Liggen	2
Ligner	-3
Liichtegkeet	2
Limitatioun	-1
Limite	3
Link	-2
Lobbyist	-2
Loftugrëff	-1
Logik	-3
Loutrenge	-2
Loyalitéit	3
Luew	3
Luxus	2
Lycéeszäit	2
Läich	-1
Lämmes	-2
Läppchen	-3
Léiergeld	3
Léiffrawëschdag	-2
Léifsten	2
Léift	3
Léisung	2
Léisunge	1
Lëscht	-1
Lëtzbuerg	2
MOODY	-1
Macaulay	2
Madly	-3
Magie	-3
Majo	-2
Makabert	-2
Mangel	-2
Manifestatioun	-1
Manipulatioun	-1
Mann	-3
Marine	2
Massepanik	-2
MatchDecisioun	3
Matière	1
Meenungsverschiddenheet	-2
Meeschterwierk	4
Melusina	-1
Menace	-2
Merci	2
Merci soe	-2
Merite	-2
Messing weider	-2
Messstänn	-2
Miessunge	-3
Mir	-1
Mir wëlle	1
Misär	3
Misère	-2
Mme	-2
Mod	3
Moment virstelle kéinten	-2
Moosnahmen	-2
Mord	-2
Morden	-2
Motivatioun	1
Musekprofesseren	2
Musse	-1
Mutes	2
Mängel	-2
Märder	-3
Méi schlecht	-2
Méiglechkeet	2
Méiglechkeeten	2
Mënschheet	-2
Mëssbrauch	-2
Mësserfolleg	-2
Mëssgléckt	-2
Mësstrauen	-3
Mëtten	-2
Nanterre	-2
Narr	-2
Narren	-2
Nationalheld	2
Negatioun	-2
Neid	-1
Neistart	3
Nereiden	-3
Nereïden	2
Netguttgeheescht	-2
Nickname	-3
Niddregspannung	-2
Nikotin	-2
Niveau erof	2
Nodeel	-2
Nodeeler	-2
Nodeem s	-2
Nofro	-1
Nohaltegkeet	1
Nokucke	1
Noutsituatiounen	-2
Nuetsflich	-2
Nullitéit	2
Néierlag	-2
Nëss	-3
Nëtzlechkeet	2
OPCen	-2
Observatiounen	-2
Ofdreiwung	-2
Offall	-1
Offäll	1
Oflenkungsmanöver	-2
Ofschreckung	-2
Ofwiesselung	3
Oks	2
Onfäegkeet	-2
Ongerechtegkeet	-2
Ongleeweg	-1
Ongléck	-2
Onglécklech	-2
Onméiglechkeet	-2
Onwourechte	-3
Onéierlech	-2
Opbauaarbecht	-1
Opléisung	2
Opootmen	-2
Opreegung	3
Oprou	-2
Oxymoron	-1
Paix	2
Panik	-3
Paradox	-1
Paradäis	3
Passioun	1
Perfektioun	3
Period	2
Persoun	-1
Perspektiven	1
Pharrell	-2
Plackefirma	-2
Plainte	-2
Plakke	-4
Pleséier	3
Plo	-3
Pläng	2
Popularitéit	3
Porno	-2
Positioun	1
PostFraën	-2
Preventioun	1
Prisong	-2
Prisongsstrof	-2
Prisonnéier	-2
Prisonéier	-2
Problem	-2
Problemer	2
Procureur	-1
Promotioun	1
Propaganda	-2
Propellerhiewel	2
Prophéit	-3
Prost	2
Prostituéiert	-2
Protest	-2
Protester	-2
Protokoll kritt	-3
Prozess	2
Präis	3
Präventioun	-1
Präzisioun	2
Punkten	-2
Péng	-2
Pëlle	-2
Qualitéit	2
Quell vun Inspiratioun	3
Raiber	-2
Rassismus	-3
Rasterung	-2
Rebellen	-2
Rebellioun	-2
Recht	1
Rechter	-3
Reese	-2
Refugiéen	-3
Regierung bësse méi realistesch	-2
Reklamatioun	-2
Reklamatiounen	-2
Relatiounen betrëfft	-2
Renvoi	-2
Republikaner	-2
Respekt	2
Responsabilitéit	1
Restauratioun	1
Restriktioun	-2
Retard	-1
Rettung	2
Rettungsween	2
Rigel	-2
Rino	-2
Risiken	-2
Rob	-2
Rooserei	-2
Roserei	-2
Roude	-3
Ruin	-2
Ruine	-2
Rutt	-2
Räichtum	3
Räikkönen	-1
Räzess	-2
Réck	-1
Réckmatch	-2
Réckproduktioun	-2
Récktrëtt	-1
Réckzuch	-1
Sabotage	-2
Sait	-2
Sak	-3
Sauerstoff	-2
Saz	-2
Schatz	2
Schiermer	-2
Schlecht	-2
Schluecht	-1
Schluechte	-1
Schlëmmst	-3
Schmiergeld	-3
Schmiergelder	-3
Schock	-2
Schold	-2
Schold un	-2
Schoule géing gesinn	2
Schreiwe	-1
Schreiwen	-2
Schued	-3
Schuedensersaz	-3
Schweigen	-2
Schwong	1
Schwäch	-2
Schwächten	-2
Schwéierpunkt	2
SchwŠin	-3
Schäfferoot	-2
Schätz	2
Schéinheet	3
Schéins	-1
SchŠiss	-4
Segen	3
SelfMëssbrauch	-2
Selfmech	-2
Selfwidderspréchlech	-2
Selfzouversichtlech	2
Seuche	-2
Sex	-2
Shrew	-4
Sie Angscht	-2
Siidlung	1
Siiwejärege	-2
Simplicitéit	1
Skandal	-3
Skandaler	-3
Skepsis	-2
Skeptiker	-2
Sklav	-2
Sklaven	-3
Sklaverei	-3
Slam	-2
Solidaritéit	2
Sommet	-1
Sonn	2
Sonn hannerhälteg	2
Sozialplang	-2
Spaass	4
Spaass mëscht	3
Spam	-2
Spammen	-2
Spammer	-3
Spannend	2
Spannungsmoment	-2
Spectateur	-1
Spektakel	-1
Spendenaktioun	2
Spott	-2
Sprooch	-2
Sproochen	2
Spuer	-2
Spuerplang	-2
Spuerstangen nach riicht	3
Spuren	3
Spären	-1
Staatsfinanzen	1
Staatsrôt	2
Staune	2
Staunen	3
Stierffall	-2
Stierfhëllef	-3
Stierwe	-3
Stolris	-2
Stopp	-1
Stress	-1
Strofdoten	-1
Stroffen	-2
Strooss	-2
Sträit	-2
Sträitfall	-2
Stuermugrëffer	-2
Stäerksten	2
Stäerkten	2
Stäerkung	2
Stécker	2
Stéiert	-2
Stéierungen	-2
Succès	2
Sue	-2
Suerg	-3
Suicide	-2
Suizid	2
Suizidversuch	-2
Sundowner	-2
Sympathien	2
Sympathisante	1
SäitEffekt	-2
SäitEffekter	-2
Sécherheet	2
Séilenheel	-2
Série	-2
Sënn	-2
Sënnen	-2
Talent	2
Tapferkeet	2
Tapéit	-2
Terror	-3
Terroriste	-2
Tervueren	-2
Testpersounen	-2
Tickete kritt	4
Times	-5
Titelverdeedeger	2
Titten	-2
Toleranz	2
Tournee	3
Tout	-2
Tragedien	-2
Trauer	-2
Trauma	-3
Tréine	-2
Tréinen	-2
Tréischterin	-1
Tugendräichen	2
Téinert	-2
Uergt	-3
Uerteeler	-2
Ufanks	-2
Ugedriwwe	2
Uklo	-2
Unerkennung	2
Unfänger	-2
Unificatioun	-2
Urecht	1
Uspréch	-2
Valorisatioun	2
Vanessa	-2
Verbesserung	2
Verbrauch vu	-2
Verbrieche	-3
Verbuet	-2
Verdacht	-1
Verdeedeger	2
Verdächteg	-1
Verenegong	1
Verfilmung	2
Verhaftungen	-2
Verkleedung	-1
Verlag	-2
Verletzungen	-2
Verloscht	-3
Verloschter	-3
Verléierer	-3
Verméigen	2
Verméigenssteier	2
Verschmotzer	-2
Verspanungen	2
Verstéiss	-2
Vertrauen	2
Vertrauenspersoun	2
Veruechtung	-2
Viagra	-2
Victoire	3
Victoiren	3
Victor	3
Viirdeeler	2
Violatioun	-2
Violatioune	-2
Virdeel	2
Virdeeler	2
Viru	-2
Virun allem	-3
Virwaat	2
Visioun	1
Visiounen	1
Visite guidée	-1
Viséier	-2
Vitamin	1
Volleksfest	2
Wahnsinn	-2
Wallfahrt	2
Warnung	-3
Warnunge	-3
Wat ass Är	-2
Websäit	-2
Weih	-2
Weltmeeschter	2
Weltraum	1
Westen	-1
Wettbewerbsverzerrungen	-2
Wichteges	-2
Wichtegkeet	2
Wierksamkeet	2
Wirtschaftssituatioun gutt	2
Witz	2
Witzer	2
Wo	2
Wonner	4
Wonsch	1
Wow	4
Wuelstand	3
Wuesstem	2
Wäermt	2
Wäertschätzung	2
Wäibau	1
Wäisheet	1
Wéer	2
Wéi fannt dir	-2
Wëllen	3
Wëllkomm	2
Wënsch	2
Wëssenschaftspädagogie	2
Zauberer	-1
Zealot	-2
Zelos	2
Zerstéierung	-3
Zesummebroch	-2
Zodi	-3
Zoppe	3
Zouschoss	1
Zouso	-2
Zoustëmmung	2
Zouverlässegkeet	2
Zuchaccident	-2
Zuchspannung	-1
Zukunftsambitioun	3
Zweekampf	-3
Zweifel	-1
Zweiwel	-1
Zwéckmillchen	-2
Zynismus	-2
Zännwéi	-2
a mir	2
aarmen	-2
aarmseilegen	-3
aarmséileg	-2
abandons	-2
abductions	-2
abhor	-3
abhorred	-3
abhorrent	-3
abhors	-3
aborts	-1
absentee	-1
absentees	-1
absolut	-2
absolve	2
absolves	2
absolving	2
absorbéiert	1
acceptéieren	1
acceptéiert	1
acquits	2
acquittéiert	2
acrimonious	-3
adequate	1
admonish	-2
admonished	-2
adoptéieren	1
adoration	3
adored	3
adores	3
adoring	3
adoringly	3
affectionateness	3
afréiert	-1
agaangen	2
agereecht	-2
aggravates	-2
aggressions	-2
aggressiv	-2
aggressiveness	-2
aghast	-2
agog	2
agonises	-3
agonize	-3
agonized	-3
agonizes	-3
agonizing	-3
aktiv	1
akzeptabel	1
akzeptéiert	1
alarmists	-2
alienation	-2
allegation	-2
aller	-2
allergescher	-2
allerléifst	3
alles iwwerbewärt	-3
als	-2
altruistic	2
ambivalent	-1
ameséiere	3
ameséieren	3
amusements	3
andéelen	-3
anere Länner	-2
anersäits	1
aneschters wéi säi Brudder	2
anguished	-3
annoys	-2
annuléieren	-1
annuléiert	-1
anti	-1
anzeschalten	2
anzeschreiwen	1
apathesch	-3
apeshit	-3
apokalyptesche	-2
apologizes	-1
appeased	2
appeases	2
appeasing	2
approuvéiert	2
appréciéieren	2
appréciéiert	2
ardent	1
arrogant	-2
arsehole	-4
ass	-4
ass et	-2
assfucking	-4
assuréieren	1
astoundingly	3
asw	-1
atrocious	-3
atrocity	-3
attackéiert	-1
attractively	2
attraktiv	2
ausdrécken	-2
ausfale	-2
ausféieren	2
ausgeliwwert	-3
ausgeléist	-2
ausgemaach	1
ausgeräiften	2
ausgesat	-1
ausgeschloss	-1
ausgesinn	3
ausgesäit	2
ausgewise	-2
ausgezeechent	3
ausseet	1
ausstelle	-1
austoben	-2
avantagéis	2
avenged	-2
avengers	-2
avenges	-2
avenging	-2
averstanen	1
averts	-1
badness	-3
bamboozle	-2
bamboozles	-2
bankster	-3
barbareschen	-2
batter	-2
batteren	-2
beandrockt	3
beatific	3
beauties	3
beautify	3
bedaueren	-2
bedauerlech	-3
bedauers	-2
bedauert	-2
bedeitendsten	3
bedréckt	-2
befit	2
begaange	-2
begeeschtert	5
begeeschterte	3
begeeschterten	2
begi	-3
begrenzten Dauer	-1
begréissen	1
begréisst	3
begéint	2
beieneen	4
bekannt	-1
bekannte	-2
beleidegen	-2
beleidegend	-2
belittle	-2
belittled	-2
belount	2
belästegt	-3
beléien	-3
beléift	2
bemierkenswäert	2
bemierkenswäerte	2
beméien	-2
beméit	-2
benefactor	2
benodeelegen	-2
beonrouegend	-2
beonrouegt	-2
bereave	-2
bereaved	-2
bereaves	-2
bereaving	-2
bereet	-2
berouegend	3
berühmte	2
bescheiden	1
beschiedegt	-3
beschränken	-2
bescht	2
beschte	3
beschte Dénger	4
beschwéieren	-2
beschwéiert	-2
beschëllegt	-2
besiegt	-2
besser	2
bestrofen	-2
bestrooft	-2
bestued	-1
bestëmmte	1
bestëmmten	1
besuergt	-2
betount	2
betraff	-1
betrügeresch	-4
bewonnere fir	3
bewonnert	3
bewosst	-2
bezuelen	-1
bidde	2
biet	1
bitterest	-2
blackmailed	-3
blackmailing	-3
blackmails	-3
blah	-2
blann	-1
bleiwen	-2
blesséiert	-2
blissful	3
bliwen	-3
bliwwen	-2
bloated	-1
blockéieren	-1
blockéiert	-1
bluddegem	-3
blurry	-2
boldly	2
bomb	-1
boosts	1
bothersome	-2
boycotted	-2
boycotting	-2
boycotts	-2
brainwashing	-3
brav	-2
braveness	2
bribed	-3
brilliances	3
bruecht	-2
brutal	-3
brutale	-3
bruëcht	-2
brénge	-2
bréngen dech	4
bréngt	-2
brëllen	-2
bummer	-2
buoyant	2
burdening	-2
béisen	-3
béiser	-2
bëllegversioun	-2
bëssen	-2
calms	2
camoufléiren	-2
captivated	3
cashing zu	-2
censor	-2
censored	-2
censors	-2
chagrined	-2
charges	-2
charmante	3
charmless	-3
chastise	-3
chastised	-3
chastises	-3
chastising	-3
cheaters	-3
cheerless	-2
cheery	3
cherishes	2
cherishing	2
chic	2
chide	-3
chided	-3
chides	-3
chiding	-3
choke	-2
clarifies	2
cocksucker	-5
cocksuckers	-5
cocky	-2
combats	-1
complacent	-2
conciliate	2
conciliated	2
conciliates	2
conciliating	2
conflictive	-2
congratulation	2
consolable	2
consomméiert	-2
contagions	-2
contaminant	-2
contaminating	-2
contaminations	-2
contemptible	-2
contemptuous	-2
contending	-1
contentious	-2
contestable	-2
contraire	-2
controversies	-2
cool	1
cornered	-2
corrupts	-3
courageousness	2
couragéiert	2
cowardly	-2
coziness	2
crazier	-2
crestfallen	-2
criminate	-3
criminated	-3
criminates	-3
cutbacks	-2
cynic	-2
cynical	-2
d`Schoul	-3
daaucht	-1
dank	1
dankbar	3
daredevil	2
darf	2
dass déi	-1
dassen	-2
dat	3
datt dat	-2
dauert	-2
dauntless	2
de Schnëtt	-1
deadening	-2
deafening	-1
debonair	2
deceives	-3
deceiving	-3
decouragéiert	-2
deel	-1
deelen	1
deelt	1
deen	2
deene	3
defekt	-3
defenseless	-2
deferring	-1
deformities	-2
deformity	-2
deforméiert	-2
defraud	-3
deft	2
degrades	-2
dehumanize	-2
dehumanized	-2
dehumanizes	-2
dehumanizing	-2
deitlech	2
deject	-2
dejecting	-2
dejects	-2
delighting	3
dem Kapp	-3
dementéiert	-1
demissionéieren	-1
demissionéiert	-1
demoralize	-2
demoralized	-2
demoralizes	-2
demoralizing	-2
denials	-2
deniers	-2
denken	-2
deploring	-3
deport	-2
deportations	-2
deporting	-2
deports	-2
deportéieren	-2
deportéiert	-2
depriméiert	-2
derail	-2
derails	-2
derelict	-2
deride	-2
derided	-2
derides	-2
deriding	-2
derision	-2
desillusiounéiert	-2
desirous	2
desorganiséieren	-2
desorganiséiert	-2
despairing	-3
despairs	-3
despondent	-3
deteriorates	-2
detracted	-1
devastate	-2
devastations	-2
devotional	2
di	-2
dichtege	1
dickhead	-4
diffident	-2
dilligence	2
din	-2
dipshit	-3
direful	-3
direkt	-2
dirtier	-2
dirtiest	-2
disagreeable	-2
disappoints	-2
disapprovals	-2
disapproves	-2
disapproving	-2
disbelieve	-2
discarded	-1
discarding	-1
discards	-1
disconsolate	-2
disconsolation	-2
discontented	-2
discounted	-1
discredited	-2
discriminates	-2
discriminating	-2
disgraced	-2
disguises	-1
disgustful	-3
disheartened	-2
disinclined	-2
disjointed	-2
diskriminatoresch	-2
diskriminéieren	-2
diskriminéiert	-2
diskutéiert	-2
disoriented	-2
disparage	-2
disparaged	-2
disparages	-2
disparaging	-2
disqualifizéiert	-2
disquiet	-2
disregarding	-2
disruptive	-2
distanzéieren	-2
distanzéiert	-1
distasteful	-2
distorting	-2
distorts	-2
distracts	-2
distresses	-2
distressing	-2
distrustful	-3
diverting	-1
dobai	-1
doduerch	-2
dofir	2
dogéint	-2
dohinner	3
dolorous	-2
domadder	-2
domm	-2
dommen	-2
doranner ze	-2
douche	-3
dour	-2
dout	-3
dovunner	-2
downcast	-2
drags	-1
dranner	3
dreading	-2
dreary	-2
dreckeg	-2
droopy	-2
drop	-1
druginn	3
drängt	-1
dréis	-3
dréngend	-1
duerchbäissen	3
duerchernee	-2
duercherneen	-2
duerchgebrach	-2
duerno	-3
dump	-1
duped	-2
dupery	-2
däin Feier	-2
däischterer	-2
däischterste	-2
décisiven	1
déi	2
déidlecher	-3
déif	2
désagréabel	-2
dësen	2
düster	-2
ech hun	-2
eegen Haut	-1
eeler	2
eemolanenLiewensdauer	3
eemolegen	-1
eenzel populistesch Ausnahmen lafen	3
eerie	-2
eery	-2
efficace	2
effikass	2
egal	-3
egoïstesch	-3
eidel	-1
einfach	1
eklege	-3
elated	3
elegant	2
eleng	-2
ellent	-3
embarrasses	-2
embezzlement	-3
embittered	-2
empathetic	2
empfond	-2
empowerment	2
emptiness	-1
encadréiere	-2
encouragéieren	2
encouragéiert	2
endlech	1
energesche	2
eng Pistoul	-1
eng Schan	-2
eng Zäitchen	-2
engagéieren	1
engagéiert	2
engagéierten	2
enge	-2
engems	-1
enlightens	2
ennui	-2
enrages	-2
enraging	-2
enrapture	3
enseignéiert	-1
enslave	-2
enslaves	-2
entfouert	-2
entholl	-2
enthrall	3
entkommen	-1
entlooss	-2
entsat	-3
entschëllegen	-1
entschëllegt	-1
entstan	-2
enttäuschende	-2
enttäuscht	-2
entzéien	-1
envies	-1
envying	-1
epilepteschen	-2
equilibréiert	1
eragetrudelt	2
eranzekommen	-2
erausgoen	-2
erausrécken	-4
erbäigezunn	-3
erdrenken	-2
erdrécken	-1
erfollegräich	3
erfonnt	-1
erféieren	-2
erféiert	-2
erfëllen	2
erfëllt	2
ergrënnen	1
ergänzt	2
erhuelsam	2
erhéicht	-2
erhéijen	-2
erlaben	1
erleiden	-2
erliichtert	2
erléisen	-1
erléist	2
ermuert	-3
ermëttelen	-2
ermëttelt	-2
erofgaangen	-2
erofgefall	2
erofzefalen	-2
erop	2
erreechbar	-1
erreeche	1
erreecht	1
erschoss	-2
erschreckender	-2
erschreckt	-2
erstach	-1
erstaunlech	4
erstaunt	3
erstéckt	-2
erwaarde	-1
erweidert	1
erwisenermoossen	-2
erëmbeliewen	2
erëmfonnt	2
erëmfënnt	-2
erënnert	-2
esouvill	-3
ethesch	2
euphoric	4
evacuates	-1
evacuating	-1
evakuéiert	-1
evergreen	2
evergreening	-3
evergreens	2
eviction	-1
evitéieren	-1
evitéiert	-1
ewechfléie	-3
ewechgeholl	-3
exacerbates	-2
exacerbating	-2
exaggerates	-2
exaggerating	-2
exasparate	-2
exasperates	-2
exasperating	-2
excellence	3
excellent	3
exhilarated	3
exhilarates	3
exklusiv	2
exonerate	2
exonerates	2
exonerating	2
expandéiert	1
expelling	-2
exploitéieren	-2
exploitéiert	-2
explorations	1
extremistesch	-2
exultant	3
exultantly	3
fabulously	4
fad	-2
fag	-3
fagots	-3
fainthearted	-2
fair	2
faker	-3
fale	-2
falsch	-1
falsch interpretéiert	-2
falsche	-2
falsche Wee	-3
falsify	-3
fan	3
fantastesch	4
fantastescher	3
farce	-1
fascinates	3
fascists	-2
faszinante	3
faszinéieren	3
faszinéiert	3
fatale	-3
fatalities	-3
fatigued	-2
fatigues	-2
fatiguing	-2
favoriséiert	2
favorited	2
favourited	2
fearfully	-2
fearlessness	2
fearsome	-2
fehlerhafter	-2
feiert	3
feindlecher	-2
felonies	-3
fervent	2
fervid	2
fescher	-2
fett	2
fidgety	-2
fille	-2
filmt	3
fir seng	-2
firchterlech	-2
firstellen	1
fit	1
fitness	1
flees	-1
flott	3
flou	-2
flustered	-2
follegen	-2
fonctionnéiert	3
forbidding	-2
forcéiere	-2
forcéieren	-1
forcéiert	-1
foreclosures	-2
forgetful	-2
forgettable	-1
fortgeschratt	1
fraudster	-4
fraudulence	-4
freak	-2
freedeg	3
freeë	3
frenzy	-3
friddlech	2
friddlechen	2
frikin	-2
frisky	2
frou	3
frowning	-1
fruchtbarem	2
frustrate	-2
frustréiernd	-2
frustréiert	-2
fräi	1
frëndlech	2
frësch	1
ftw	3
fuckers	-4
fuckface	-4
fuckhead	-4
fucktard	-4
fud	-3
fuddelen	-3
fuerchtbar	-3
fuked	-4
fuking	-4
fuming	-2
futti gemaach	-2
fäerdeg bruecht	-2
fäert	-2
fäerte	-2
féiert	-2
gaaanz	-2
gaeren	2
gagged	-2
galant	3
gallantly	3
ganz	2
ganz besonnesch	3
ganz grousst Vertrauen	-2
ganz wéineg	-2
garantéieren	1
gebiet	1
gebirelt	-2
gebrach	-1
gedeelt	1
gedroe	1
gedronk	-2
gedréckt	-2
gedéngt	3
geet nët	-3
gefaangen	-2
gefeiert	3
gefoltert	-2
gefouert	-2
gefrot	-1
gefréisseg	-2
gefuerdert	-1
geféierlech	-2
gefördert	1
gegréisst	2
gehackt	-1
gehalen	-3
gehandelt	-2
gehongert	-2
gehéieren	-2
gejaut	-2
geklappt mee	-4
geklaut	-2
gekoppelt	2
gekrasch	-2
gekuckt	-2
gekämpft	-2
gekëmmert	-2
gelengt	3
gelidden	-2
gelongen	3
geluewt	3
gelungent	-2
geléist	2
gemeng	-2
gemitterlech	2
gemittlecher	3
genau	3
generéis	2
genuch	-2
gepisst	-3
geplot	-3
geputscht	2
gepëtzt	-3
gerecht	-2
gerett	2
geruff	-2
gesat	-2
gescheit	1
geschleidert	-1
geschmuggelte	-3
geschrauft an	-3
geschummt	-2
geschwuer	-2
geschwächt	-2
geschëppt	1
geselleg	2
gesond	2
gesondheetlechen Grënn	-2
gesouch	-5
gespaart	-1
gespenstlech	-2
gespent	2
gespillt	3
gestalten	2
gestaunt	2
gestibitzt	-1
gestoppt	-1
gestuerwe	-2
gestuerwen	-3
gestéiert	-2
gesäit	-2
geséchert	2
getraut hunn	2
getréischt	2
gewaltsam	-3
gewannen	2
gewiecht	-2
gewierkt	-2
gewiescht	2
gewisen, wie	2
gewënnt	4
gewëssen	1
gezweiwelt	-1
geännert	-2
geéiert	2
giddy	-2
gleeful	3
globalen	-2
glum	-2
glécklech	3
glécklechen	3
glécklecherweis	2
goddamn	-3
godsend	4
goofiness	-2
gouf	-2
goufe	-2
gr8	3
gracious	3
granzt	-2
gratuléiert	2
grausam	-3
grausame	-3
greenwash	-3
greenwasher	-3
greenwashers	-3
greenwashing	-3
grieved	-2
grim	-2
gripping	2
grisly	-2
gro	-1
groaning	-2
grouss	3
groussaarteg	2
grousse	1
grousst	1
growths	2
gréisste	3
gréng wäschen	-3
grénger Siicht	-4
gullibility	-2
gullible	-2
gutt	3
gutt entwéckelt	2
gutt etabléiert	2
guttgeheescht	2
gär	3
gären hätten	-3
géife	2
géigesäiteger	-1
géint	-1
gëeegent	2
gëfteg	-3
gëftegt	-3
gënschteg	2
gëss	-1
ha	2
haartnäckege	-2
haassen	-3
haasst	-3
haha	3
hahahah	3
hallelujah	3
hannen kucken	-2
haplessness	-2
harasses	-3
hardier	2
harmonesch	2
harmonescher	2
harmonescht	2
harried	-2
harshest	-2
hater	-3
haters	-3
haunt	-1
heartwarming	3
heavyhearted	-2
heescht	-3
heft	1
hei	4
heidriwwer	-3
hellefen	-2
hellish	-2
helt	-2
hemmen	-2
heroesch	3
hierhalen	1
himmlescher	4
hir	-2
hoffen	2
hoffentlech	2
hofft	2
homesick	-2
homicides	-2
honn	-3
honoréiert	2
hooligans	-2
horrendous	-3
horrid	-3
houfreg	2
huckster	-2
huel	-1
huelen	-4
hueler	-2
hues	-2
huet	-2
human	2
humbug	-2
humerous	3
hung	-2
hunn	-2
hutt	-2
hysterical	-3
hysterics	-3
häerzzerräissend	-3
hätten	-2
héiert	-5
héiflech	2
hëllefen	2
hëlleflos	-2
hëllefräich	2
hëlleft	2
hënneren	-1
hënt	-1
icky	-3
idiocy	-3
idiotic	-3
iergend	0
ieweschte	4
ignorant	-2
ignoréieren	-1
ignoréiert	-1
illegal	-3
illegalen	-3
illegitime	-3
illogical	-2
imbecile	-3
immun	1
impairing	-2
impairs	-2
impeachment	-3
impeachments	-3
impede	-2
impeded	-2
impedes	-2
impeding	-2
impedingly	-2
implizéiert	2
imposter	-2
impressionante	3
improperly	-2
inaction	-2
inakzeptabel	-2
incapacitates	-2
incapacitating	-2
incense	-2
incensed	-2
incenses	-2
incensing	-2
incitéieren	2
inconsiderate	-2
indestructible	2
indoctrinate	-2
indoctrinated	-2
indoctrinates	-2
indoctrinating	-2
inediable	-2
ineffectively	-2
ineffectual	-2
inefficiency	-2
inefficiently	-2
inept	-2
ineptitude	-2
inexcusable	-3
inexorable	-3
infantilized	-2
infatuated	2
infatuation	2
infects	-2
infest	-2
infesting	-2
infests	-2
infizéiert	-2
inflicting	-2
inflicts	-2
infract	-2
infracted	-2
infracting	-2
infracts	-2
infuriated	-2
infuriates	-2
inhibit	-1
innovates	1
innovativ	2
innovéieren	1
insensitivity	-2
insipid	-2
insolvent	-2
insomnia	-2
inspiréiere	2
inspiréiert	2
insufficiently	-2
insults	-2
intakt	2
intelligent	2
interessant	2
interesséieren	1
interesséiert	2
intimidates	-2
intransigence	-2
intransigency	-2
invitéieren	1
irate	-3
ironesch	-1
irrational	-1
irreparabelem	-2
irreproducible	-2
irresistibly	2
irresolute	-2
irresponsibly	-2
irreversibel	-1
irreversibly	-1
irritéiert	-3
isoléiert	-1
itchy	-2
iwelzeg	-3
iwerglecklech	4
iwerreitzen	-2
iwerschedden	-3
iwwer	2
iwwer fannt	-2
iwwerdriwwe	-2
iwwerdriwwen	-2
iwwerfalen	-2
iwwerfëllt	-3
iwwerlaf	-2
iwwernatierlech	5
iwwerrasche	-1
iwwert	-1
iwwerzeegen	1
iwwerzeegt	1
jackass	-4
jackasses	-4
jaja	-4
jalous	-2
jaunty	2
jeopardy	-2
jo	1
jocular	2
jonken Studenten	-2
jovial	2
joyless	-2
jubilant	3
juristesch géint	-2
justifiably	2
justifiéieren	2
jéimert	-2
kafen	-2
kalbliddeg	-2
kann	2
kanneresch	-2
kascht	-2
katastrophal	-3
kee Spaass	-3
keen	1
kengem am Dram agefall	2
kengerlee	-2
kickback	-3
kidnappings	-2
kidnaps	-2
kinder	2
klammen	1
klauen	-2
klaut	-2
klengen	2
kloer	1
kläert	1
klätschnaass	-2
knalleg	3
knapp	-2
knappe	-2
knaschteg	-4
knaschteg Léift	4
knaschteg erstaunlech	4
knaschteg fantastesch	4
knaschteg groussen	4
knaschteg gutt	4
knaschteg léif	4
knaschteg perfekt	4
knaschteg schéin	4
knaschteg waarm	2
knéckeg	-2
koherent	-2
komfortabel	2
kompetitiv	2
komplizéiert	2
komplizéierter	-2
komësch	-1
konfrontéiert	-2
konnten	-2
kontaminéiert	-2
kontaminéierte	-2
kontroverséierter	-2
konzentréiert	-1
korpulent	2
korrupt	-3
koum	1
krank	-2
krankfated	-2
kreativ	2
kriddeleg	1
kriminellen	-3
kritesch	-1
kritiséieren	-2
kritiséiert	-2
kräftegem	1
kräichen	-2
kuckeswäerte	2
kudos	3
kuerzem	2
kuerzen	-3
kuerzsehbehënnert	-2
kuerzsightedness	-2
kéint	3
kéinte	-2
këmmert sech	2
kënne	-1
kënnen	-1
kënnt "net mŽi	-3
laachen	1
laacht	1
laang halen	2
laangen	2
laanscht	-1
lackadaisical	-2
lackelt	1
lagged	-2
lagging	-2
lags	-2
lancéiert	1
langweileg	-3
langweilen	-2
lapsed	-1
lauert	-1
laughting	1
lawl	3
lecker	3
leeschte	2
legal	1
leide	-3
leider	-2
lescht	-3
leschte Méint manifest	-2
lethality	-2
lethargic	-2
lethargy	-2
lidderechen	-1
liese	-2
lieweg	1
liewegen	3
liewenslëschteg	2
lighthearted	1
likeable	2
likers	2
limitéiert	-1
litigious	-2
liwwert	-2
lmao	4
lo wei	-3
loathe	-3
loathed	-3
loathes	-3
loathsome	-3
lobbied	-2
lobbyists	-2
lockere	-3
lol	3
lolol	4
lololol	4
lolololol	4
lonesome	-2
lool	3
loom	-1
loomed	-1
loool	3
looool	3
loss	1
lovelies	3
luewe	3
luewen	2
lugubrious	-2
lunatics	-3
lurk	-1
lurks	-1
lächerlech	-2
läschen	-2
léif	3
léisen	2
léiwe	2
léiwsten	3
lëschteg	3
machen	2
maladaption	-2
maldevelopment	-2
maltreatment	-2
mam	-2
manipuléiert	-1
mannst	-2
markante	1
markéieren	-2
marvels	3
masterpieces	4
mat	3
matgedeelt,	-2
matleedeg	2
medezinesch	-2
mediocrity	-3
meditative	1
memorablen	1
memoriam	-2
menaced	-2
menaces	-2
menacéieren	-2
menacéiert	-2
merci	2
mesmerizing	3
mess	-2
methodical	2
methodically	2
midd	-2
mierkt	-2
miissten	-2
mirth	3
mirthful	3
mirthfully	3
misbehaves	-2
misbranding	-3
miscast	-2
mischiefs	-1
misclassified	-2
misclassifies	-2
misclassify	-2
misconducted	-2
misconducting	-2
misconducts	-2
miserably	-3
misfire	-2
misgiving	-2
misinformed	-2
misleaded	-3
misplace	-2
misplaces	-2
misplacing	-2
mispricing	-3
misread	-1
misreport	-2
misreported	-2
misreporting	-2
misreports	-2
misrepresent	-2
misrepresentation	-2
misrepresentations	-2
misrepresented	-2
misrepresenting	-2
mistaking	-2
misunderstands	-2
misuses	-2
misusing	-2
mmm	-2
moaned	-2
moans	-2
mocking	-2
mocks	-2
moderniséiere	2
moderniséieren	2
moderniséiert	2
modernizes	2
mongering	-2
monopolized	-2
monopolizes	-2
monopolizing	-2
monotone	-1
mope	-1
moping	-1
motherfucking	-5
motivéieren	1
motivéierend	2
motivéiert	2
mumpish	-2
mächteg	2
mäerderesch	-3
mécht	-2
méi	1
méi hunn	-2
méisseg	2
mëcht	-3
mëllen	-2
mëscht	2
mëssbraucht	-3
mëssverständlech	-2
mëttelméisseg	-2
n00b	-2
nach net opginn	-3
natierlech	4
nee	-1
negativ	-2
neglects	-2
nei	-2
neidesche	-2
nennen	2
net brav	-2
net dat	-2
net gudd	-2
net schaffen	-3
net weider	2
neutraalt	-2
neutraliséiert	-1
niddergeschloen	-2
niggas	-5
nobelen	3
nobelst	2
nodenklech	2
nohalteg	2
nokënnt	-2
nopesch Haus	-1
nosy	-2
nuren	-2
näischt	-2
néi	-2
néitzt	-2
nëmme bei	-2
nët	-2
nëtzlech	2
obliterate	-2
obliterated	-2
obnoxious	-3
obstinate	-2
obstructs	-2
och	-2
of	2
offensiv	-2
offline	-1
ofgebrach	-1
ofgelenkt	-2
ofgesot	-1
ofhällt	-2
ofhängeg	2
ofmontéiert	-2
ofstëmmt	-1
ofzehalen	2
ofzewaarden	-2
ominös	3
onbeléifte	2
onbequemen	-2
onbeschwéiert	2
onbestänneg	-2
ongedëlleg	-2
ongeklärten	-1
ongenéiert	-2
ongewollte	-2
ongläich	-1
onkomplett	-1
onmënschlech	-2
onnëtze	-2
onpassend	-2
onrouege	-2
ons alleguer	-2
onschëlleg	-3
onstierwlechen	2
onsécher	-2
onsécherer	-1
onverständlech	-2
onwahrscheinlech	-1
onwierdech	-2
onwuel	-2
onzefridden	-2
opbruecht	-2
opgedaucht	4
opgefaange	-1
opgefuer	1
opgeléist	-1
opgepasst	-1
opgeschobe	-1
opginn	-2
ophalen	-1
ophuelen	-3
opmonteren	-2
oppassen	-3
optauchen	-2
optimistesch	2
optionless	-2
opzedeelen	-1
ostracize	-2
ostracizes	-2
outage	-2
outbreaks	-2
outnumbered	-2
overprotective	-2
overreact	-2
overreacted	-2
overreacting	-2
overreaction	-2
overreacts	-2
oversell	-2
overselling	-2
oversells	-2
oversimplification	-2
oversimplifies	-2
oversimplify	-2
oversold	-2
overstatement	-2
overstatements	-2
overwrought	-3
oxydéieren	-3
pained	-2
panics	-3
pardon	2
pardoned	2
pardoning	2
pardons	2
parley	-1
passionéierte	2
passiv	-1
passively	-1
passt	-3
penalize	-2
penalizes	-2
penibelen	-1
perfekt	3
peril	-2
persecutes	-2
pervertéieren	-3
pesky	-2
pessimistesch	-2
petrified	-2
philanthropesche	3
philanthropy	2
phobic	-2
piteous	-2
pitied	-1
plaguing	-3
plakesch	-2
plodding	-2
ploen	-2
plécken	-1
poisons	-2
pollutant	-2
pollutes	-2
populär	3
positiv	2
possessive	-2
postpones	-1
poursuivéieren	-1
poursuivéiert	-2
prblm	-2
prblms	-2
preparéiert	1
presentéiert	3
pressured	-2
presséiert	-1
privilegéiert	2
pro	2
probéieren	-2
probéiert	-3
produzéieren	-2
profiteer	-2
profitéiere	2
profitéieren	2
profitéiert	2
prompt	1
proposéieren	2
propper	2
protegéieren	1
protegéiert	1
provoking	-1
provozéieren	-1
provozéiert	3
prudence	2
präsentéieren	-1
préschen	2
pseudoscience	-3
psychologesch Grënn	-2
psychopathic	-2
purest	1
purposeful	2
pushy	-1
quaking	-2
racistesch	-3
racists	-3
radetten	-1
raffinéiert	1
raffinéierte	2
rageful	-2
ranter	-3
ranters	-3
rants	-3
rappen	-2
rapture	2
raptured	2
raptures	2
rapturous	4
ratifizéiert	2
rau	-2
reagéieren	-2
reaktiounsfäeger	2
realiséierbar	1
reassures	1
rebelléieren	-2
rechtméisseg	2
rechtsverbindlech	1
recommandéieren	2
recommandéiert	2
refines	1
refuséieren	-1
refuséiert	2
refuséierten	-1
refüséiert	-2
regelméissege	2
regelrecht	-1
regéiere	-2
rejoiced	4
relax	2
relaxéieren	-3
relishing	2
reng	1
rentabel	2
repercussion	-2
representéiert	-2
reprimanded	-2
reprimanding	-2
reprochéiert	-3
repulse	-1
repulsive	-2
resigning	-1
respektéieren	-2
respektéiert	2
respektéierte	-2
responsabel	2
restauréieren	1
restauréiert	1
restful	2
restriktiv	-1
revanchéieren	-2
revengeful	-2
revolting	-2
revoltéieren	-2
richteg	2
richteg Richtung	3
rigged	-1
rigoréis	3
riichtaus	1
riots	-2
riskéieren	-2
riskéiert	-1
robed	-2
robing	-2
robs	-2
rofl	4
roflcopter	4
roflmao	4
romantical	2
romantically	2
rosen	-2
rotfl	4
rotflmfao	4
rotflol	4
rou	-2
roueg	2
rouegem Gewëssen	1
ruining	-2
rächen	-2
räich	2
räichste	3
résidents	-2
sach	1
sadden	-2
sappy	-1
savange	-2
savanges	-2
schappeg	-2
schei	-1
schiedlech	-2
schikanéieren	-3
schikanéiert	-3
schlecht	-3
schlecht Gléck	-2
schlechter	-2
schlitz	-2
schlëmmst	-1
schnell	-5
scho	-3
schockéiert	-2
schrecklech	-3
schrecklechem	-3
schrecklecher	-3
schreiwen	-2
schued	-2
schueden	-2
schuns	-2
schwaach	-2
schweessen	2
schweier	-2
schwiereg Entrepris	2
schwindeleg	-1
schwéier	-1
schwéiere	-2
schwéieren	-2
schéin	3
schéin di Zäit	1
schéinen	3
schéint	5
schéissen	-1
schëlleg	-3
schüchteren	-2
schützt	1
scold	-2
scorn	-2
scornful	-2
sech	2
sech ergänzen	2
sech verschlechtert	-3
sedition	-2
seditious	-2
sengem	-2
senger Duechter	-4
sexistesche	-2
sexistic	-2
sexy	3
shameful	-2
shithead	-4
shitty	-3
shoody	-2
sicht	-2
sien	2
silencing	-1
sincerest	2
singleminded	-2
skeptesch	-2
slashes	-2
sleeplessness	-2
slicker	2
slickest	2
sloppy	-2
slumping	-1
slut	-5
smile	2
smog	-2
smuggle	-2
smuggled	-2
smuggles	-2
sneezed	-2
sneezing	-2
snub	-2
snubbing	-2
snubs	-2
so	-4
soe	3
solemn	-1
solidifies	2
solidify	2
solidifying	2
soll emol	-2
solves	1
soothe	3
soothed	3
souvill	-1
soziaalt	2
sozial benodeelegt	-2
spammer	-3
spannend	3
spearhead	2
spektakulärer	-2
spekulativ	-2
spenden	2
spiert	1
spiritless	-2
spiteful	-2
spotless	2
spueren	2
spären	-1
squander	-2
squandered	-2
squandering	-2
squanders	-2
squelched	-1
staark	2
stabil	2
stabs	-2
stall	-2
stank	-2
starken	2
starve	-2
starves	-2
stattfond	2
stereotyped	-2
stierwen	-2
stimuléieren	1
stimuléiert	1
stink	-2
stinked	-2
stinker	-2
stinky	-2
stoussen	1
streng	-2
stressor	-2
stressors	-2
stresst	-2
stupidly	-2
stäerken	2
stäerkt	2
stéieren	-2
stéiert	-2
sténkt	-2
stëmmt	1
su	-3
subpoena	-2
substantiell	1
subversive	-2
sueing	-2
suergfälteg	2
sufferer	-2
sulky	-2
sullen	-2
super	3
surfen	-2
suspendéiert	-1
sweeter	3
sweetest	3
swindles	-3
swindling	-3
syntaktesch	-2
säi	2
sécher	2
sécherer	-2
sécherlech	2
séien	-2
séileg	-3
séiss	2
sënnvoll	2
taint	-2
tard	-2
tarnish	-2
tarnishes	-2
technesch	4
terrifically	4
terroristesch	-2
terroriséieren	-3
terrorized	-3
thorny	-2
thoughtless	-2
thwarted	-2
thwarting	-2
thwarts	-2
timorous	-2
tolerant	2
toothless	-2
topeg	-2
tortures	-4
totalitarian	-2
touting	-2
touts	-2
tranquil	2
transgress	-2
transgressed	-2
transgresses	-2
transgressing	-2
traue	-2
traureg	-2
treasonous	-3
trei	3
tremor	-2
tremulous	-2
troll	-2
twat	-5
tyran	-3
tyrannic	-3
tyrannical	-3
tyrannically	-3
tyrans	-3
téieren	2
ubruecht	2
uerdentlech	2
uerdentlech naass ginn	1
ugebauten	-1
ugekierpt	1
ugekloot	2
ugeklot	-2
ugekuckt	2
ugepasst	2
ugesi	2
ugesinn	-2
ugespaant	-2
ugewinnt	-2
ugezunn	1
ugin	-2
ugliness	-3
ukënnt	-2
un	1
un,	2
unappeasable	-2
unappreciated	-2
unattractive	-2
unbiased	2
unconcerned	-2
unconfirmed	-1
unconvinced	-1
uncredited	-1
undercooked	-2
underestimates	-1
underperform	-2
underperformed	-2
underperforming	-2
underperforms	-2
uneventful	-2
unfitted	-2
unfocused	-2
unforgivable	-3
unforgiving	-2
unfulfilled	-2
unfunny	-2
ungenerous	-2
unhale	-2
unhygienic	-2
unimaginative	-2
unintelligent	-2
unintentional	-2
uninvolving	-2
united	1
unlovable	-2
unmotivated	-2
unoriginal	-2
unparliamentary	-2
unprofessional	-2
unreleting	-2
unresearched	-2
unscientific	-2
unsecured	-2
unselfish	2
unsold	-1
unsophisticated	-2
untarnished	2
unzeginn	-1
unzezéien	1
uplifting	2
ups	-2
upsets	-2
upsetting	-2
uptight	-2
uselessness	-2
ustiechend	-1
ustrengend	-2
uvertraut	2
validates	1
validéieren	1
validéiert	1
vapid	-2
verbannen	-1
verbesseren	2
verbessert	2
verbidden	-1
verbitt	-1
verbraucht	-2
verbueden	-1
verbëtzen	-2
verdaamt	-2
verdammt	-4
verdengten	2
verdicts	-1
verdriwwen	1
verdroe	2
verdréit	-2
verdrësslech	-2
verdächteg	-2
verdächtegt	-1
vereenegt	1
verfault	-3
verfolleg	-2
verfollegt	-2
verfouert	-3
verféieren	-1
vergewaltegt	-4
vergiess	2
vergiesse	-1
vergiessen	-1
vergräife	-2
vergréisseren	1
verhaft	-2
verhandelt	2
verhënneren	-1
verhënnert	-1
verkaaft	-2
verklot	-2
verleegnen	-2
verleeën	-1
verletzung	-2
verloossen	-1
verluer	-3
verléiert	-3
verléisslech	2
vermeide	-1
vermësst	-2
vernoléissegen	-2
vernoléissegt	-2
verongléckt	-2
verreenten	-1
verréckt	-2
verréckter	-2
verschiddene	-2
verschleeft	-2
verschléissen	-3
verschmotzt	-2
verschwannen	-1
verschwonnen	-1
verschwënnt	-1
verspillt	2
versprach	1
verspriechen	1
versprécht	1
versteht	-4
verstoppen	-1
verstoppt	-1
verstouss	-2
verstoussen	-2
verstäerkt	2
verstänneg Arbecht machen	-2
vertieft	1
vertraglech	1
vertraut	1
veruerteelt	-2
verwiesselt	-2
verwinntent	-2
verwonnert	2
verwonnt	3
verwüst	-2
verzeien	1
verzielt	-2
verzien	-3
verzweiwelt	-3
verännert	-1
veräntwerten	-2
veréieren	3
veréiwegt	2
vested	1
vexation	-2
vexing	-2
victimization	-3
victimize	-3
victimizes	-3
victimizing	-3
vill	-2
ville	-2
villen	3
villmools	2
vindicate	2
vindicates	2
vindicating	2
violéiert	-2
virgeschriwwe	-1
virgespillt	-3
virsiichteg	2
viru Gericht ausgesot	-2
virulent	-2
virwëtzeg	1
visioning	1
vitriolic	-3
vive	3
vociferous	-1
voll Freed opgeholl	3
vollbruecht	2
vomited	-3
vomits	-3
vu	-2
vu gëschter	-2
vérifiéieren	2
waad	3
waarden	-1
waarm	1
walkouts	-2
wanker	-3
wann ech glift	1
war	2
ware	-2
warmhearted	2
warnen	-2
warnt	-2
wat	4
wavering	-1
wech	-1
weess wéi	-2
weiderhin	4
wel	2
well	-2
wellt	-3
wesentleche	1
whimsical	1
wichteg	2
wier	-3
wierksam	2
win	4
winwin	3
witzeg	4
woebegone	-2
wohltätegen	2
wonnerschéin	4
wonnerschéine	-2
wonnerschéiner	5
woohoo	3
woow	4
wouropshin	-1
wowow	4
wowww	4
wrathful	-3
wrongdoings	-2
wronged	-2
wrongfully	-2
wtff	-4
wtfff	-4
wuel	-1
wäert	2
wäertlos	-2
währenddeems	-3
wäit	-2
wäitbléckend	1
wéideet	-2
wéilte	-3
wéineg	-1
wéinege	3
wëll	2
wëllen	1
wëlles	-2
wëllkom	2
wënschen	1
wënschenswäert	2
wëssen	-2
wësst	-3
xo	3
xoxo	3
xoxoxo	4
xoxoxoxo	4
yeees	2
yucky	-2
zealots	-2
zefridden	2
zerstéieren	-2
zerstéierende	-3
zerstéiert	-3
zesummegefall	-2
zesummen	-2
zevill	-2
zimlech	-2
zimmlech	0
zoudecken	-3
zougetraff	-1
zouginn	-1
zougänglech	1
zoukënnt	-1
zoustännegen	2
zouverlässeg	2
zouversichtlech	2
zouzeschreiwen	-2
zréckbehalen	-1
zréckschneiden	-2
zréckzeginn	2
zwee alleng	2
zweejoereg	2
zweiwelhaft	-1
zéckt,	-2
zéien	-2
zünftege	2
Äiskal	-1
Éier	2
Éierebierger	1
Éierenhal	1
Ëmwelt	-2
Ëmweltfrëndlech	2
Ënnerbriechung	-2
Ënnerbriechunge	-2
Ënnerdrécktgin	-2
Ënnerdréckungspolitik	-2
Ënnerscheedung	2
Ënnerschätzt	-1
Ënnerschätzung	-1
Ënnerstëtzer	1
Ënnerstëtzung	2
Ët	2
Öko	-2
äermsten	-2
äifreg	2
äifreger	2
äiskale	2
ängschtlech	-2
äusdrécklech	-1
äusserst	2
éierbar	2
éiergäizeg	2
éierlech	2
éischter	-2
ëm	2
ëmbruecht	-2
ëmfaassend	2
ëmmer	-3
ëmmerhin	1
ëmstridden	-2
ëmzebréngen	3
ënnerbrach	-2
ënnergrieft	-2
ënnergruef	-2
ënnergruewe	-2
ënnerhuelen	-3
ënnermauert	-3
ënnerminéiert	-2
ënnerschat	-1
ënnerstëtz	1
ënnerstëtzen	2
ënnerstëtzt	2
ënnerstëtzten	-2
ënnerwee	2
ënneschten	-1
ërausbrengt	4
üblech	5
