آسف	-1
آفاق	1
آمال	2
آمن	1
آهات	-2
أبرئ	2
أبغض	-3
أبكم	-3
أبله	-3
أثار	3
أثنى الأعضاء	2
أجبرت	-1
أجهض	-1
أجوف	-1
أحب	2
أحبط	-2
أحبطت	-2
أحلام	1
أحلك	-2
أحلى	3
أحمق	-3
أخاذة	3
أخضر	-1
أخطاء	-2
أخفى	-1
أخلاقي	2
أداء اليمين الدستورية	-2
أداؤهم	-2
أدنى	-1
أذكى	2
أذى	-2
أربك	-2
أرجع للخلف قلص	-2
أرعن	-2
أرهب	-3
أروع	3
أزعج	-2
أزمة	-3
أساء	-1
أساء التصرف	-2
أساء الفهم	-2
أساء تصنيف	-2
أساءت التصرف	-2
أسطورة	-1
أسعد	3
أسكت	-2
أسوأ	-3
أسير	-2
أسيرا	3
أشاد	2
أشد قسوة	-2
أشرف	2
أشياء رائعة	3
أصدق	2
أصم	-1
أطلال	-2
أطلق النار	-1
أطلقت	1
أعاق	-2
أعجوبة	3
أعداء	-2
أعدت	1
أعرج	-2
أعشق	3
أعظم	3
أعلى	4
أعمال الشغب	-2
أغضب	-3
أفشى سرا	-3
أفضل	2
أفضل لعنة	4
أفطس	-2
أفقر	-2
أقذر	-2
أقسم	-2
أقسى	-2
أقوى	2
أكبر	3
أكثر أمانا	2
أكثر ذكاء	2
أكثر صلابة	2
أكد	-2
ألحق	-2
ألفة	2
ألمع	2
ألهم	2
أمل	2
أملس	2
أمية	-2
أناقة	2
أناني	-3
أنانية	-3
أنب	-2
أنصار	1
أنفلونزا	-2
أنقى	1
أنيق	3
أنين	-2
أهان	-2
أهلا بك	2
أهمية	2
أي صوت للتعبير عن الألم	-2
أيد	2
إبعاد	-1
إثارة	-1
إثقال كاهل	-2
إثم	-3
إجمالي	-2
إجهاد	-1
إحباط	-1
إحسان	2
إخفاء	-1
إخفاق	-2
إخلاء	-1
إخلاص	2
إدانة	-2
إذلال	-3
إرهاب	-3
إرهابي	-2
إزعاج	-2
إساءة	-3
إساءة استخدام	-2
إسقاط	-1
إشباع	2
إشراق	2
إصابات	-2
إصابة	-2
إضراب	-1
إطراء	2
إعاقة	-2
إعجاب شديد	2
إعفاء	2
إغاظة	-2
إفراط في التصغير	-2
إفلاس	-3
إقناع	1
إكراه	-2
إلحاق	-2
إلزامي	-1
إلغاء	-1
إلقاء اللوم	-2
إلهاء	-2
إلهام	2
إمرأة سليطة	-4
إنتشار العدوي	-2
إنجاز	2
إنذار	-2
إنساني	2
إنسانيتهم	-2
إنسيابي	2
إنقاذ	2
إنكار	-2
إهانة	-2
إهمال	-2
إيجابي	2
إيذاء	-2
إيمان	1
اب	2
اباحي	-3
اباد	-3
ابتزاز	-3
ابتسامات	2
ابتسامة	2
ابتسم	2
ابتغي	-1
ابتكار	1
ابتليت	-1
ابتهاج	2
ابتهج	4
ابد	0
ابراهيم	4
ابرياء	-1
ابن	1
ابن العاهرة	-5
ابناء	-1
ابو	0
ابي	-2
اتباع	0
اتبع	-1
اتخذ	0
اتصال	0
اتفاق	1
اتفق	0
اتكف	-2
اتهام	-3
اتهامات	-2
اتهم	-2
اتي	0
اثار	-2
اثبت	0
اثر	0
اثنين	0
اجاب	-2
اجبر	-2
اجتاحت	-2
اجتمع	-1
اجر	2
اجره	1
اجل	0
اجمع	2
اجمل	1
اجنبي	1
اح	-1
احب	-1
احتاج	0
احتال	-3
احتجاج	-2
احتجاجا	-2
احترام	2
احترم	0
احتضان	2
احتضر	-3
احتفال	3
احتفالات	3
احتفالي	2
احتفظ	-1
احتكار	-2
احتكر	-2
احتل	-2
احتلال	-1
احتمال	1
احتيال	-3
احد	1
احرج	-2
احرق	0
احس	-3
احسن	1
احفظ	2
احم	1
احمد	1
احمر	1
اخ	0
اخاف	-2
اخت	-1
اختار	0
اختارته	1
اختراق	3
اخترق	-1
اختطاف	-2
اختفى	-1
اختل	-2
اختلاس	-3
اختلاف	0
اختلف	0
اختنق	-2
اخجل	0
اخذ	0
اخر	0
اخرج	-1
اخره	3
اخري	0
اخطا	2
اخطر	-3
اخلاء	-1
اخلاص	4
اخوه	0
اخير	0
ادبر	3
ادخل	-1
ادعاء	-2
ادعي	1
ادم	0
ادي	0
اذعة	-3
اذكار	3
اذل	-3
اذن	-1
ار	-1
اراد	-1
اراي	0
ارب	2
اربع	0
ارتجاف	-2
ارتفع	1
ارتكبت	-2
اردن	1
اردوغان	0
ارسل	0
ارض	-1
ارضي	0
ارضيه	-1
ارق	2
ارهاب	-4
ارهابي	-2
ارهب	-3
ازداد	1
ازدحام	-1
ازدراء	-2
ازدهار	3
ازعجت	-2
ازل	1
ازمه	0
ازهر	-1
ازيار	1
اسال	0
استاذ	1
استباقية	2
استبدادي	-3
استبدادية	-3
استبعد	-1
استثناء	-1
استجواب	-1
استخدام	-1
استخف	-2
استدامة	2
استدعاء	-2
استرخاء	2
استرضاء	2
استرضى	2
استضاف	-2
استطاع	0
استعادة	1
استعبد	-2
استعداد	2
استغرب	-5
استغفر	1
استغل	0
استغلال	-2
استفادت	2
استقال	-1
استقاله	2
استقبال	1
استقبل	0
استكشاف	1
استكشافات	1
استمتع	2
استمتعت	2
استمناء	-2
استميحك عذرا	2
استنزفت	-2
استنكار	-2
استنكر	-3
استودع	1
استياء	-2
اسد	0
اسرائيل	-1
اسرائيلي	-2
اسعد	2
اسف	0
اسفر	4
اسكندريه	2
اسلام	0
اسلامي	0
اسلم	1
اسم	0
اسماعيلي	1
اسماعيليه	2
اسمع	0
اسير	-1
اشار	1
اشاعه	0
اشتباك	-2
اشتبكت	-1
اشتكى	-2
اشد	-1
اشرف	0
اشرك	-2
اشفي	3
اشمئزاز	-3
اصاب	0
اصابة	-2
اصبح	2
اصبع	3
اصبهان	-1
اصدار	-1
اصطدام	-2
اصل	0
اصلاح	1
اصلح	3
اضرابات	-2
اضطراب	-2
اضطرابات	-2
اضطهاد	-2
اضطهد	-2
اطرد	-1
اطلع	-1
اطلق	-1
اظهر	-1
اعاد	0
اعادة احياء	2
اعتبر	0
اعتداء	-2
اعتدال	-1
اعتذار	-1
اعتذر	-1
اعتراف	2
اعترف	-1
اعتقاد	1
اعتقال	-2
اعتقالات	-2
اعتقد	0
اعتقل	-1
اعتناق	0
اعتنق	0
اعجاب	3
اعجب	0
اعراب	1
اعز	0
اعطنا	3
اعطي	0
اعظم	1
اعلام	-1
اعلامي	1
اعلان	-1
اعلم	-1
اعلن	-2
اعلي	2
اعمل	0
اغار	0
اغتصاب	-4
اغتيال	-3
اغضب	2
اغلب	0
اغنيه	0
افتتاح	-1
افتتاحخكنيسهخفيخقطرافتتاحكنيسهفيقطر	0
افتدى	2
افتقد	-2
افتي	-3
افريقيا	-1
افسد	-2
افضل	0
اقام	0
اقبال	3
اقتصاد	0
اقر	1
اقرب	0
اقسم	0
اقصي	-2
اقل	0
اقليم	2
اقليه	0
اقنع	2
اقوي	0
اكبر	-1
اكتسبت	2
اكثر	-1
اكد	-1
اكرام	3
اكرم	2
اكل	-1
اكيد	0
ال	0
الآثار الجانبية	-2
الأبطال	2
الأبله	-4
الأحمق	-4
الأختام	3
الأخطاء	-2
الأخطار	-2
الأذى	-1
الأرامل	-1
الأرباح	2
الأرق	-2
الأشياء التي لم تحبها	-2
الأصول	2
الأضرار	-2
الأعباء	-2
الأعصاب	-1
الأمراض	-1
الأنانية	-2
الأوغاد	-5
الإبلاغ الخاطئ	-2
الإختناقات	-2
الإرداف الخلفي	-1
الإرهابيين	-2
الإساءة	-3
الإعاقة	-2
الإعجاب	3
الإعجابات	2
الإلباس	-2
الإمساك	-2
الإنتهاك	-2
الإنجازات	2
الإنقاذ	-2
الإهتمامات	1
الإيذاء	-3
الا	0
الابتكار	1
الابتهاج	3
الاتارب	-3
الاتجاه الصحيح	3
الاتفاقية	1
الاحتجاجات	-2
الاحتشار	-2
الاحتفال	3
الاحتيال	-3
الاحكام	-1
الازدراء	-2
الاستخفاف	-1
الاستدامة	1
الاستقالة	-1
الاطر	-3
الاعتداءات	-2
الاعتذار	-1
الاعتزاز	2
الاغتيالات	-3
الانتصارات	3
الباني	2
البخور	-2
البريد الالكتروني غير المرغوب	-2
البريق	3
البهيجة	4
التأنيب	-2
التالفة	-3
التبخير	-2
التبرئة	2
التبسيط	-2
التبول	-3
التثاقل	-2
التثبيت	3
التحدي	-1
التحديث	2
التحريفات	-2
التحفيز	1
التحقق من صحة	1
التحقيق	-2
التخفيضات	-2
التخلص منها	-1
التخلف	-2
الترحيل	-2
التردد	-2
الترويج	-2
التزام	2
التستر	-3
التسلط	-2
التشدق	-3
التصالح	2
التصفيق	2
التصلب	2
التصور	1
التظاهر	-1
التعاسة	-2
التعبيس	-2
التعجيزية	-2
التعذيب	-4
التغاضي	-1
التفاؤل	2
التقاضي	-2
التقليل	-1
التقيؤ	-3
التلاعب	-1
التلوث	-2
التمكين	2
التمنيات	1
التمييز	-2
التنكر	-1
التهديد	-2
التهديدات	-2
التهرب	-2
التوعية	2
التوفيق	2
التي تعاني منها	-3
الثدي	-2
الثقة بالنفس	2
الثوار	-2
الجانب السلبي	-2
الجحيم	-4
الجرائم	-2
الجلود	-1
الجمل	-2
الجناة	-2
الجنازات	-1
الجنايات	-3
الجنة	3
الجوائز	3
الحاد	-1
الحب سخيف	4
الحداد	-2
الحذر	2
الحريات	2
الحسد	-1
الحسناوات	3
الحكم	-2
الحماقة	-2
الحمد	3
الحمدلله	0
الحمقى	-2
الحمير	-4
الحميم	3
الحوادث	-2
الحوثي	-3
الحوثيون	-3
الحيل	-2
الخ	0
الخائن	-3
الخاسر	-3
الخطف	-2
الخلافات	-2
الخلط	-2
الخوف	-2
الخيال	-2
الدافع	2
الدعم	2
الدفء	2
الدواعش	-2
الدوافع	-2
الذنوب	-2
الذي	-3
الذين يعانون من	-2
الرائد	2
الرابط	2
الراحة	2
الراحمين	2
الراغبين	1
الرشوة	-3
الرضا عن النفس	-2
الرفض	-2
الرقابة	-2
الرقيب	-2
الزائد	-1
الزائفة	-3
الساحق	-1
السارق	-2
السجن	-2
السجناء	-2
السخرية	-2
السخط	-2
السطو	-2
السفلي	-2
السلطة	1
السماح	1
السموم	-2
السويس	-2
السيسي	-2
الشتائم	-2
الشرج	-4
الشك	-1
الشكر	-2
الشكوك	-1
الشكوى	-2
الشمولية	-2
الصدمات	-2
الصراعات	-2
الصعب	-1
الصفات	2
الصفويين	-1
الصلاة	1
الصورة النمطية	-2
الضباب الدخاني	-2
الضحك بصوت مرتفع	3
الضرب	-1
الضربات	-1
الضغط	-1
الضغوطات	-2
الضيقات	-2
الطائش	-2
الطلب	-1
الطواعين	-3
العاجلة	-1
العجز	-2
العدو	-2
العدواني	-2
العدوى	-2
العزيز	2
العزيزة	2
العشق	3
العضو التناسلي النسوي	-5
العطس	-2
العفو	2
العقبات	-2
العناق	2
العنصريين	-3
العنف ذات الصلة	-3
العيوب	-2
الغائب	-1
الغائبين	-1
الغرامات	-2
الغريب	-1
الغسل الأخضر	-3
الغسيل الأخضر	-3
الغشاش	-3
الغشاشون	-3
الغيرة	-2
الف	0
الفائز	4
الفاشيين	-2
الفتك	-2
الفخاخ	-1
الفرص	2
الفشل	-2
القبعى صانع القبعات	-3
القدرة	2
القرف	-4
القزم	-2
القصور	-2
القمع	-2
القى القبض	-3
القي	1
الكآبة	-1
الكالينجيون	2
الكراني	-2
الكفاءات	1
الكلبات	-5
الكلبة	-5
الكمال الداعر	4
الكنوز	2
الكوارث	-2
اللات	-3
اللاذعة	2
اللبنانين	3
اللعنة	-2
اللعين	-2
الله	1
اللهم	2
اللوم	-2
اللياقه البدنيه	1
الم	-2
المآسي	-2
المؤامرات	1
المؤكد	1
المؤمنون	3
الماس	1
المانيا	1
المباعة	-1
المبالغات	-2
المبالغة	-2
المبالغة في رد الفعل	-2
المتشائمون	-2
المتشدقون	-3
المتشككين	-2
المتصادمة	-1
المتطرفين	-2
المتظاهرين	-2
المتعجرف	-2
المتعصبون	-2
المتنازع عليها	-2
المتنازعين	-2
المتنافسة	-1
المتهم	-2
المتوقفة	-2
المجاملات	2
المجانين	-3
المجرمين	-3
المجيد	2
المحاصرين	-2
المحتال	-4
المحتالين	-4
المحرومين	-2
المحسنين	2
المخاطر	-2
المخالف	-2
المخالفة	-2
المخاوف	-2
المخلفات	-1
المداخل	2
المدافعون	2
المدخلي	1
المدعومة	1
المذنب	-2
المرتجع	-1
المرح	2
المروع	-2
المستحسن	1
المستشفى	-2
المستوطنات	1
المسرات	3
المشتبه بهم	-1
المشتركة	1
المشكله	-2
المشمع قماش مزيت	2
المضاربة	-2
المضربين	-2
المعارك	-1
المعزى	2
المعشوق	3
المعطل	-2
المعنف	-3
المعنية	-2
المفاجآت	-2
المفارقة	-1
المفرطة	-2
المفسدة	-3
المفضل	2
المفضلة	2
المفلس	-2
المقاطعات	-2
المقاطعة	-2
المكافآت	2
المكتئب	-2
الملوث	-2
الملوثات	-2
الملوثين	-2
المنافس	-1
المنتصرون	3
المنتظر	-1
المنتقم	-2
المنتقمون	-2
المنقذ	4
المنهجي	2
المنير	2
المهدد	-2
المهينة للكرامة البشرية	-2
الموافقات	2
الموت	-2
الموثوقية	2
الموجع	-2
الموهومين	-2
الميت	-2
الناقد	-2
النبيل	2
النجاح	3
الندم	-2
النزاعات	-2
النزاعي	-2
النزاهة	2
النشوة	3
النضالات	-2
النعيم	3
النقاد	-2
النهضة	2
اله	1
الهدوء	3
الهروب	-1
الهزات	-2
الهمجية	-2
الهي	0
الوصول	1
الوفاء	2
الي	-2
اليأس	-2
ام	0
اماره	-1
امام	1
امان	1
امتعاضي	-2
امر	1
امراه	0
امريكا	-2
امريكي	0
امسي	4
امل	0
امن	-1
امه	0
امي	3
امير	-1
امين	1
ان	-1
انا	0
انتحار	-2
انتحاري	-2
انتشار	-1
انتشر	-1
انتصار	4
انتصارات	4
انتصر	4
انتظر	-1
انتعش	2
انتقاد	-2
انتقام	-2
انتقد	-2
انتقص	-2
انتقم	-2
انتمي	-2
انتهازي	-1
انتهاك	-2
انتهاكات	-2
انتهكت	-2
انتهي	0
انجس	-3
انجل	2
انجيل	1
انحرف	-3
انحياز	-1
اندلاع	-2
اندلس	0
انزل	2
انزلاق	-1
انس	1
انسان	0
انسانيه	0
انسجام	2
انسحاب	-3
انضم	1
انعكاس	-2
انقاذ	2
انقطاع	-2
انقطاع التيار	-2
انكر	-1
انهار	-2
انهيار	-2
انهيارات	-2
اهان	-2
اهدي	0
اهل	0
اهلك	0
اهلي	0
اهم	1
اوان	-2
اوربا	-1
اوربي	-3
اوسط	-1
اوقف	-1
اول	0
اي	-1
ايا	1
ايد	0
ايران	-1
ايراني	-1
ايش	-2
ايمان	1
ايه	0
ب	0
بأسعار معقولة	2
بؤس	-2
بإخلاص	2
بائس	-3
بائع	2
بائع متجول	-2
باب	0
باحباط	-1
بار	0
بارد	1
بارز	1
بارعا	3
بارك	2
بازدراء	-2
باستياء	-2
باسم	2
باضطهاد	-3
باطل	-2
باع	-2
باعجاب	3
باقي	0
بال	0
بالإكراه	-2
بالتحقق من صحة	1
بالتقيؤ	-3
بالتواطؤ	-3
بالجمله	3
بالحرج	-2
بالذعر	-3
بالغت في رد فعلها	-2
بالفزع	-2
بالملاحقة القضائية	-1
بانفعال	-2
باهر	3
باهل	1
بايخ	-2
بتأييد	2
بتخدير	-2
بتويتر	-4
بث	-1
بثقة	2
بجنون	-3
بحث	-1
بحر	0
بحرين	0
بحزن	-2
بحنان	2
بخاري	1
بخبرة	2
بخشونة	-2
بخور	-2
بخوف	-2
بخيل	-2
بد	-1
بدا	0
بدد	-2
بدس	-3
بدع	-1
بدعة	-2
بدعه	0
بدل	0
بدن	0
بدون فائدة	-2
بدوي	0
بديع	3
بدين	-3
بر	1
برأ	2
برأت	2
بربري	-2
برد	2
برر	2
بررت	2
بركات	3
بركة	3
بركه	2
برنامج	3
بريء	-2
بريد مؤذي	-2
بريطانيا	0
بز	-5
بساطة	1
بسالة	3
بسخاء	2
بسرعة	2
بسعادة غامرة	5
بسلاسة	2
بسلام	1
بسلبية	-1
بسيط	0
بشار	-2
بشاعة	-3
بشجاعة	3
بشر	0
بشع	-3
بشكل ايجابي	2
بشكل رائع	4
بشكل سيئ	-3
بشكل غير قانوني	-3
بشكل مناسب	2
بشكل واضح	2
بصرامة	3
بصري	1
بطالة	-2
بطرك	-2
بطريرك	1
بطريقة مضللة	-2
بطل	2
بطولي	3
بطون	2
بظرافة	2
بعث	0
بعد	0
بعصبية	-2
بعض	-1
بعض الأنواع	0
بعناية	2
بعنف	-3
بعنوان	1
بعيد	-1
بغباء	-2
بغض	-2
بغيض	-2
بفخر	2
بفرح	3
بق	0
بقر	0
بقسوة	-2
بقي	-1
بكاء	-1
بكت	-2
بكر	0
بكي	0
بل	0
بلا	-2
بلا عيب	2
بلا مأوى	-2
بلا هدف	-2
بلاء	1
بلاه	-2
بلد	0
بلطجي	-2
بلغ	1
بلى	1
بليند	-1
بمرح	2
بن	0
بناء	0
بنت	0
بنجاح	3
بندقية	-1
بني	-2
بهج جدا	3
بهجة	3
بهر	-3
بهيج	2
بوذي	0
بورما	0
بوضوح	1
بوفرة	2
بوقاحة	2
بول	-2
بيان	2
بيت	0
بيع	2
بين	1
بينما	0
تأبين	-2
تأثرت	3
تأجيل	-1
تأخر	-1
تأخير	-2
تألق	3
تأملي	1
تأمين	2
تأنيب	-3
تأوه	-2
تأييد	2
تاب	1
تابع	0
تاجر	0
تارد	-2
تاريخ	0
تاريخي	1
تافه	-2
تاق	-3
تاكد	-1
تام	2
تامل	0
تباكى	-2
تبتئس	-2
تبجح	-3
تبذير	-2
تبرئ	2
تبرئة	-3
تبرع	2
تبسيط	-2
تبع	-1
تبنى	1
تبني	-2
تتأثر	-1
تتبرع	2
تتبنى	1
تتحلل	-2
تتفاقم	-2
تتكون من	-1
تتمتع	2
تجاهل	-2
تجاهله	-2
تجاوز	-2
تجتاح	2
تجربه	0
تجلي	-1
تجميل	3
تجنب	-1
تجويف	-2
تحالف	-2
تحايل	-2
تحتفل	3
تحجرت	-2
تحدث	-1
تحدي	-1
تحديث	2
تحديثها	2
تحديد	-1
تحذير	-3
تحذيرات	-3
تحرير	0
تحريض	-3
تحريض علي العصيان	-2
تحريف	-2
تحريم	-2
تحسن	2
تحسين	2
تحشر	0
تحطم	-2
تحفة	4
تحفيز	2
تحقيق	2
تحميل	2
تحول	-1
تحويل	-1
تحيات	2
تحية	1
تحيه	3
تحيي	2
تخريب	-2
تخفيضات	-1
تخفيف	1
تخلف	-2
تخلى	-2
تخلي	-1
تخويف	-2
تخويفه	-2
تخيل	-2
تداعيات	-2
تدخل	-2
تدمر	-3
تدمير	-3
تدهش	2
تدهور	-2
تدهورت	-2
تدين	-2
تذكر	0
تذمر	-2
تراث	2
تراجع	-1
تراخ	-2
ترامب	-3
ترتفع	1
ترجيع	-1
ترحب	2
ترحل	-2
ترحيل	-2
تردد	-2
ترسخ	2
ترعب	-3
ترف	2
ترقب	-1
ترك	0
تركي	0
تركيا	0
ترويج	1
تزداد سوءا	-3
تسامح	2
تستخف	-2
تستعد	-2
تستمر	-1
تستنكر	-3
تسرب	-1
تسربت	-1
تسلية	3
تسليط الضوء	2
تسمع	0
تشاؤم	-2
تشارلز	-4
تشجيع	2
تشنج	-1
تشهيري	-2
تشوبها شائبة	2
تشوهات	-2
تشويه	-2
تشيع	0
تصادم	-1
تصدي	-1
تصرف	-2
تصفيق	2
تصلب	-2
تضامن	2
تضليل	-3
تطارد	-1
تطارده الاشباح	-2
تطبيع	0
تطرف	-1
تطهير	-1
تطور	-2
تظاهر	-1
تعارض	-2
تعاسة	-2
تعاطف	2
تعالي	0
تعامل	0
تعانق	1
تعاون	-1
تعايش	0
تعب	-2
تعبث	-2
تعبدي	2
تعبير	0
تعتز	2
تعجيزية	-2
تعدد	1
تعدوا	-2
تعدى	-2
تعذيب	-4
تعريض	-1
تعزية	2
تعزيز	1
تعطلت	-2
تعطيل	-2
تعقل	2
تعقيد	-2
تعلم	0
تعليق	-1
تعليم	0
تعيس	-2
تعيق	-2
تغريد	0
تغزو	-2
تغيير	0
تفاقم	-2
تفرق	3
تفسد	-3
تفسير	2
تفشي	-2
تفضل	2
تفضيلا	2
تفكير	-2
تفوق	3
تقاتل	-2
تقبل	-1
تقدر	2
تقدم	2
تقدير	2
تقديرات أدنى من الواقع	-1
تقرير	1
تقوي	0
تقوية	2
تقويض	-2
تقويضه	-2
تقيأ	-3
تقييد	-2
تقييدي	-1
تكدر	-2
تكريم	2
تكفير	0
تكلفة	-2
تكلم	0
تلاعب	-1
تلاقي	1
تلطخ	-2
تلف	-3
تلقي	1
تلقين	-2
تلقينهم	-2
تلوث	-2
تلوح في الأفق	-1
تلويث	-2
تم	-1
تم الالغاء	-1
تم الحفظ	2
تم حلها	1
تمام	0
تماما	3
تمتص	-3
تمديد	1
تمرد	-2
تمكين	2
تملكي	-2
تمني	-1
تمويه	-1
تميز	-2
تميم	-1
تمييزي	-2
تناسب	1
تنافس	-1
تنافسي	2
تناقض	-3
تنتهج	-2
تندم	-2
تنظيم	-2
تنعى	-2
تنهد	-2
تنوير	2
تهانينا	2
تهجير	-1
تهدئة	2
تهديد	-2
تهذب	1
تهرب	-2
تهريب	-2
تهريبها	-2
تهنئة	2
تواجد	0
توافق	1
توبيخ	-2
توتر	-1
توحيد	0
توراه	1
توسط	-3
توصف	-2
توصي	2
توفي	-3
توق	1
توقع	1
توقف	-1
توقفت	-1
توكل	4
تويتر	-1
تيار	1
تيميه	0
ثأر	-2
ثائر	-2
ثابت	2
ثابر	-1
ثاكل	-2
ثالث	1
ثاني	0
ثبات	1
ثبت	0
ثراء	2
ثروة	2
ثري	2
ثقافه	-2
ثقة	1
ثكل	-2
ثلاث	0
ثمل	-2
ثور	1
ثور بصورة مبالغة	-2
ثوره	0
ثوري	-2
جاء	-1
جائزة	3
جائزة او مكافاة	2
جائع	-2
جاحد	-3
جاذبية	2
جار	0
جاز	0
جاسم	-2
جاع	-2
جافي	1
جامع	0
جامعه	0
جانب	0
جاهل	-2
جبان	-2
جثة	-1
جد	0
جدال	-2
جدي	2
جديد	1
جدير بالملاحظة	2
جذاب	2
جذب	1
جذل	2
جذلان	3
جرأة	2
جرائم	-3
جرائم القتل	-2
جرح	-2
جره	-1
جري	-1
جريء	3
جريح	0
جريمة	-3
جريمه	-3
جزائر	0
جزع	-3
جزيره	-1
جزيه	-3
جسارة	2
جسد	1
جشع	-3
جعل	1
جل	0
جلال	4
جلد	-1
جماع	0
جماعات الضغط	-2
جماعه	1
جمال	3
جمع	1
جملة او حكم على	-2
جمهور	0
جمهوري	0
جميع	2
جميل	3
جميل المظهر	3
جميلة	1
جن	-1
جنازة	-1
جناية	-3
جندي	0
جنس	-1
جنسي	3
جنه	1
جنوب	-1
جنوبي	1
جنون	-3
جنونا	-2
جنوني	-3
جهاد	0
جهد	2
جهل	-2
جهنمي	-2
جو	0
جواب	0
جواهر	1
جودة	2
جوز	-3
جوع	-2
جوهرة	1
جوهري	1
جوهريا	1
جيد	3
جيد جدا	4
جيدة سخيف	4
جيش	-1
حائر	-2
حاج	1
حاجز	-2
حاجه	0
حاخام	0
حادث	-2
حارب	-1
حازم	2
حاسم	1
حافظ	1
حاقد	-2
حاكم	0
حال	-1
حالا	1
حالة طوارئ	-2
حالم	3
حاليا	-1
حامل	1
حاول	-2
حب	3
حبس الرهن	-2
حبيب	0
حثاله	-3
حج	0
حجاب	0
حجب	-1
حجر	-1
حجز	-2
حجم	-2
حد	0
حدائق ملاهية	3
حدادي	-2
حدث	0
حدود	-1
حديث	1
حذر	-1
حذف	1
حر	1
حرام	-2
حرب	-2
حرس	-2
حرص	0
حرف	0
حرق	-2
حركه	1
حرم	-1
حرمان	-3
حري	-2
حرية	2
حريري	1
حريص	2
حريه	-1
حزب	-1
حزن	-2
حزين	-2
حساب	-1
حساسي	-2
حساسية	-2
حسب	0
حسد	-1
حسن	0
حسود	-2
حسين	-1
حشد	-3
حشر	0
حصار	-2
حصر	-2
حصرية	2
حصل	0
حصين	1
حضاره	-2
حطام سفينة	-2
حطم	-2
حظ	3
حظ سيء	-2
حظا	2
حظر	-2
حفز	1
حفظ	2
حفيد	-3
حق	2
حقد	-3
حقير	-3
حقيق	-1
حقيقه	-2
حقيقي	0
حكة	-2
حكم	-1
حكمة	1
حكومه	0
حكيم	-1
حل	1
حلال	-2
حلق	0
حلم	1
حلو	2
حلول	1
حليف	2
حمار	-4
حماس	-1
حماقة	-3
حمايه	2
حمد	0
حمل	0
حمى	-2
حمي	0
حنان	2
حنبل	4
حنبلي	0
حنون	3
حنية	3
حنيف	4
حنين للوطن والأسرة	-2
حوار	1
حوز	-1
حول	-2
حي	1
حيا	2
حياه	0
حيت	2
حيرة	-2
حين	0
حيوان	-3
حيوحشنا	-1
حيون	-2
حيوية	3
خائب الامل	-2
خائف	-2
خائفة	-2
خائن	-4
خادم	-1
خارج	0
خاسر	-1
خاص	0
خاطئ	-2
خاطئة	-1
خاف	-1
خالد	2
خالص	0
خالف	0
خالق	0
خان	-3
خانق	-2
خبث	-3
خبر	-1
خبيث	-2
خجلان	-2
خجول	-2
خداع	-3
خدر	-1
خدع	-3
خدعة	-2
خدم	-1
خذل	-1
خراب	-2
خرافه	-1
خرافي	4
خرب	-2
خرج	-1
خرج عن مساره	-2
خرق	-2
خروج	-1
خسائر	-3
خسارة	-3
خسر	-1
خسيس	-2
خشية	-2
خصب	2
خصم	-1
خصوص	0
خط	0
خطأ	-2
خطأ في وضع	-2
خطا	3
خطاب	1
خطر	-2
خطف	-2
خطيئة	-2
خطيب	-2
خطير	-2
خفض	-2
خفضت	-2
خفيف	2
خلاص	2
خلاف	-2
خلاق	2
خلط المفاهيم	-2
خلف	-1
خلق	1
خلل	-3
خلو من الهم	1
خليج	-1
خليجي	0
خليفه	-1
خمر	-2
خمس	1
خميني	-3
خنزير	-5
خنق	-1
خوارج	-2
خوف	-2
خوفا	-2
خيانة	-3
خيانه	-2
خيبات الأمل	-2
خيبة أمل	-2
خيبة الأمل	-2
خير	3
خيري	2
دائخ	-2
دائم	-1
دائم الخضرة	2
دائمة الخضرة	2
داخل	-1
دار	0
داعش	-3
داعمة	2
داعي	-1
دافئ	1
دافع	-1
دافع بشكل جيد	3
داونر	-2
دجال	-2
دحض	-3
دخل	0
دخن	-2
دخول	-2
دراسه	1
درج	0
درزي	2
درس	1
دره	2
دري	0
دستور	2
دعا	1
دعاء	1
دعاوى قضائية	-2
دعاية	-2
دعم	2
دعوه	1
دعوى	-1
دعوى قضائية	-2
دعوي	0
دفء	2
دفاع	0
دفع	-1
دكتور	1
دليل	-2
دم	-1
دمار	-2
دمر	-3
دمشق	0
دموع	-2
دموي	-3
دنيا	2
دهاء	2
دهر	3
دور	0
دوله	-1
دولي	0
دون	0
دون المستوى	-2
دون جدوى	-2
دون قصد	-2
ديانه	0
دين	-2
دينا	-2
ديني	0
ذات	1
ذال	-1
ذبح	-1
ذراع	-1
ذروة البيع	-2
ذعر	-3
ذكر	0
ذكري	0
ذكي	2
ذل	-2
ذلك	1
ذليلة	-3
ذنب	0
ذهب	2
ذهل	3
ذو قيمة	2
ذو معنى	2
رأس حربة	2
رؤوف	3
رؤى	1
رؤية	1
رئيس	0
رائع	4
راجع	1
راح	0
راحة	2
رادع	-2
راس	-1
راسخ	1
راسخة	2
راض	2
راعي	1
رافض	-2
رافضه	-3
رافضي	-3
راوند	-1
راوي	4
راي	0
رب	1
ربح	2
ربط	0
ربما	0
ربوه	2
رجا	0
رجب	2
رجس	-2
رجع	0
رجل	0
رحب	2
رحل	-2
رحم	2
رحمة	2
رحمن	1
رحمه	2
رحيم	2
رد	0
رد التحية	2
رد فعل بصورة مبالغة	-2
ردهة	-2
رديء	-3
رزق	4
رساله	1
رسمي	-1
رسول	1
رسوم	-2
رشف	0
رشفه	0
رشوة	-3
رشيق	2
رصيد	0
رضي	-1
رعاية	2
رعب	-2
رعشة	-3
رغبة	1
رغم	-3
رفاهية	2
رفض	-1
رفع	0
رقابة	-2
ركز	2
ركلة جزاء	-2
ركود اقتصادي	-2
رمادي	-1
رمز	0
رمي	0
رهافة	-2
رهيب	-3
روائع	4
رواية	2
روايه	0
روتيني	-1
روح	1
روح الدعابة	2
روسي	-2
روسيا	0
روفل	4
روي	1
رياض	-1
زائر	2
زائف	-3
زاد	-1
زار	0
زال	0
زايد	-2
زبد	-3
زبر	-4
زد	-2
زعم	-2
زعيم	-1
زلزال	-1
زلزل	-3
زلزله	0
زمان	0
زمن	0
زنجي	-5
زوائد	2
زواج	0
زوج	0
زوجه	0
زيا	-2
زيادة	1
زيادة مبيعات	-2
زياره	1
زيد	0
سؤال	-1
سئ جدا	-3
ساءت	-3
سائر	2
سائل	4
سابق	1
ساحر	3
ساخر	-1
ساخط	-2
ساذج	-2
سار	0
ساعد	-1
ساعه	0
ساقط	-2
ساقطا	-1
ساكن	-1
سال	2
سالم	-1
سام	-3
ساهر	-3
ساوم	-2
سايس	1
سب	-2
سبات، نعاس، فتور، بلادة	-2
سبام	-1
سبب	-2
سبت	-3
سبحان	0
سبع	0
سبق	0
سبيل	0
ستر	2
سجن	-2
سحب	-1
سحر	3
سحرا وجمالا	3
سحق	-1
سخافة	-2
سخر	-2
سخرية	-2
سخط	-2
سخي	2
سخيف	-1
سخيف الساخنة	2
سخيف جميلة	4
سخيف رائعة	4
سخيف عظيم	4
سخيف لطيف	4
سخيف مذهلة	4
سديد	1
سذاجة	-2
سر	0
سرطان	-1
سرقة	-2
سرور	2
سريع	2
سطوع	1
سعادة	3
سعاده	1
سعد	1
سعود	-2
سعودي	-1
سعوديه	0
سعي	-1
سعيد	3
سعيد الحظ	3
سقط	-2
سقم	4
سقوط	0
سكران	-4
سكن	3
سلاح	-2
سلام	2
سلامة	1
سلامه	0
سلب	-2
سلبي	-2
سلبية	-2
سلس	2
سلط	-3
سلطان	0
سلطه	1
سلف	0
سلفي	0
سلم	2
سلمان	-1
سلمي	2
سلميا	2
سلى	3
سليكست	2
سليم	2
سم	-2
سماء	1
سماح	-1
سماوي	4
سمح	0
سمع	0
سمي	0
سن	0
سنه	0
سني	1
سهل	1
سهم	1
سهولة	2
سوء	-2
سوء استخدام	-2
سوء الاستعمال	-2
سوء التسعير	-3
سوء السلوك	-2
سوء المعاملة	-2
سوء النماء	-2
سوء فهم	-2
سوري	-1
سوريا	0
سوق	-1
سوي	-1
سيء	0
سيئة	-3
سيئة السمعة	-2
سياسه	0
سياسي	0
سيد	-1
سيده	2
سيطره	-3
سيكوباتي	-2
شاء	0
شائك	-2
شائن	-3
شاب	2
شاذ جنسيا	-3
شارع	0
شارك	1
شاطح	4
شاعر	0
شافعي	0
شافي	3
شاك	-1
شاكر	2
شاكر ممتن	3
شام	-1
شامل	2
شان	0
شاه	0
شاهد	0
شب	0
شبح	-1
شبه	0
شبهه	-1
شتات	4
شتم	0
شتي	-1
شجاع	3
شجاعة	2
شجب	-2
شجع	2
شخ	-4
شخص	0
شخص نتن	-2
شخصيه	0
شديد	1
شديد الإبتهاج	3
شديد الاهتياج	-1
شديدة	-2
شر	-3
شرارة	1
شرب	0
شرح	2
شرط	0
شرع	-2
شرف	2
شرق	-1
شرك	-2
شرملس	-3
شرير	-3
شريعه	-1
شريف	-1
شريك	2
شعار	-2
شعب	-2
شعبي	3
شعبية	3
شعر	0
شعور	1
شغب	-2
شغف	1
شغل	-1
شغوف	2
شفاء	4
شفقة	-2
شفي	2
شك	-2
شكاوي	-2
شكر	2
شكك	-1
شكل	-2
شكوكي	-2
شكوى	-2
شلل	-1
شمال	0
شمل	-1
شمولي	-2
شهادة زور	-3
شهاده	1
شهد	0
شهر	0
شهرة	1
شهيد	1
شوف	-2
شوق	-1
شوه	-2
شوهت	-2
شيء	-2
شيخ	0
شيطان	-3
شيعه	-1
شيعي	0
شيوعي	-2
صائم	3
صابر	2
صاحب	0
صاحب رشوة	-3
صاخب	-1
صاخبة	-1
صادر من القلب	3
صادق	2
صادم	-3
صار	-2
صارم	3
صاروخ	0
صالح	0
صانع	-1
صباح	3
صباح الخير	1
صبر	2
صبياني	-2
صح	-1
صحابه	-1
صحه	2
صحي	2
صحيح	2
صخب	-3
صد	-2
صداع الراس	-2
صداقة	2
صدام	-1
صدر	3
صدفه	-2
صدق	2
صدقت	2
صدمة	-3
صدمت	-2
صدمه خفيفه	-2
صديق	1
صديق للبيئة	2
صر	0
صراح	-2
صراخ	-2
صراع	-2
صرخات	-2
صرخة	-2
صرخت	-2
صرف	-2
صرف الانتباه	-2
صعبة	-1
صغير	-1
صف	0
صفح	0
صفر	3
صفق	2
صفقة	2
صفقه	1
صفه	1
صقل	1
صل	2
صلاح	3
صلاه	2
صلب	2
صلح	2
صله	0
صلى	1
صلي	2
صليب	-1
صليبيه	-5
صنع	0
صنعاء	-3
صهيوني	-3
صوت	1
صورة زائفة	-2
صوره	-1
صوفي	-2
صياح الديك	-5
ضائع	-3
ضائقة	-2
ضاق	0
ضال	-1
ضبابية	-2
ضجر	-2
ضحايا	-3
ضحك	1
ضحية	-3
ضحيه	0
ضخم	1
ضد	-2
ضر	3
ضرب	-1
ضربة عنيفة	-2
ضرر	-2
ضررا	-3
ضعاف	-2
ضعف	-2
ضعفا	-2
ضعيف	-2
ضعيفة الأداء	-2
ضغط	-2
ضغطت	-2
ضغوط	-2
ضمان	1
ضياء	2
ضيق	4
طائف	-1
طائفه	-1
طائفي	-2
طارد	-2
طازج	1
طاعه	1
طاعون	-3
طالب	-1
طالما	2
طاهر	0
طب	0
طبع	-3
طبق	0
طبيعه	-2
طبيعي	1
طرب	3
طرح	0
طرد	-1
طرف	1
طروب	2
طريفة	1
طريق	0
طعن	-2
طعنات	-2
طعنة	-2
طفح الكيل	-3
طفح جلدي	-2
طفل	-1
طفولي	-2
طقس	0
طلب	0
طلع	-1
طليعة	1
طمأن	1
طماع	-2
طمس	-2
طموح	2
طهر	-3
طهران	-1
طوبي	0
طول	-2
طيب	0
طيلسان	-1
ظالم	-2
ظاهر	0
ظلام	-1
ظلم	-2
ظلما	-2
ظن	-2
ظهر	0
ظهور	-2
ظهورهم	1
عائش	-2
عائق	-2
عائله	-1
عابث	-2
عابس	-2
عاتب	-2
عاجز	-2
عاجل	1
عاد	0
عاده	0
عادي	-1
عار	-2
عارف	-1
عاش	0
عاشر	-4
عاصمه	-1
عاطفة	3
عاطفية	2
عاطلين عن العمل	-1
عافي	2
عافيه	5
عاقب	-3
عاقبت	-2
عاقل	-3
عالق	-2
عالم	0
عالمي	1
عام	1
عامل	-2
عامه	0
عانى	-2
عاهرة	-4
عاوز	0
عبء	-2
عباد	0
عبادة	3
عباده	0
عبد	-3
عبدالعزيز	1
عبدالله	1
عبده	0
عبر	0
عبودي	-2
عبودية	-3
عبيد	-3
عجب	3
عجز	-2
عجيب	-2
عجيبه	-1
عداء	-2
عدائي	-2
عدالة	2
عداوه	-2
عدد	1
عدل	2
عدم	0
عدم احترام	-2
عدم احترامها	-2
عدم ارتياح	-2
عدم الثقة	-3
عدم الجدوى	-2
عدم الكفاءة	-2
عدم الموافقة	-2
عدم حساسية	-2
عدن	0
عدو	-1
عدوان	-2
عدواني	-2
عدوانية	-2
عدوى	-2
عديم الشفقة	-2
عديم القيمة	-2
عذاب	0
عذر	-1
عراق	0
عراقي	-1
عرب	-1
عربي	0
عرش	2
عرض	0
عرضي	-2
عرف	0
عرقلة	-2
عروبه	0
عز	0
عزز	2
عززت	1
عزلة	-2
عزيز	1
عزيزي	-2
عسكري	-2
عشق	-1
عصبي	-2
عصر	0
عصرنة	2
عضو	1
عضو مجموعة الضغط	-2
عطاء	3
عطس	-2
عطست	-2
عظيم	3
عفا	2
عفو	1
عفوا	-2
عقاب	-2
عقابي	-2
عقبة	-2
عقد	0
عقل	-1
عقلاني	-1
عقلي	-2
عقليه	-1
عقيد	1
عقيده	0
عقيم	-2
عكس	-1
علاق	0
علاقه	0
علامه	1
علاونه	-1
علق	-2
علم	0
علماني	-2
علمانيه	-2
علمي	1
علوي	-2
على تناقض ذاتي	-2
على خطأ	-2
على قيد الحياة	1
على متن سفينة	1
على نحو بائس	-3
على نحو زائف	-2
على نحو فعال	2
على نحو مستدام	2
علي	0
عليك اللعنة	-4
عم	0
عماد	0
عمان	0
عمر	1
عمرو	1
عمل	0
عمليات الإنقاذ	2
عمولات	-3
عمي	1
عميل	-4
عن	1
عناد	-2
عناق	2
عند	0
عنصري	-3
عنصرية	-3
عنف	-3
عنوان	0
عني	0
عنيد	-3
عنيف	-3
عهد	2
عهر	-5
عوده	0
عون	0
عيال	-2
عيب	-2
عيد	-1
عيسي	0
عيش	0
عين	0
عيوب	-3
غائب	0
غادر	1
غاضب	-3
غالي	1
غاليا	3
غامض	-2
غباء	-3
غبى	-3
غبي	-2
غد	-2
غرامة	2
غرب	-2
غربي	-2
غرد	0
غرق	-2
غريب	-2
غريب الأطوار	1
غزالي	-1
غزر	-3
غزه	-1
غزو	-1
غزير	4
غسل الأخضر	-3
غسيل دماغ	-3
غش	-3
غض	-2
غضب	-3
غفر	1
غفور	1
غم	-2
غني	2
غوطه	-1
غير	0
غير آمن	-2
غير أصلي	-2
غير أمين	-2
غير أناني	2
غير إنساني	-2
غير اخلاقى	-2
غير المدروسة	-2
غير برلماني	-2
غير تام	-2
غير جذاب	-2
غير جيد	-2
غير حاسم	-2
غير حساس	-2
غير سليم	-2
غير شرعي	-3
غير صبور	-2
غير صحي	-2
غير صحيح	-2
غير علمي	-2
غير فاعل	-2
غير فعال	-2
غير قابل للإصلاح	-2
غير قابل للتخريب	2
غير قادر	-2
غير كاف	-2
غير كافية	-2
غير كفء	-2
غير مأمون	-2
غير مؤكد	-1
غير مؤهل	-2
غير مبال	-2
غير مبالي	-2
غير متأكد	-1
غير متحيزة	2
غير مترابط	-2
غير متسامح	-3
غير متساو	-1
غير متكافئ مع	-2
غير متوفره	-1
غير مثمر	-2
غير مجد	-2
غير محبوب	-2
غير محترف	-2
غير مدرك	-2
غير مرغوب فيه	-2
غير مركزة	-2
غير مريح	-2
غير مسؤول	-2
غير مسؤولة	-2
غير مستحق	-2
غير مستقر	-1
غير مضحك	-2
غير مضمون	-2
غير مطبوخ جيدا	-2
غير معتمد	-2
غير معتمدة	-2
غير مغشوش	-2
غير مقبول	-2
غير مقتنع	-1
غير مقدر	-2
غير مقصود	-2
غير مقنع	-2
غير مكتمل	-1
غير ملائم	-2
غير مناسب	-2
غير منصف	-2
غير منطقي	-2
غير مهذب	-2
غير موافق عليها	-2
غير ناجح	-2
غير هياب	-1
غير واضح	-1
غيري	2
غيور	-2
فأس	-1
فئه	-1
فائدة	2
فائده	-1
فائق	3
فاتن	3
فاتن جدا	3
فاجر	-3
فاجع	-4
فاحش	-2
فارس	1
فارسي	0
فارغة	-1
فاسد	-3
فاشلا	-2
فاشي	-2
فاصبروا	1
فاضح	-3
فاضل	2
فاضي	0
فاعل خير	2
فاقت	-2
فاقد الأهلية	-2
فتح	0
فتن	3
فتنه	0
فتوي	-1
فجر	0
فجع	0
فحش	-2
فخ	-1
فخور	2
فذ	2
فرار جماعي	-2
فراغ	-1
فرج	2
فرح	0
فرحة	3
فرد	-1
فرس	-1
فرص	2
فرصة	2
فرض	-1
فرق	0
فرقه	0
فريق	0
فزع	-2
فساد	-3
فسحه	2
فسيح	2
فشل	-3
فصل	1
فضائح	-3
فضح	-3
فضحهم	-2
فضفاض	-3
فضل	1
فضولي	2
فضيحة	-3
فطر	3
فطنة	2
فظاعة	-3
فظيع	-3
فعال	2
فعالية	2
فعل	0
فقدان	-3
فقدت مصداقيتها	-2
فقر	-1
فقرا	-2
فقه	1
فقير	-2
فقيه	0
فكاهة	2
فكر	0
فكري	0
فلسطين	-1
فلسطيني	-1
فلسفه	0
فهم	0
فوائد	2
فوردعالم	3
فوز	4
فوضوي	-2
فوضى	-2
فوكين	-4
في	0
في احسن الاحوال	3
في ذمة الله تعالى	-3
في غير محله	-2
في منتهى السعادة	3
فيتامين	1
فيديو	0
قائد	0
قائم	-1
قابل للطفو	2
قابل للنسيان	-1
قاتل	-3
قاد	0
قادر	-2
قادر على	1
قادم	-1
قارس	-1
قاس	-3
قاضى	-2
قاطع	-2
قاعد	-1
قاعده	0
قال	0
قام	0
قانون	0
قانوني	1
قبح	-3
قبر	-2
قبطي	0
قبع	-1
قبل	0
قبلة	2
قبلت	1
قبول	1
قبيح	-3
قتال	-2
قتل	-2
قتيل	-1
قد	-2
قدر	0
قدرات	1
قدرة	1
قدس	0
قدم	-1
قدير	1
قديم	0
قذارة	-2
قذاره	-3
قذر	-2
قذف	-2
قرا	1
قرار	2
قران	0
قراني	2
قرب	-2
قرحة	-1
قرد	-5
قرع	-3
قرف	-2
قرن	0
قروب	-2
قريب	-1
قريه	0
قس	1
قسم	0
قسوة	-3
قسيس	-1
قص	0
قصة حب	2
قصد	1
قصر النظر	-2
قصف	-2
قصه	1
قصير النظر	-2
قضاء	-2
قضايا الاتهام النيابي	-3
قضي	0
قضيب	-4
قضيه	0
قطر	-1
قطرة	-1
قطع	-2
قعر	0
قل	-1
قلب	0
قلبك ملي بالهموم	-2
قلد	-2
قلق	-3
قلل	-2
قليل	-1
قليل الحظ	-2
قم	-3
قمامة	-1
قمم	2
قنا	0
قناه	0
قنبلة	-1
قوة	3
قوة تحمل	2
قوض	-2
قول	0
قوم	-1
قومي	2
قوه	0
قوي	2
قيء	-3
قياد	-2
قيادة	1
قياده	-1
قيامه	0
قيمه	0
كآبة	-1
كئب	-2
كئيب	-2
كاتب	0
كاد	-2
كاذب	-2
كارثة	-2
كارثي	-3
كارهي	-3
كاس	0
كاظم	-4
كاف	1
كافح	-2
كافر	-2
كامل	0
كان	0
كبري	-1
كبش فداء	-2
كبير	3
كتاب	1
كتب	1
كتل	-1
كثر	0
كثير	0
كثير النسيان	-2
كدح	-3
كذاب	-3
كذابون	-3
كذب	-2
كذلك تركز على	2
كرامة	2
كراهية	-3
كراهيه	0
كرب	-3
كربلاء	0
كربه	2
كردي	-1
كرس	3
كره	-3
كريم	1
كريه	-2
كريه الرائحة	-2
كسب	2
كسول	-2
كشف	-1
كف	0
كفار	-3
كفر	-2
كفي	1
كل	0
كلام	0
كلام فارغ	-2
كلب	-5
كلم	2
كلمه	1
كلية الوجود	2
كم	0
كمال	3
كنز	2
كنيس	-1
كنيسه	0
كوميديا	1
كون	1
كويت	1
كويتي	0
كويتيات النسائية	-5
كي	0
كياسة	2
كيد	-1
كيف	-1
ل	0
لا	-1
لا أحب	-2
لا ترحم	-2
لا تشوبه شائبة	2
لا رجعة فيه	-1
لا روح فيه	-2
لا طعم له	-2
لا مبالاة	-2
لا مبالي	-3
لا مثيل له	1
لا مرح	-3
لا معنى له	-2
لا يستحقون	-2
لا يصدق	-1
لا يصفح عنه	-3
لا يطاق	-2
لا يعرف الخوف	2
لا يعمل	-3
لا يقاوم	2
لا يقهر	2
لا يمكن وقفها	2
لا يهدأ	-2
لاءم	2
لاذع	-3
لازم	-1
لام	0
لايطاق	-1
لباس	4
لبس	-1
لبنان	0
لبناني	0
لبي	0
لحسن الحظ	2
لحم	-3
لخبطة	-2
لدي	0
لذيذ	3
لسان	0
لسن	1
لص	-2
لطف	2
لطفا	2
لطيف	3
لعب	0
لعبة تغيير	3
لعل	2
لعن	-4
لعنة	-1
لعنه	-5
لعوب	2
لغه	1
لقاء	4
لقب	0
لقن	-2
لكن	0
للأسف	-2
للتحقيق	1
للترهيب	-2
لم	0
لم تتحقق	-2
لم يعجبنى	-2
لماذا	0
لن	-1
لوث	-2
لوم	-2
لون	-1
لون رمادي	-1
لي	-2
ليبرالي	-3
ليس	0
ليش	-1
ليل	1
ليله	1
مأزق	-2
مأساة	-2
مأساوي	-2
مؤامرة	-3
مؤثر	2
مؤجل	-1
مؤسس	0
مؤلم	-2
مؤمن	1
مؤيد	1
مئذنه	3
مئه	0
ما	0
ما بعد الصدمة	-2
ماء	0
مائلة	-2
مائي	1
مات	-3
ماذا	0
مارس	0
مارس الجنس	-4
ماروني	1
مازح	3
ماسة	-3
ماضي	1
ماطر	-1
مال	0
مالك	1
مانع	1
ماهر	2
ماهو	-3
مبارك	2
مباشرة	1
مبالغ فيه	-2
مبالغة	-2
مبتدئ	-2
مبتدع	0
مبتكرة	2
مبتلي	-2
مبتهج	4
مبدا	0
مبرر	2
مبروك	2
مبني للمجهول	-1
مبهج	3
مبين	-2
متألق	3
متأمل	-1
متأني	2
متابع	0
متبجح	-2
متجاوب	2
متجهم	-2
متحاب	2
متحامل	-2
متحد	1
متحمس	1
متحمل	2
متحير	-2
متخاذل	-2
متدين	0
متردد	-2
مترف	1
متزايد	1
متزعزع	-2
متسامح	2
متساهل	1
متستر	-1
متشائم	-2
متشوق	2
متصلب	-1
متطرف	-2
متطورة	2
متعارض	-2
متعاطف	2
متعب	-2
متعة	3
متعصب	-2
متعه	-1
متفائل	2
متفائلين	-2
متفق عليه	1
متفوق	2
متقد	2
متقدم	1
متقطع	-2
متقلب المزاج	-1
متكل	2
متلهف	2
متمرد	-2
متململ	-2
متميز	2
متناغم	2
متنكر	-1
متهلل	3
متهم	-2
متهور	-2
متوازن	1
متواضع	1
متوتر	-2
مثبط	-2
مثقف	2
مثقلة	-2
مثل	2
مثير	5
مثير للإعجاب	3
مثير للاشمئزاز	-3
مثير للجدل	-2
مثير للشفقة	-2
مثير للمشاعر	2
مثير للنزاع	-2
مثيرة للجدل	-2
مثيري الشغب	-2
مجاعة	-2
مجال	1
مجاملة	2
مجاهد	-2
مجبر	1
مجتمع	0
مجد	3
مجرم	-3
مجزره	-2
مجلس	0
مجموع	0
مجموعة من المثليين	-3
مجن	-3
مجنون	-2
مجهد	-2
مجوس	-4
مجوسي	-2
محاباة	2
محافظ	0
محاكم التفتيش	-2
محاكمة	-1
محايل	-2
محب	2
محب للطيبة	3
محبط	-2
محبه	0
محبوب	3
محبوبة	-2
محتاج	-2
محتال	-4
محتجز	-2
محترم	3
محتقر	-3
محتل	-2
محد	-1
محدود	-1
محراب	-3
محرج	-2
محرض	-2
محرم	-2
محزن	-3
محضر	1
محظوظ	2
محفوف بالمخاطر	-2
محقر	-2
محكوم	-2
محل	1
محل تقدير	2
محمد	1
محمدا	2
محمود	-1
محمي	1
محنة	-2
مخادع	-3
مخالف	0
مخالفات	-2
مختص	2
مختل	-2
مختلف	0
مختلق	-3
مخجل	-2
مخرب	-2
مخرج	2
مخصصة	2
مخطئ	-2
مخفضة	-1
مخلة	-2
مخلص	3
مخلوق	-1
مخنوق	-2
مخيب للأمل	-2
مخيب للامال	-2
مخيف	-2
مد	-2
مدافع	2
مدان	-2
مدح	3
مدخرات	1
مدرس	0
مدرسه	0
مدروس	2
مدع	-3
مدلل	-2
مدمر	-2
مدمرة	-2
مدهش	4
مدين	0
مدينه	0
مذعور	-2
مذم	-2
مذنب	-3
مذهب	0
مذهل	4
مذهول	-2
مر	-1
مرء	0
مرارة	-2
مراقبة	-1
مراه	-1
مربح	2
مربك	-2
مرة واحدة في العمر	3
مرتاب	-3
مرتاح	2
مرتجف	-2
مرتزق	-1
مرتكب	-2
مرجع	1
مرح	2
مرحله	0
مرسلي البريد المزعج	-3
مرض	-1
مرض معد	-2
مرعب	-3
مرغوب	2
مرغوب فيه	2
مرفوض	-2
مركز	0
مرمم	1
مره	1
مرهق	-2
مرهوب	-2
مروحة	3
مروع	-3
مريح	2
مرير	-2
مريض	-2
مريع	-3
مريم	2
مزاعم	-2
مزايا	2
مزدهر	3
مزعج	-2
مزوح	2
مزور	-1
مزورة	-3
مزيفة	-3
مس	3
مسألة	1
مسؤول	2
مسؤولية	1
مسائل	1
مساعدة	2
مسالم	-2
مساوئ	-2
مسبل	-2
مستاء	-2
مستانس	0
مستبعد	-2
مستحيل	-2
مستعبد	-2
مستغل	-2
مستقبل	0
مستقر	2
مستمتع	3
مستوطنة	1
مسجد	-1
مسجون	-2
مسح	1
مسحة	-2
مسحور	3
مسدود	-1
مسرات	2
مسرور	3
مسروق	-2
مسكون بالارواح	1
مسكين	1
مسلم	1
مسلي	2
مسمم	-2
مسوغ	2
مسيح	0
مسيحي	0
مسيحيه	0
مش	-1
مشؤوم	3
مشارك	-2
مشاركه	2
مشاكل	-2
مشبع	2
مشبوه	-2
مشتبه فيه	-1
مشتت الذهن	-2
مشترك	1
مشتكى	-2
مشجع	2
مشدوه	3
مشرق	1
مشرك	1
مشروع	0
مشكك	-2
مشكل	0
مشكلة	-2
مشكله	-2
مشكوك فيه	-1
مشمئز	-3
مشهد	-1
مشهور	3
مشوش	-2
مشوشا	-2
مشوق	2
مشوه	-2
مشي	-1
مشيدا	3
مص	-3
مصاب	-2
مصاب بدوار	-1
مصادفة سعيدة	4
مصدر	0
مصر	-1
مصري	-1
مصطفي	1
مصقول	2
مصلح	0
مصلحه	-1
مصمم	2
مصيبة	-2
مصيبه	-2
مصير	-1
مضايقات	-3
مضايقة	-3
مضحك	4
مضر	-2
مضطراب	-2
مضطرب	-2
مضطهد	-2
مضلل	-3
مضمون	2
مطالب	-1
مطالبة	-1
مطرود	-2
مطلق	1
مطمئن	1
مطمئنة	2
مظاهرة	-1
مظلم	-2
مظلوم	-2
مع	-1
معابد	-1
معاد	-2
معارك	-1
معاقب	-2
معاقبة	-2
معاناة	-2
معاويه	-2
معبد	0
معتدل	-1
معتقد	0
معجب	3
معجبه	3
معجزات	3
معجزة	4
معد	-2
معدي	-1
معرض	2
معرض للخطر	-1
معرفه	0
معركة	-1
معركه	0
معروف	1
معزول	-1
معصيه	0
معضلة	-1
معظم	0
معفى	-1
معقد	2
معقل	-1
معلق	-1
معلقة	5
معلم	2
معلوم	0
معلومات خاطئة	-2
معلومه	0
معمم	-3
معني	1
معوق خلقيا	-2
معي	0
معيب	-3
معيبة	-3
مغامر	2
مغامرات	2
مغامرة	2
مغتصب	-4
مغرب	3
مغرض	-2
مغرفة	3
مغرم	2
مغرور	-2
مغزو	-2
مغشوش	-2
مغفل	-2
مغوي	-1
مغيظ	-2
مفاتن	3
مفاوضات	-1
مفترس	-2
مفتون	2
مفتي	-1
مفجع	-3
مفخم	2
مفروض	-1
مفضل	2
مفعم بالحيوية	2
مفقود	-2
مفكر	0
مفكك	-2
مفلس	-3
مفيد	2
مقابل	-2
مقاضاة	-2
مقاطعة	-2
مقال	1
مقاومه	-1
مقبول	2
مقت	-3
مقتل	-2
مقتنع	1
مقدس	0
مقطب	-1
مقطع	-1
مقلق	-3
مقيد	-2
مقيدة	-2
مكاسب	2
مكافأة	2
مكافحة	-1
مكان	-1
مكتئب	-2
مكتب	2
مكدر	-2
مكر	2
مكرر	1
مكروب	-3
مكروه	-3
مكسور	-1
مكسور القلب	-3
مكمما	-2
مكمن	-1
مكه	-1
مكون	0
مل	0
ملائم	2
ملبس	-2
ملتزم	1
ملحد	-2
ملحوظة	2
ملطف	3
ملعون	-3
ملقاة	-2
ملك	0
ملل	-2
ملهم	2
ملوث	-2
مليون	-2
ممارس	1
مماطلة أو تعطل	-2
ممتاز	3
ممتع	3
ممزق	-2
ممل	-3
مملكه	0
ممنوع	-2
مميت	-3
من	0
من الناحية القانونية	1
من ضحايا	-3
من غير المرجح	-1
من غير قصد	-2
من فضلك	1
مناسب	2
مناشدة	2
منافق	-2
مناقصة	2
منبوذ	-2
منتصر	4
منتفخ	-1
منتقم	-2
منح	1
منحة	1
منحت	3
منحط	-2
منحوس	-2
مندهش	-2
منزعج	-3
منزل	1
منصف	2
منطق	0
منطقه	0
منظف	2
منع	-2
منعش	3
منفصل	-1
منفعل	3
منكر	-2
منكري	-2
منهج	0
منهجي	2
منهك	-2
منهمكين	1
منيع	2
مهاج	-2
مهاجمة	-1
مهتز	-2
مهتم	2
مهجور	-2
مهدد	-2
مهددة	-2
مهدي	-1
مهذب	2
مهروس	-2
مهزلة	-1
مهزوم	-2
مهم	2
مهمل	-2
مهندم	2
مهووس	2
مهيج	-2
مهين	-2
مو	0
مواجه	-3
مواطن	0
موافق عليه	2
موافقة	2
موت	1
موثوق	2
موثوق به	2
موجود	0
موحد	1
موحل	-2
موحى	2
موسي	0
موصوم	-2
موصى به	2
موضوع	1
موظر	-5
موقر	2
موقع	1
موقف	1
موهبة	2
ميئوس منه	-2
ميت	-1
ميت من الجوع	-2
ميدالية	3
ميزة	2
ميسكاست	-2
ميل	2
ميناء	-2
نأمل	2
نائب	1
نابض بالحياة	3
ناجح	3
ناجي	2
نادم	-2
نادي	-1
نار	-2
ناس	0
ناصر	-1
ناصرت	2
ناضج	2
نافذه	0
نافر	-2
نافيا	-2
ناقص	-2
نبتهج	4
نبح	-2
نبذ	-1
نبوي	0
نبي	2
نتن	-2
نتوء	1
نتيجه	0
نثني	2
نجا	2
نجاح	2
نجح	3
نجران	2
نجس	-5
نحر	0
نحن	0
ندب	-2
ندم	-2
ندوب	-2
نذل	-5
نزع	0
نزل	-1
نزوة	-2
نساء	-1
نسب	-1
نسبه	0
نستنكر	-3
نسي	-1
نسيت	-1
نشر	-1
نشط	1
نشوة	2
نشيد	2
نشيط	2
نص	-3
نصح	1
نصر	0
نصراني	-1
نصرانيه	0
نصف	-1
نصيب	1
نصير	-1
نضح	-3
نظام	-2
نظر	0
نظريه	0
نظم	0
نظيف	2
نعتز به	2
نعم	-1
نعم فعلا	1
نعمة	1
نعمه	2
نعى	-2
نعيم	1
نفاق	-3
نفايات	-1
نفاية	-1
نفث رائحة كريهة	-2
نفذ	-1
نفس	0
نفسي	-2
نفط خام	-1
نفع	1
نفوذ	0
نفى من غير محاكمة	-2
نفي	-2
نقاش	0
نقاط الضعف	-2
نقاط القوة	2
نقد	-2
نقدر	2
نقص	-2
نقض	-2
نقل	0
نقي	1
نكات	2
نكبة	-3
نكتة	2
نكد	-2
نكروديتيد	-1
نمطية	-2
نمو	2
ننسى	-1
نهار	0
نهان	-1
نهايه	-2
نهب	-2
نهم	2
نوبة	-3
نوبة ضحك	-3
نور	2
نوصي	2
نوع	2
نوع من	0
نول	-1
نووي	0
نية حسنة	3
نيه	0
ها	0
هائج	4
هاجم	-1
هادئ	2
هالة	1
هالك	-2
هاها	3
هاهاها	3
هاي	0
هبة	2
هبوط	-1
هبوط مفاجئ	-2
هتاف	2
هتلر	-3
هجر	-1
هجمات	-1
هجوم	-1
هجومي	-2
هدأ	2
هدايه	1
هدد	-2
هدف	-2
هدم	-3
هدوء	2
هدي	0
هدية	2
هذا	0
هراء	-2
هرب	-1
هروب	-1
هرير	4
هز	0
هزة أرضية	-2
هزلي	1
هزم	-2
هزه	-1
هزيمة	-2
هستيري	-3
هستيريا	-3
هفوة	-1
هكتار	2
هل	0
هلال	-2
هلع	-3
هلل	2
هللويا الشكر لله	3
هم	-1
هما	-1
همجي	-2
هموم	2
هنأ	2
هنا	0
هندوسي	1
هواة	2
هوموروس	2
هوي	-1
هويه	0
هيئه	0
هياب	-2
وأثنى	2
وئام	2
وابل	2
واثق	2
واثق من نفسه	2
واجب	2
واحد	0
واحسرتاه	-1
واسع	1
واسع الخيال	2
واشاد	3
واضح	1
واقع	-2
والد	4
والدي	4
والي	0
واهن	-2
وبخ	-3
وتتهم	-2
وتف	-4
وتنفي	-2
وثاب	-1
وثني	-2
وجب	-1
وجد	0
وجع	-2
وجه	-1
وجود	-1
وحد	1
وحده	-2
وحشي	-3
وحي	-1
وحيد	-2
وحيدا	-2
وخزة	-5
ود	0
ودع	0
ودود	2
ودي	3
وراء	-1
ورم	-2
وري	0
وزن زائد	-1
وزير	0
وسائل الراحة	2
وسخ	-4
وسط	0
وسط ذهول	3
وسع	1
وسيله	0
وسيم	3
وش	-1
وصف	0
وصل	1
وضع	0
وضع الشيء في غير مكانه	-2
وضوح	2
وطن	-1
وطني	1
وعد	1
وعود	1
وعي	0
وفاة	-2
وفاه	2
وفق	1
وفيات	-3
وقت	-1
وقحة	-5
وقع	0
وقف	-1
وقفة احتجاجية	-2
وكيل	-3
ولاء	3
ولايه	0
ولد	0
ولع	2
ولي	0
وليد	-1
وهابي	-3
وهو يسرق	-2
وو	3
وون	3
ويؤدي تجاهل	-2
ويؤيد	2
يأس	-3
يأسف	-2
يأمل	2
يؤجل	-1
يؤدب	-3
يؤلم	-2
يؤمن	2
يئن	-2
يا هلا	5
يائس	-3
يارسول	0
يالخروف	2
يام	2
يبارك	2
يبالغ	-2
يبتكر	1
يبدد	-2
يبرر	2
يبسط	-2
يتألمون	-2
يتجاهل	-1
يتجنب	-1
يتخبط	-2
يتربص	-1
يترقب	-1
يترك	-1
يتسع	1
يتصلب	2
يتطلع	2
يتظاهر	-1
يتقن	2
يجذب	1
يجرم	-2
يجمد	-1
يجمع	-1
يجوع	-2
يحب	3
يحب الداعر	4
يحبط	-2
يحترم	2
يحتفل	3
يحتكر	-2
يحذر	-2
يحرج	-2
يحرف	-2
يحسن	2
يحشر	-2
يحط	-2
يحظر	-1
يحفز	1
يحقق	2
يحل	1
يحمي	1
يحول دون	-1
يحول دون الإصابة	-1
يختفي	-1
يخجل	-2
يخدع	-3
يخفف	1
يخلي	1
يخيب	-2
يخيف	-2
يخيم	-1
يد	0
يدهش	3
يدين	-2
يذهل	2
يرتفع	1
يرتكب	1
يرفض	-1
يروج	-2
يريد	1
يزجر	-2
يزعج	-2
يساء تفسيرها	-2
يساء فهمه	-2
يساعد	2
يستحق	2
يسترضي	2
يستعبد	-2
يستعيد	1
يستغل	-2
يستفز	-1
يستفيد	2
يستقيل	-1
يستنكر	-2
يسحق	-1
يسخر	-2
يسرق	-2
يسوع	1
يسيء	-2
يسيء التصرف	-2
يشتبه	-1
يشتكي	-2
يشجع	2
يشرك	1
يشفق	-1
يشك	-1
يشكو	-2
يشوه	-2
يصطدم	-1
يصل	1
يصلي	1
يصيب	-2
يضايق	-3
يضحك	1
يضطهد	-2
يضعف	-2
يضلل	-3
يطارد	-1
يطرد	-2
يطمئن	1
يعارض	-2
يعاقب	-2
يعاني	-2
يعبد	3
يعتذر	-1
يعترف	-1
يعزز	1
يعشق	3
يعطل	-2
يعطل قدرة	-2
يعيق	-2
يغرق	-2
يغضب	-2
يغيب	-2
يفاقم	-2
يفتن	3
يفرح	4
يفرض	-1
يفرق	-2
يفضح	-1
يفقد	-3
يقبل	1
يقتل	-3
يقرر	2
يقسم	-2
يقض مضجع	-2
يقلل من شأن	-1
يقنع	1
يقوي	2
يقيد	-2
يكافح	-2
يكره	-2
يلتزم	1
يلحق	-2
يلغي	-1
يلهم	2
يلوث	-2
يلوح في الافق	-1
يلوم	-2
يليق	2
يمتد	1
يمتص	1
يمقت	-3
يمكن "تي الوقوف	-3
يمكن الوصول	1
يمن	-1
يمنع	-1
يمني	-1
يمين	-1
يناضل	-3
ينتقد	-2
ينتقص	-1
ينتن	-2
ينتهك	-2
ينجذب	1
ينجز	2
ينم	-3
ينور	2
يهجر	-2
يهدئ	2
يهدد	-2
يهرب	-1
يهزأ	-2
يهمل	-2
يهودي	-2
يهوديه	0
يوافق	1
يوبخ	-3
يوسف	0
يوضح	2
يوكي	-2
يوم	0
