Explorations	1
L کي	-1
Myth	-1
Phenomenon	-1
Suicidal	-2
Vested	1
abducted	-2
abductions	-2
abhor	-3
abhorred	-3
abhors	-3
aborts	-1
absentee	-1
absolve	2
absolved	2
absolves	2
absolving	2
accidents	-2
acclaim	2
acclaimed	2
accolade	2
accomplishes	2
accuses	-2
achievable	1
acquits	2
acquitting	2
acrimonious	-3
adopts	1
adorable	3
adored	3
adores	3
adoring	3
adoringly	3
advantageous	2
advantageously	2
adventurous	2
advisable	1
affectionateness	3
affronted	-1
aficionados	2
aggravate	-2
aggravates	-2
aggravating	-2
aggressions	-2
aggressiveness	-2
agog	2
agonises	-3
agonize	-3
agonized	-3
agonizes	-3
agonizing	-3
agreeable	2
alarmed	-2
alarmist	-2
alarmists	-2
altruistic	2
amazes	2
ambitious	2
ambivalent	-1
amicable	2
amuse	3
amusements	3
angers	-3
annoying	-2
antagonistic	-2
anticipation	1
apathetic	-3
apeshit	-3
apocalyptic	-2
apologizes	-1
appalled	-2
appalling	-2
appease	2
appeases	2
appeasing	2
applaud	2
applauding	2
applauds	2
appreciates	2
apprehensive	-2
appropriately	2
arsehole	-4
ashame	-2
assfucking	-4
asshole	-4
astound	3
astounded	3
astoundingly	3
astounds	3
atrocity	-3
attractively	2
attractiveness	2
audacious	3
aura	1
avengers	-2
avenges	-2
avid	2
axed	-1
badass	-3
badness	-3
bailout	-2
bamboozle	-2
bamboozled	-2
bamboozles	-2
bankster	-3
barbarian	-2
bastard	-5
battled	-1
battling	-2
beatific	3
beauties	3
beautify	3
befit	2
belittle	-2
belittled	-2
benefactors	2
benefitting	2
bereave	-2
bereaves	-2
bereaving	-2
bitch	-5
bitches	-5
bitterest	-2
blackmailed	-3
blackmailing	-3
blackmails	-3
blah	-2
blesses	2
blithe	2
bloated	-1
blockbuster	3
blurry	-2
boosts	1
bothers	-2
bothersome	-2
boycott	-2
boycotting	-2
brainwashing	-3
braveness	2
bravura	3
breached	-2
breaches	-2
bribed	-3
bribing	-3
brightest	2
brilliance	3
brilliances	3
brisk	2
brooding	-2
brutally	-3
bullied	-2
bullshit	-4
bummer	-2
buoyant	2
burdening	-2
burglary	-2
calmed	2
calming	2
calms	2
canceling	-1
carefulness	2
casualty	-2
celebrates	3
censored	-2
censors	-2
chagrin	-2
charisma	2
charming	3
charmingly	3
charmless	-3
chastising	-3
cheater	-3
cheaters	-3
cheating	-3
cheats	-3
cheerfully	2
cheering	2
cheerless	-2
cheery	3
cherishes	2
cherishing	2
chic	2
chided	-3
chides	-3
chiding	-3
childish	-2
choke	-2
classy	3
clouded	-1
cocksucker	-5
cocksuckers	-5
cocky	-2
coerced	-2
collapses	-2
collapsing	-2
collide	-1
collides	-1
colliding	-1
collisions	-2
colluding	-3
combats	-1
comforting	2
commend	2
complacent	-2
complaining	-2
complicating	-2
compliment	2
complimented	2
compliments	2
conciliate	2
conciliated	2
conciliates	2
conciliating	2
confidently	2
conflictive	-2
confuse	-2
congratulate	2
congratulation	2
consents	2
consolable	2
constipation	-2
contagion	-2
contagions	-2
contagious	-1
contaminant	-2
contaminants	-2
contaminate	-2
contaminates	-2
contaminating	-2
contamination	-2
contaminations	-2
contemptible	-2
contemptuous	-2
contend	-1
contender	-1
contending	-1
contestable	-2
controversially	-2
convinces	1
convivial	2
cornered	-2
corrupts	-3
courageously	2
courageousness	2
coziness	2
cramp	-1
crap	-3
crappy	-3
crazier	-2
craziest	-2
crestfallen	-2
criminate	-3
criminated	-3
criminates	-3
criticizes	-2
crowding	-1
crushes	-1
cunt	-5
cutback	-2
cutbacks	-2
cynic	-2
cynicism	-2
dangerously	-2
daredevil	2
darkest	-2
dauntless	2
dazzling	3
deadening	-2
deadlock	-2
deafening	-1
debonair	2
deceives	-3
deferring	-1
deficiencies	-2
deformed	-2
deformities	-2
deformity	-2
defrauds	-3
deft	2
degrades	-2
dehumanize	-2
dehumanized	-2
dehumanizes	-2
dehumanizing	-2
deject	-2
dejecting	-2
dejects	-2
delighted	3
delightfully	3
delighting	3
demoralize	-2
demoralized	-2
demoralizes	-2
demoralizing	-2
denier	-2
denounces	-2
deplore	-3
deplores	-3
deploring	-3
deport	-2
deportation	-2
deportations	-2
deporting	-2
deports	-2
depressing	-2
derails	-2
derelict	-2
derides	-2
deriding	-2
derision	-2
despondent	-3
destructive	-3
deteriorates	-2
deteriorating	-2
deterrent	-2
detract	-1
detracted	-1
detracts	-1
devastate	-2
devastating	-2
devastations	-2
devotional	2
dickhead	-4
diffident	-2
dilemma	-1
dilligence	2
dipshit	-3
direful	-3
dirtier	-2
disagreeable	-2
disappoint	-2
disappointing	-2
disappointments	-2
disappoints	-2
disapprovals	-2
disapproves	-2
disapproving	-2
disastrous	-3
discarding	-1
discards	-1
discernment	2
disconsolate	-2
disconsolation	-2
discounted	-1
discredited	-2
discriminates	-2
discriminating	-2
discriminatory	-2
disguised	-1
disguises	-1
disgust	-3
disgustful	-3
disgusting	-3
disheartened	-2
dishonest	-2
disinclined	-2
disjointed	-2
dislikes	-2
disorganized	-2
disoriented	-2
disparage	-2
disparaged	-2
disparages	-2
disparaging	-2
displeasure	-2
disproportionate	-2
disquiet	-2
disrespected	-2
disrupted	-2
disruptive	-2
distasteful	-2
distorts	-2
distract	-2
distracts	-2
distressing	-2
distrustful	-3
disturbs	-2
dithering	-2
diverting	-1
dizzy	-1
dodging	-2
dodgy	-2
dolorous	-2
donating	2
douche	-3
douchebag	-3
dour	-2
downer	-2
downhearted	-2
downside	-2
drags	-1
drained	-2
dreaded	-2
dreary	-2
droopy	-2
drowns	-2
dud	-2
dumbass	-3
dupe	-2
duped	-2
dupery	-2
dysfunction	-2
ecstatic	4
eerie	-2
effectiveness	2
effortlessly	2
elated	3
elation	3
elegantly	2
embarrasses	-2
embarrassment	-2
empathetic	2
emptiness	-1
endorses	2
engages	1
engrossing	3
enjoyable	2
enlightens	2
ennui	-2
enrage	-2
enrages	-2
enraging	-2
enrapture	3
enslaves	-2
enterprising	1
entertaining	2
enthrall	3
envious	-2
euphoria	3
euphoric	4
evacuate	-1
evacuated	-1
evacuates	-1
evacuating	-1
evergreening	-3
evergreens	2
exacerbates	-2
exacerbating	-2
exaggerates	-2
exaggerating	-2
exasparate	-2
exasperated	-2
exasperates	-2
exasperating	-2
excruciatingly	-1
exhilarated	3
exhilarates	3
exhilarating	3
exonerate	2
exonerated	2
exonerates	2
exonerating	2
expelling	-2
expels	-2
expertly	2
exploiting	-2
exposes	-1
exquisite	3
exuberant	4
exultantly	3
fabulously	4
fagot	-3
fagots	-3
fainthearted	-2
faker	-3
fakes	-3
faking	-3
fascinate	3
fascinated	3
fascinates	3
fascination	3
fatality	-3
fatigued	-2
fatigues	-2
fatiguing	-2
favorited	2
favourited	2
fearsome	-2
felonies	-3
felony	-3
fervid	2
festive	2
fidgety	-2
flagship	2
flaw	-2
flawlessly	2
flop	-2
flops	-2
fondness	2
forbidding	-2
foreclosures	-2
forgetful	-2
forgettable	-1
frantic	-1
fraudster	-4
fraudsters	-4
fraudulence	-4
frenzy	-3
friendliness	2
fright	-2
frikin	-2
frisky	2
frustrates	-2
ftw	3
fucked	-4
fucker	-4
fuckers	-4
fuckface	-4
fuckhead	-4
fuckin	-4
fucking	-4
fucking دوست رکندو آھي	4
fucking سهڻي	4
fucking سٺو	4
fucking عشق	4
fucking مبهم	4
fucking هذا	4
fucking وڏو	4
fucking پياري	4
fucking ڀرپور	4
fucking گرم	2
fucktard	-4
fud	-3
fuked	-4
fuking	-4
fuming	-2
funky	2
funnier	4
gag	-2
gagged	-2
gallant	3
gallantly	3
gallantry	3
genial	3
ghastly	-2
glamourous	3
glee	3
gleeful	3
glum	-2
goddamn	-3
godsend	4
goofiness	-2
goofy	-2
gr8	3
gratification	2
greenwash	-3
greenwasher	-3
greenwashers	-3
greenwashing	-3
gripping	2
grisly	-2
groaned	-2
groans	-2
growths	2
gruesome	-3
gullibility	-2
gullible	-2
hacked	-1
haha	3
hahaha	3
hahahah	3
hallelujah	3
handpicked	1
haplessness	-2
happiest	3
harasses	-3
harassing	-3
hardier	2
harmonious	2
harried	-2
harsher	-2
harshest	-2
hater	-3
haters	-3
hating	-3
haunting	1
haunts	-1
heartbreaking	-3
heartwarming	3
heavyhearted	-2
hehe	2
hellish	-2
hideous	-3
hindrance	-2
hoax	-2
homesick	-2
homicide	-2
homicides	-2
honoring	2
hooligan	-2
hooliganism	-2
hooligans	-2
hopeless	-2
horrendous	-3
horrid	-3
horrific	-3
horrified	-3
huckster	-2
hugs	2
humbug	-2
humerous	3
humourous	2
hurray	5
hysteria	-3
hysterical	-3
hysterics	-3
icky	-3
idiocy	-3
idiotic	-3
ignores	-1
illiteracy	-2
imbecile	-3
immobilized	-1
impaired	-2
impairing	-2
impairment	-2
impairs	-2
impeachments	-3
impede	-2
impeded	-2
impedes	-2
impeding	-2
impedingly	-2
imposes	-1
imposter	-2
impresses	3
improper	-2
improves	2
incapacitated	-2
incapacitates	-2
incapacitating	-2
incensed	-2
incenses	-2
incensing	-2
incoherent	-2
incompetent	-2
incomprehensible	-2
inconsiderate	-2
inconvenient	-2
indecisive	-2
indestructible	2
indignant	-2
indignation	-2
indoctrinate	-2
indoctrinates	-2
indoctrinating	-2
inediable	-2
ineffectively	-2
ineffectual	-2
inefficiently	-2
inept	-2
ineptitude	-2
inexcusable	-3
inexorable	-3
infantile	-2
infantilized	-2
infatuated	2
infatuation	2
infections	-2
infects	-2
infest	-2
infesting	-2
infests	-2
inflicting	-2
inflicts	-2
infract	-2
infracted	-2
infracting	-2
infracts	-2
infuriate	-2
infuriates	-2
infuriating	-2
inhibit	-1
innovate	1
innovates	1
inoperative	-2
inquisitive	2
insecure	-2
insensitive	-2
insensitivity	-2
insipid	-2
inspiring	3
insufficiently	-2
insults	-2
interrupting	-2
interruption	-2
interrupts	-2
intimidates	-2
intimidating	-2
intransigence	-2
intransigency	-2
intricate	2
invulnerable	2
irate	-3
irreparable	-2
irreproducible	-2
irresistibly	2
irresolute	-2
irresponsibly	-2
irreversible	-1
irreversibly	-1
irritate	-3
irritated	-3
irritates	-3
irritating	-3
itchy	-2
jackass	-4
jackasses	-4
jailed	-2
jeopardy	-2
jerk	-3
jocular	2
jolly	2
jovial	2
joyless	-2
joyous	3
jubilant	3
jumpy	-1
justifiably	2
kickback	-3
kickbacks	-3
kidnaps	-2
kinder	2
kudos	3
lackadaisical	-2
lagging	-2
lags	-2
laughting	1
lawl	3
lawsuit	-2
lawsuits	-2
lenient	1
lethal	-2
lethality	-2
lethargic	-2
lethargy	-2
libelous	-2
lifesaver	4
lighthearted	1
likable	2
likeable	2
likers	2
litigious	-2
lmao	4
lmfao	4
loathe	-3
loathed	-3
loathes	-3
loathing	-3
lobbied	-2
lobbyist	-2
lobbyists	-2
lolol	4
lololol	4
lolololol	4
lonesome	-2
lool	3
loom	-1
loomed	-1
looming	-1
looms	-1
loool	3
looool	3
loser	-3
lousy	-2
lovable	3
lovelies	3
lugubrious	-2
lunatic	-3
lunatics	-3
lurking	-1
lurks	-1
macabre	-2
maddening	-3
madly	-3
maladaption	-2
maldevelopment	-2
maltreatment	-2
manipulated	-1
manipulating	-1
manslaughter	-3
marvelous	3
marvels	3
masterpiece	4
masterpieces	4
mediocrity	-3
meditative	1
memoriam	-2
menaced	-2
mesmerizing	3
methodically	2
mindless	-2
mirth	3
mirthful	3
mirthfully	3
misbehave	-2
misbehaves	-2
misbehaving	-2
misbranding	-3
miscast	-2
mischiefs	-1
misclassified	-2
misclassifies	-2
misclassify	-2
misconduct	-2
misconducted	-2
misconducting	-2
misconducts	-2
misfire	-2
misinformation	-2
misinformed	-2
misinterpreted	-2
misleaded	-3
misplace	-2
misplaces	-2
misplacing	-2
mispricing	-3
misreport	-2
misreported	-2
misreporting	-2
misreports	-2
misrepresent	-2
misrepresentations	-2
misrepresenting	-2
misrepresents	-2
mistaking	-2
misunderstand	-2
misunderstands	-2
misuses	-2
misusing	-2
moaned	-2
moaning	-2
moans	-2
modernized	2
modernizes	2
modernizing	2
mongering	-2
monopolize	-2
monopolizes	-2
monopolizing	-2
monotone	-1
moody	-1
mope	-1
moping	-1
moron	-3
motherfucker	-5
motherfucking	-5
motivating	2
motivation	1
mournful	-2
mourns	-2
mumpish	-2
murdering	-3
n00b	-2
naive	-2
nasty	-3
naïve	-2
negativity	-2
neglecting	-2
neglects	-2
nervously	-2
nifty	2
niggas	-5
nigger	-5
noblest	2
nosy	-2
noticeable	2
numb	-1
obliterate	-2
obnoxious	-3
obscenity	-2
obstructing	-2
obstruction	-2
obstructs	-2
offends	-2
offensively	-2
oks	2
oppressions	-2
optionless	-2
ostracize	-2
ostracized	-2
ostracizes	-2
ouch	-2
outcry	-2
outmaneuvered	-2
overjoyed	4
overload	-1
overlooked	-1
overprotective	-2
overran	-2
overreact	-2
overreacted	-2
overreacting	-2
overreaction	-2
overreacts	-2
oversell	-2
overselling	-2
oversells	-2
oversimplification	-2
oversimplified	-2
oversimplifies	-2
oversimplify	-2
oversold	-2
overstatement	-2
overstatements	-2
overwrought	-3
oxymoron	-1
pained	-2
panicked	-3
panics	-3
paradox	-1
parley	-1
passively	-1
penalize	-2
penalizes	-2
penalizing	-2
pensive	-1
perfectly	3
perfects	2
perjury	-3
perpetrator	-2
perplexed	-2
persecutes	-2
pervert	-3
pesky	-2
pessimistic	-2
petrified	-2
phobic	-2
pillage	-2
pique	-2
piqued	-2
pissed	-4
pissing	-3
piteous	-2
pitied	-1
plagued	-3
plaguing	-3
pleasurable	3
plodding	-2
poignant	2
poised	-2
poisons	-2
polite	2
politeness	2
pollutant	-2
pollute	-2
polluter	-2
polluters	-2
pollutes	-2
possessive	-2
prblm	-2
prblms	-2
pressured	-2
pretends	-1
preventing	-1
prick	-5
proactive	2
profiteer	-2
promotes	1
prosecute	-1
prosecutes	-1
prospect	1
provokes	-1
provoking	-1
pseudoscience	-3
psychopathic	-2
punitive	-2
purest	1
purposeful	2
pushy	-1
racist	-3
racists	-3
rageful	-2
rant	-3
ranter	-3
ranters	-3
rants	-3
rapist	-4
raptures	2
rapturous	4
reassure	1
reassures	1
reassuring	2
refines	1
refreshingly	2
refuses	-2
reliability	2
reliably	2
relieves	1
relieving	2
relishing	2
repellent	-2
repercussion	-2
reprimand	-2
reprimanded	-2
reprimanding	-2
reprimands	-2
resentful	-2
resigning	-1
resigns	-1
resolute	2
resolves	2
restful	2
restricting	-2
restrictive	-1
revengeful	-2
revolting	-2
rightfully	2
rigorously	3
riveting	3
robed	-2
robing	-2
robs	-2
rofl	4
roflcopter	4
roflmao	4
romantical	2
romantically	2
rotfl	4
rotflmfao	4
rotflol	4
ruining	-2
saluted	2
saluting	2
sappy	-1
savange	-2
savanges	-2
scams	-2
scandals	-3
scapegoat	-2
scapegoats	-2
screamed	-2
screams	-2
screwed	-2
scumbag	-4
seamless	2
secures	2
seditious	-2
sentencing	-2
sexist	-2
sexistic	-2
sexy	3
shithead	-4
shitty	-3
shocks	-2
shoody	-2
shrew	-4
silencing	-1
sincerest	2
singleminded	-2
skepticism	-2
skeptics	-2
slash	-2
slashed	-2
slashes	-2
slick	2
slicker	2
slickest	2
slumping	-1
slut	-5
smartest	2
smuggles	-2
sneaky	-1
sneeze	-2
sneezed	-2
sneezes	-2
sneezing	-2
snub	-2
snubbing	-2
snubs	-2
sobering	1
solidifies	2
solidifying	2
solves	1
somber	-2
soothed	3
spammers	-3
sparkle	3
sparkles	3
sparkling	3
spearhead	2
spiritless	-2
spiteful	-2
spotless	2
sprightly	2
squandered	-2
squandering	-2
squanders	-2
squelched	-1
stab	-2
stabs	-2
stalling	-2
stamina	2
stampede	-2
stank	-2
startling	3
starve	-2
starves	-2
starving	-2
stereotype	-2
stereotyped	-2
stifled	-1
stimulate	1
stimulated	1
stimulates	1
stimulating	2
stink	-2
stinked	-2
stinker	-2
stinking	-2
stinks	-2
stinky	-2
stout	2
strangely	-1
strengths	2
stressor	-2
stressors	-2
strikers	-2
struggles	-2
stupidly	-2
suave	2
substantially	1
succeeds	3
sucks	-3
sued	-2
sueing	-2
sues	-2
sufferer	-2
suicides	-2
suing	-2
sulking	-2
sulky	-2
surviving	2
survivor	2
suspecting	-1
sustainably	2
sweeter	3
sweetest	3
swindle	-3
swindles	-3
swindling	-3
taint	-2
tard	-2
tarnished	-2
tarnishes	-2
terribly	-3
terrifically	4
terrorized	-3
terrorizes	-3
thoughtless	-2
thwarted	-2
thwarting	-2
thwarts	-2
timorous	-2
tits	-2
toothless	-2
tortures	-4
torturing	-4
totalitarianism	-2
tout	-2
touted	-2
touting	-2
touts	-2
toxic	-3
tragedies	-2
travesty	-2
treasonous	-3
tremors	-2
tremulous	-2
trickery	-2
troll	-2
twat	-5
tyran	-3
tyrannic	-3
tyrannically	-3
tyrans	-3
ugliness	-3
unappeasable	-2
unappreciated	-2
unattractive	-2
unavailing	-2
unbelievable	-1
unconcerned	-2
unconfirmed	-1
unconvinced	-1
uncredited	-1
undecided	-1
undercooked	-2
underestimate	-1
underestimated	-1
underestimates	-1
underestimating	-1
undermined	-2
undermines	-2
underperform	-2
underperformed	-2
underperforming	-2
underperforms	-2
unequaled	2
uneventful	-2
unfit	-2
unfitted	-2
unfocused	-2
unforgivable	-3
unforgiving	-2
unfulfilled	-2
unfunny	-2
ungenerous	-2
unhappiness	-2
unhealthy	-2
unhygienic	-2
unimaginative	-2
unimpressed	-2
uninspired	-2
unintelligent	-2
uninvolving	-2
unlovable	-2
unloved	-2
unmatched	1
unmotivated	-2
unoriginal	-2
unparliamentary	-2
unpleasantness	-2
unprofessional	-2
unravel	1
unreleting	-2
unresearched	-2
unscientific	-2
unsecured	-2
unselfish	2
unsold	-1
unsophisticated	-2
unsound	-2
unstoppable	2
unsuccessfully	-2
unsupported	-2
untarnished	2
uplifting	2
upsetting	-2
uselessness	-2
validates	1
validating	1
vapid	-2
verdicts	-1
vexing	-2
victimize	-3
victimizes	-3
vindicate	2
vindicated	2
vindicates	2
vindicating	2
violently	-3
virulent	-2
visioning	1
vitriolic	-3
vivacious	3
vociferous	-1
vomit	-3
vomited	-3
vomits	-3
vulnerability	-2
walkouts	-2
wanker	-3
warmhearted	2
warmness	2
wavering	-1
wealthier	2
whimsical	1
whitewash	-3
widowed	-1
winwin	3
wits	2
woebegone	-2
woohoo	3
wooo	4
woow	4
worries	-3
worrying	-3
wowow	4
wowww	4
wrathful	-3
wreck	-2
wrenching	-2
wrongdoings	-2
wtf	-4
wtff	-4
wtfff	-4
xo	3
xoxo	3
xoxoxo	4
xoxoxoxo	4
yeees	2
yucky	-2
zealot	-2
آ	-2
آباد	1
آبرو	2
آبهوا	2
آرام	2
آزاداڻي طور	-1
آزادي	2
آس	2
آسان	1
آسانيء	2
آسمان	2
آسماني	4
آغوش	1
آف لائن	-1
آفت	-2
آفتن	-2
آفتون	-3
آلودگي	-2
آمهون سامهون	1
آميز	-2
آنو	2
آهين	-2
آيا	-1
آپگهات	-2
آڌار	2
آڪڙجي	3
آڳي	-2
آڻيندڙ	-2
آھ	-1
أجل	1
ئي	4
ائين	-2
ابت	2
ابڙو	-2
اتفاق	2
اتفاقن	-2
اتياچار	-3
اثاثن	2
اثر	2
اثر انداز	-2
اجائي	-2
اجايو	-2
اجرو	2
احتجاج	-2
احسان	2
احمد	-1
اختلاف	-2
اختلافي	-2
اخلاقي	2
ادا	-1
اداس	-2
ادنى	-2
اذيت	-2
ارباب رحيم	-2
ارمان	-2
ازیت	-2
استحصال	-2
استعفي	-1
استعمال ٿيندڙ	-2
استعيفي	-1
اسلامڪ	2
اسم	-2
اسمگل	-2
اسٽاپ	-1
اسپام	-2
اسپامر	-3
اسپتال	-2
اسڪينڊل	-2
اصلوڪي	-2
اطمينان	-2
اعتبار	2
اعتراض	-2
اعتراف	2
اعتماد	2
اعصاب	-1
اغوا	-2
افزائي	2
افسانوي	4
افسرده	-2
افسوس	-1
افضل	3
الارم	-2
البت	-3
الزام	-2
الزامن	-2
الميو	-2
امانتون	1
امر	2
امن	2
اميد	2
اميدون	1
امير	2
امڪان	2
امڪانن	1
انبن	-2
انتشار	-2
انتظار	-1
انتقام	-2
انتهائي	1
انتهاپسند	-2
انتهاپسندي جي	-2
انجام	2
انداز	-1
اندازو لڳايو	-2
اندرا	-2
انساني	-2
انسفيلائٽس	-2
انعام	3
انفيڪشن	-2
انقلابي	-2
انهي کي درست	1
انڌا	-1
انڌيري	-2
انکان علاوه	-2
انڪار	-1
انڪاري	-2
انھن حد کان لنگھندڙن	1
اها پڪ	2
اها ڄاڻن ٿا	-2
اهل	-2
اهلبيت	-2
اهم	2
اهميت	2
اهڙن	-1
اهڙين	-2
اوارڊ	3
اورو	-2
اونداھين	-1
اوٽ	-2
اوڀڙ رليا مليا	3
اوکائي	-2
ايتري	2
ايذاء	-2
ايذائيندا	-2
ايذايا	-2
ايل او ايل	3
ايمان	1
ايماندار	2
ايندس	2
ايندو آهي	3
اٽڪي	-1
اپاهجپڻي	-2
اڄ دانھون نه	-2
اچرج	3
اڇلايو	-2
اڙي	-2
اکروٽ	-3
اڪيلائيء	-1
اڪيلو	-2
اڻ	3
اڻ وڻندڙ	-2
اڻ ٿيڻي	3
اڻپورا	-1
اڻڄاڻ	-2
بااختيار	2
بار	-2
بارودخانو	-4
باريڪ بين	3
بازن	-3
باغي	-2
باغين	-2
باقي بچيل	2
بالغ	2
باهر	-2
باهمت	2
باهه	-2
باڪردار	1
بجار	1
بحال	1
بحالي	1
بحران	-3
بخار	-2
بخشڻھار	1
بخيل	-2
بداخلاق	-2
بدتر	-3
بدتميز	-2
بدحالي	-2
بدصورت	-3
بدعنوان	-3
بدعنواني	-2
بدماشي	-2
بدمعاش	-2
بدمعاشي	-2
بدگماني	-3
براين	-3
برباد	-2
بربادي	-2
برداشت	2
برسات	-1
برطرف	-2
برقرار	-1
برهان	-2
بريء	-2
بزدل	-2
بعيد	-1
بغاوت	-2
بغير	2
بلاڪ	-1
بم	-1
بند	-1
بندش	-2
بنديء	-2
به سوديبازي	2
به نٿو	2
به گرفتاري عمل	-2
بهادر	2
بهادري	2
بهتر	2
بهترين	3
بهترين لات	4
بور	-3
بوند	-1
بوٽيل	-5
بي	2
بي انتها	-3
بي حسي	-2
بي حيائي	-2
بي خوفي	2
بي دردي	-3
بي رحمي	-3
بي شڪري	-3
بي عزتي	-2
بي علميء سان	-2
بي مانو	-3
بي نقاب	-1
بي ڍنگو	-2
بي گهر	-2
بي ھمت	-2
بي ھمت ٿيو	-2
بياس	-1
بيان	2
بيجان	-1
بيحد	-3
بيحد خوش	5
بيخبري	-3
بيدخل	-1
بيدل	-2
بيرحميء وارين	-3
بيروزگار	-1
بيروزگاري	-2
بيزار	-2
بيزار ٿي	-3
بيشڪ	-2
بيمار	-2
بيمار موڪلڻ	-2
بيماري	-1
بيماريون	-1
بينوويلنٽ	3
بيوقوف	-2
بيوقوفي	-3
بيٺا	3
بيچين	-2
بيچيني	-2
بيکاري	-2
بيڪار	2
بچاء	2
بچائي	2
بچايوسون	2
بچت	1
بچي	2
بچڻ	-1
بڇان	-2
بک	-2
بگاڙي	-2
بگڙيل	-2
بڻائيندا	1
بڻايل	3
بھرحال	-2
تاتي	2
تازو	1
تاويل	-2
تاڪيد	-2
تباهه	-2
تباهي	-3
تبديلي	-1
تخليقي	2
تخيلاتي	2
تدارڪ	-3
ترجماني	2
ترس	2
ترسن	3
ترقي	2
ترقي يافته	1
ترقيء	1
ترين	-2
تسخير	1
تشدد	-3
تشدد بندن	-3
تصنع	-1
تضاد	-2
تعجب انگيز	4
تعزيتي	-2
تعلق	2
تقريبن	0
تكبر	-3
تلاء	-2
تمام وڏو	3
تمثيلن	-4
تمغا	3
تنقيد	-1
تنهنجو	3
تنهنڪري	-3
تنگ	-2
تنگ اچڻ	-3
تون خوار	-2
تيئن	-2
تيار	1
تيز گام	1
تڏهن	1
تڙڻ	-2
تڪرار	-2
تڪليف	-1
تڪميل	3
تڪڙو	-2
تڪڙي	-1
ثابت ٿيو	2
ثاني	-1
ثي رهيو	1
جا موقعا	2
جا پيروڪار	-2
جاء والارڻ لاء	2
جابر	-2
جارحيت	-2
جاري آهي	2
جامع	2
جان ليوا	-2
جانباز	3
جاچيو	1
جت	3
جدا	-3
جدت	1
جدوجهد	-2
جديد	2
جذب	1
جرئت	2
جرات	2
جرم	-2
جسٽس	2
جشن	3
جلال	2
جلاوطن	-2
جمعي	2
جمهوريت	-2
جنازي	-1
جنت	3
جنسي ڏاڍائي	-4
جنم	1
جنگ	-1
جنگليپڻو	-2
جهاد	-1
جهل	-2
جهڙا	-4
جهڙن	2
جهڙو	2
جهڙي طرح	-2
جهڳڙو	-2
جو ارادو ڪيو	2
جو اعتراف	2
جو دڪان	-2
جو رواج	-2
جو شرف حاصل	2
جو عڪس ضرور	-2
جو پڌرو	1
جوئي	2
جوابدارن	-1
جوابي	1
جوش	3
جوشيلي	2
جون شڪايتون	-2
جوچ	1
جوڙ	-2
جوڙي	2
جوڳو	1
جي آجيان	2
جي اجازت	2
جي اپيل	2
جي اٿڻ جھڙو	-2
جي بحالي	1
جي حساب سان	-3
جي حفاظت	1
جي خرابي	-3
جي ذميواري	1
جي زيارت	-2
جي سعادت حاصل	2
جي شدت	-2
جي عذاب کي	-2
جي فائدن	1
جي مارجڻ تي	-3
جي مذمت	-2
جي منظوري	2
جي موقعن	-2
جي مھلت ڏيڻ	-1
جي هٿان	-2
جي واکاڻ	3
جي ٻڏي وڃڻ	-2
جي پاسداري	2
جي ڀڃڪڙي	-2
جي کوٽ	-2
جي ڪوشش	1
جي ڪٽهڙي ۾	-2
جي ڳڙن	2
جياريندو	2
جياريوسون	2
جيت	4
جيد	2
جيل	-2
جيڪي ڳڀيراڻين	-3
جڳهن	2
جھليائين	-2
جھليندا	-2
جھليندڙ حد کان لنگھيل	-2
جھنڊو	-2
جھيڙاڪ	-2
جھڪيون ھونديون	-2
جھڳڙو	-2
جھڻڪ	-1
جھڻڪج	-2
حاجت	1
حادثاتي	-2
حادثي	-2
حاسد	-2
حاصل	2
حالت	2
حامي	2
حد	1
حرام	-2
حسد	-1
حسرت	-2
حسن	3
حصو	1
حفاظت	1
حقارت	-2
حقيقت آهي	-2
حل	2
حل ڪرڻ	1
حمايت	2
حملا	-1
حملو	-1
حملي کان	-1
حياء	-2
حيران	4
حيرت	2
حڪم	2
حڪمت	1
خاتمو	-2
خارج	-1
خاص طبقن	-2
خالي	-1
خبر	-2
خبردار	2
خدا	1
خدا ترس	2
خداء	2
خدمتون سرانجام	1
خراب	-2
خراب ڪيو	-2
خرابين	-3
خراج تحسين پيش	2
خروش	3
خزانا	2
خزانو	2
خساري	-2
خسيس	-2
خصي	-2
خطرن	-2
خطرناڪ	-2
خطرو	-2
خطري	-2
خفي	-2
خلاف ورزي	-2
خلل	-2
خلوص	2
خليفو	1
خندان	2
خواب	1
خوار	-2
خواني	1
خواهش	1
خواهشون	1
خوبرو	3
خوبصورت	3
خوبيون	2
خود	2
خود اعتماد	2
خود غرض	-3
خود غرضي	-3
خود فحش	-2
خود متضاد	-2
خود ڀلايا	-2
خودي	2
خورد برد	-3
خوش	4
خوش رهو	2
خوش طبع	2
خوش مزاج	2
خوش ٿي	2
خوش ٿيو	4
خوشحال	3
خوشحالي	3
خوشخبري	3
خوشقسمتي سان	3
خوشقسمتيء سان	2
خوشي	3
خوشيء	3
خوف	-2
خوفزده	-3
خوفناڪ	-2
خيال	2
خيانت	-3
خير	3
خيرات	2
داخل	-1
داد	2
داغ	-2
دانھن	-2
دانھون	-2
درد	-2
دردن	-2
دست اندازي	-2
دستياب	-1
دشمن	-2
دشمنن کي	-2
دشمني	-2
دعائون	1
دعوت	1
دلي	3
دليري	2
دليل	1
دلچسپ	2
دلڪش ۽ سحرانگيز	2
دم بخود	5
دني	-2
دنگ	-2
دنگو	-2
دهشتگرد	-2
دهشتگردن	-2
دهشتگردي	-3
دهوئون	-2
دوج	-2
دورانديشي	2
دوريون	2
دوزخ	-4
دوست	2
دوست رکندو آھي	3
دوستي	2
دوستي جو	2
دوکو	-3
دوکي	-4
ديد	-3
دير	-1
ديرو	1
دٻاء	-1
دڙڪا	-3
دڙڪو ڏيندي	-2
دک	-3
دکدائڪ	-2
دکيء	-3
دے	-2
ذري گھٽ	-2
ذلالت	-2
ذلت	-3
ذليل	-2
ذميوار	2
ذهنن	-2
راحت	3
راضي	3
راغب	2
راڄن	-1
رحم	-2
رحمت	2
رد	-1
رد ڪرڻا	-2
رذيل	-3
رسايو	-2
رسوا	-1
رقت	2
رهان	-1
رهندو هو	-3
رو	-2
روئي	-2
روئيندڙ ٿي	-2
روئڻ	-2
رواداري	2
روح	1
روزانو	-1
روشن	2
روشن خيال	2
روشني وڌي	2
رومانوي	2
رونشو	-1
روپوش	-1
روڪي	-1
روڪي ٿو	-1
روڪيندا	-1
روڪيندو	-2
روڪيو	-1
روڪڻ	-1
رياڪاريء	-2
ريسرچ	-3
ريش	-2
ريپ	-4
رڙ	-1
رک	-1
رکين	2
رڪاوٽ	-2
رگ	-1
رھن	1
رھيل	-2
رھيو	-3
زار	-2
زبردست	3
زبردست شيون	3
زخم	-1
زخمن	-2
زخمي	-2
زد	-2
زده	-2
زراعت	-1
زرخيز	2
زرداري	-1
زمان	-2
زنده	1
زهر	-2
زوجته	2
زور	2
زوري	-2
زيات	-3
زيارتين	-2
زيان	-1
زير	-1
زيور	1
سئين	2
سا	-2
سا سکندا هئا	-2
سائي ڌوئڻ	-3
سادگي	1
ساراهيو	2
ساراھ	3
ساراھيو	3
سازش	-3
سازگار	2
سالميت	2
سان نوازيو	3
ساڄي طرف	3
ساڙ	-2
ساڻن پٺيء توڙ	-1
ستا	-2
ستائين	-2
ستائين ٿو	-2
سجدو	3
سحر	3
سخت	3
سخت خراب	-3
سخت رڙ	-2
سخت مايوسي	-2
سختيء	-1
سدا	2
سرمايو	2
سرمي	2
سرڪش	-2
سرگرم	2
سزا	-2
سزا ڏيندڙ	-1
سزائون	-2
سست	-1
سستي	2
سفارش	2
سقط	-1
سلام	2
سلام پيش	2
سلجهائڻ	2
سليم	-2
سليوٽ	2
سمجهاڻي	-1
سمجھ	2
سمن	-2
سمير	-2
سمگلنگ	-2
سنڌين کي	3
سهارو	2
سهڻن	-2
سهڻيون	3
سور	-2
سور پوندن	-2
سورن	-3
سوز	-2
سياسي رشوت	-3
سينيٽ چيئرمين	2
سيکت	-2
سٺائي	2
سٺو	3
سٺو نه	-2
سپر	3
سپريم	4
سڄڻ	3
سچ	2
سچا	2
سچي	2
سڌارو	2
سڌي	1
سک	2
سڪ	1
سگو	-2
سگھ	2
سڳوري	2
شاعريء	-2
شامل	1
شانت	2
شاندار	5
شاهه	-2
شد	2
شديد	1
شرم	-1
شرمسار	-2
شرمندا	-2
شرمندا ٿي	-2
شروع	1
شص	-2
شمع روشن	1
شهرت	1
شوخ	3
شوق	2
شيدائي	3
شڪ	-1
شڪ شبهو	-2
شڪ ڪندڙن	-2
شڪار	-2
شڪارتبديليء	3
شڪايت	-2
شڪايتون	-2
شڪرانو ڪريو	3
شڪست	-2
شڪلا	2
شڪي	-1
شھرين	-2
صاف	2
صبح جو سلام	1
صبر	2
صحافي	3
صحتمند	2
صدائون	-2
صدمو	-2
صف	1
صفا سکڻو آهي	3
صلاح	2
صلاحيت	2
صلاحيتون	2
صوابيا	-2
صورت	-1
صوما	3
ضايع	-2
ضد	-2
ضرب پهچائڻ	-2
ضرور وھندس	-1
ضروري	-1
ضمانت	1
طاقتور	2
طلب	2
طنزيه	-2
ظالم	-2
ظالمن	-2
ظريفي	-1
ظلم	-2
عائد	-1
عاجز	1
عار ڪيو	-2
عاليشان	3
عام	1
عبادت	3
عبدالحميد ڊوگر	5
عجب	3
عجيب	4
عدالتي	-3
عدالتي نوٽيسن	-2
عدل	2
عذاب	-2
عذر	-1
عزت	2
عزت ڀرئي	2
عزم	2
عشق	3
عطا	2
عطيو	2
عقيدت	2
عقيدن	-2
عمده	1
عيب	2
عيبدار	-2
عيسي	1
عيش	2
عيوض	-3
عڪاسي	-2
عڪسن	-2
غائب	-1
غاصبانه	-2
غافل	-2
غالب	3
غداري	-3
غربت	-1
غريب	-2
غلام	-2
غلامي	-3
غلط	-2
غلط اثرات	-2
غلط استعمال	-2
غلط بياني	-2
غلط طريقي سان	-2
غلطي	-2
غلطين	-2
غلطيون	-2
غم	-2
غير اخلاقي	-2
غير تسلي بخش	-2
غير جي منظوري ڏني	-2
غير حاضر	-1
غير قانوني	-3
غير منطقي	-1
غير يقيني	-1
فائدا	2
فائدن	2
فائدو	2
فائدي	2
فائرنگ	-2
فاتح	4
فاشسٽس	-2
فاقن	-2
فتح	3
فتنه	-3
فتنه و	-2
فتوحات	3
فحش	-3
فرار	-1
فرق	-2
فرقو	-3
فرمايائون	-1
فروغ	1
فساد	-1
فسطائي	-2
فضل	1
فضول	-2
فعال	2
فلو	-2
فليس	-1
فلپ	2
فنڪشنل	-2
فوري طور	1
فياض	2
فيض حاصل	2
فٽنيس	1
فڪر	-2
فڪر مند	-2
قائل	1
قائلا	1
قابل	1
قابل ذڪر	2
قانوني	1
قبر	-2
قبول	1
قبوليت	-2
قبوليو	2
قتل	-2
قدرتي	1
قرار	1
قرض	-2
قسم	2
قسمت	3
قلت	-2
قنوطيت	-2
قيادت	1
قيد	-2
قيدي	-2
لأبي	-2
لئو	-2
لائق	2
لائيندڙ چغلي ھڻندڙ	-2
لابنگ	-2
لات	-2
لات سٺو	4
لات پياري	3
لاجواب	4
لاش	-1
لالچ	-3
لالچي	-2
لانڊرنگ ڪيس	-2
لاوارث	-2
لاٽ	-1
لاپرواهي	-2
لاچار	-1
لخت جگر	-1
لذت	3
لطف	4
لطف اندوز	2
لطف اندوز ٿيڻ	-2
لطيف	2
لعدم	-1
لعنت	-1
لفاظي	-3
لنوائيندو	-2
لنگھڻ	-3
لهندو	2
لوبان	-2
لولي	3
لوڌڻ	-1
ليک	-1
لٽيرو	-2
لپ	3
لٿو	2
لڄ	-2
لڄي	-2
لڙن	-3
لکان	-2
لکي	3
لکڻ	-2
لڪايو	-1
لڪندو	-1
لڪي	-1
لڳي	2
مائي	2
مات	-3
ماتم	-2
ماحول دوست	2
مار	-1
مارشل لا	-1
مارڪي	-2
مارڻ	-1
مال	3
مالدار	2
مالیاتي	-2
مامون	1
مان لاهي	1
مان هجان ها	-1
مايوس	-2
مايوسي	-2
مايوسيء	-3
ماڻس	-2
ماھر	2
مبارڪون	2
مبارڪون هجن	2
مبالغي	-2
مبتلا	-2
مبهم	4
متاثر	3
متحده	1
متحرڪ	2
متضاد	-2
متعجب	2
متعصب	-2
متفق	1
متوازن	1
مثبت	2
مجاز	2
مجال	-2
مجبور	1
مجموعي	-2
مجنون	-2
محافظ	2
محبت	2
محبتاحسان	3
محبوب	3
محدود	-1
محسن	2
محصور	-2
محفوظ	2
مخالف	-1
مختصر گھمايو	-2
مختصرآيا	-2
مختلف	-1
مخلص	2
مدبر	2
مدد	2
مددگار	2
مدي خارج	-2
مذاق	2
مذمت	-2
مرض	-2
مرعوب	3
مرغو	-5
مري	-3
مريد	3
مريدن	-2
مرڪ	2
مرڪ ڪندڙن	3
مرڪي	2
مرڻ	-3
مرڻو	2
مزاح	2
مزاحيه	1
مزاحیہ	2
مزي جي طور	-1
مزيدار	3
مسئلو	-2
مست	-2
مستاني	2
مستحڪم	2
مستفيض ٿي	2
مسجدين	-2
مسقل	1
مسڪينن	-2
مسھائي	-1
مشتاق	2
مشغول	1
مشفق	2
مشهور	3
مشڪل	2
مشڪلاتون	-2
مضبوط	2
مضر	-3
مضطرب	-2
مطالب	-3
مطالبو ڪيو	-1
مطمئن	2
مطمئن نه	-2
مظاهرو	-2
مظاهرين	-2
مظاھرو	2
مظلوم	-2
معاف	1
معافي	2
معافي ڏيندڙ	2
معاهدي	1
معتبر	2
معجزو	4
معذرت	-1
معذور	-2
معطل	-1
معنى	1
معني	2
معيار	2
مفادن	1
مفيد	2
مقاطعو	-2
مقبوليت	3
مقتول	-3
مقدمو	-2
مقدمي	-1
ملائڪ گڏبا	-2
ملامت	-2
ملتوي	-1
ملحد	1
ملهائڻ	-2
ملول	-2
ملوڪيت	-2
ملٽي	2
ممتاز	2
منا	3
مناسب	2
منافعو	2
منافعي	2
منافق	-2
منتشر ڪندڙ	-2
منجهيل	-2
منجھيل	-2
منحوس	-2
منسوخ	-1
منظور	2
منظوري	2
منع	-2
منفي	-2
منهجي	-2
منڊا	-2
منڪرجي	-1
مهانگائي	-3
مهانگي	-2
مهذب	-2
مهرباني	2
مهرباني ڪري	1
مهم	2
موت	-2
موج	-3
موزون	2
موقعو	2
موقعو ملندو	2
مول	-2
موٽندي	-1
موڙيندا	-2
موڪلايو	1
موڪليندڙ	2
ميار	-2
ميدان	-2
ميري	3
ميس	-2
ميلا	-2
ميلي	-4
ميٽي	2
ميڪسيڪو ۾	-3
مٺي	2
مٽئ	-2
مٿانئن	-2
مٿي	2
مٿي messing	-2
مٿي screwed	-3
مٿي جو سور	-2
مڃتا	2
مڙئي	-1
مڙهيو	-2
مڪر	2
مگن ھئي	1
مھارتن	1
مھر ھنئي	-3
مھلت ڏني اٿس،	-1
نئون رڪن	-2
نئين	-2
نا	-2
نا اميد	-3
نا اميد ٿيندو	-3
نا پسند	-2
نااميدي	-2
نااهل قرار	-2
نااهل هئڻ	-2
ناجائز	-2
ناحق	-2
ناراض	-2
ناراض ھئي	-2
ناراضپو	-2
ناراضگي	-2
ناز	2
ناس	-2
ناسازگار	-2
نافرماني	-2
ناقابل برداشت	-2
نالائق	-2
ناول	2
ناپسند	-3
ناڪام	-2
ناڪامي	-2
نت	2
نجات	2
نحس	3
نحيف	-2
نراشا	-2
نرمل	2
نروس	-2
نرگسيت	-2
نسل پرستي	-3
نصب	-2
نصيب	2
نصيحت	-2
نظر انداز	-2
نظر ۾	2
نظري	1
نعمت	3
نفرت	-3
نفس	-1
نفسن	2
نفعي	2
نقاد	-2
نقصان	-2
نقصانن	-2
نقصانڪار	-2
نقطا	1
نماز پڙھندو	1
نندك	-2
ننڍين ننڍين	3
نه	-1
نه سڃاڻن	-1
نه مڃڻ	-1
نه ٿينديون	-2
نه چئج	-2
نوازش	2
نوٽ 피자	3
نين	-2
نيچ	-2
نيڪ	2
نٿ	-2
نڀاڳ	-2
نڙي	-2
نھ	-2
هئائون	-2
ها	1
هارايل	-2
هاڪاري	2
هاڻي عالمي	-2
هذا	4
هلو	-1
هلي رهيو	-2
هليا	1
هم آهنگي	2
همت افزائي	2
همدردي	2
هموار	2
همٿ	2
همٿائي	2
هنڌن	-3
هنگامي	-2
هوشياري سان	2
هونء به	2
هونئن	1
هيء	-2
هيرن	1
هيرو	2
هيروز	2
هيٺ ڏجن ٿا	-3
هٽلر	3
هٿ کڻڻ لاء	-2
هڙتال	-1
هڪ ڀيرو۾هڪکوڙ	3
وار	-2
واري رهائشگاهه	-2
واصل	-4
واضح	1
واعدو	1
واندو	1
واڌارو	1
واڍي	-1
واکاڻ	3
واہ	4
وبا	-2
وجهن	4
وجود	-2
وجيهه	-2
وجھي	3
وحشت	-2
وحشي	-3
وحي	2
ورتي	4
وس آهر	2
وساري	-1
وساريو	-2
وسارڻ	-1
وسري ويو	-1
وسعت	1
وضاحت	2
وعدو	-2
وفائي	-3
وفات ڪري ويو	-3
وفادار	3
وفاداري	3
وقار	2
وقف	2
ولاري	-1
ولولو	3
ومن	-3
ون يونٽ	-1
ونظر	2
ويا	-1
وياج خور	-2
ويدن	-3
ويران	-2
ويهاري	-3
ويٺل	-1
ويچاري	2
ويڇا	-2
ويڙهن	-1
ويڪرو	1
وٺندو	-2
وٺندڙ	2
وٺي طاقتور ٿيا	-3
وٽامن	1
وڃائي	-3
وڃايو	2
وچڙائي	-2
وچڙندڙ	-2
وڌائڻ	1
وڌاياته	-2
وڌن	-1
وڌندڙ	1
وڌي	1
وڌيڪ بدتر	-3
وڌيڪ بگڙن	-3
وڌيڪ هوشيار ٿئي	2
وڏا	2
وڏائي	-2
وڏي	3
وڏيون	-1
وڏيون اميدون	-3
وڙهڻ	-2
وڪٽر	3
وڳوڙي	-2
وڻندڙ	3
وھڻ	-2
ویندا	2
ي	1
يء	-2
يادگار	1
يافته	1
يقيني	1
ٺهراء	-2
ٺهيل	-1
ٺهڪي	1
ٺيڪ	2
ٺٺوليون	-2
ٺٺوليون ڪندا	-2
ٺڪرائڻ	-3
ٺڳي	-2
ٺڳيو	-3
ٻاجهه	2
ٻاجھاري (الله)	3
ٻانھ	-2
ٻانھن	-3
ٻاڙائي	-2
ٻاھر	-2
ٻت	-3
ٻول	-2
ٻوڙي	-2
ٻوڙيوسون	-2
ٻين	-2
ٻڌائي	-2
ٻڌن	2
ٻڏتر	-2
ٽاريو	-1
ٽرمپ	4
ٽٽل	-1
پائيدار	2
پائيداري	1
پابند	1
پابندي	-2
پابندي مڙهيل	-2
پادري	-2
پاسو	-1
پاسياثر	-2
پالش	2
پاڪ	1
پاڪائي	3
پراميد	2
پرجوش	3
پرواهه	2
پروپيگنڊا	-2
پريشان	-2
پرچار	-2
پرچي	-1
پرڪشش	2
پرھيزگارن لاء	-1
پسند	1
پسند آيو	2
پسند نہ	-2
پسندن	-4
پسنديده	2
پشيمان	-2
پلاٽئگنيٽ	-2
پلنگن تي	-2
پنهنجو	-2
پنهنجي چريائپ	-2
پهتل	-2
پهچ	1
پهچي	1
پور	-1
پورهين	-2
پورو	2
پوري	2
پورين	-2
پوريون	2
پوسٽسخت خراب	-2
پونء	-2
پوٽي	3
پيار	3
پيارا	2
پيارن	2
پيارو	3
پياري	2
پيش	-2
پيو	2
پيٽ جي	-2
پيڇي ڪرڻ	-2
پٺتي پيل	-2
پٺي	-1
پٺيرو	-1
پٺين	1
پٽجيهڪbitch	-5
پٽي	-1
پٽڙي	-2
پڇا	-1
پڇاڻو ڪيو	-2
پڇتاء	-2
پڇيائين:	3
پڪو	-1
پڪڙڻ	-2
پگھريل	-2
پھچائيندو	-1
ٿئي	-4
ٿاڦڻ	-2
ٿرو	3
ٿلهي	-1
ٿو سڃاڻان:	-2
ٿوت	-2
ٿورڙا ڏينھن	-2
ٿي ويو	-2
ٿيئي	-2
ٿيندس	-3
ٿينديون	-1
ٿڌيون	1
ٿڪ	-2
ٿڪجي	1
ٿڪل	-2
ڀائيندا	-1
ڀاڪر	2
ڀتا	-3
ڀرجي ويو	-2
ڀروسو	1
ڀروسي	2
ڀري	-2
ڀريو	-2
ڀرپور	3
ڀلائيندو	-3
ڀلو	3
ڀلي	2
ڀلي ڪري آيا	2
ڀلھو	-2
ڀورو	-1
ڀيٽائون	2
ڀڃي	-1
ڀڃڻ	-2
ڀڳو	-2
ڄام نندي جي	-3
ڄڻا مارجي ويا	-3
چئلينج	-1
چارم	3
چانديء جو	-1
چاهي ٿو	2
چري	-2
چريائي	-3
چريو	-1
چرچائي	2
چرچو	3
چمي	2
چمپل	-2
چنچل	2
چهرن	-1
چورائي	-2
چورن	-2
چوري	-2
چوريء	-2
چوسڻ	3
چوڙ	-2
چوڻ	-2
چيخ	-2
چيمپئن	2
چيمپين	2
چيڪ	-2
چٽ	-2
چٽاڀيٽي	2
چٽو	2
چڏيو	-2
چڙي	-2
چکائيندا	-2
چڪ	-2
چڱا	2
چڱائي	3
چڱو	3
چڱيgroomed	2
چڱيء طرح	-3
چڱيقائم	2
چڱيٺاهي ڇڏيان	2
ڇااسان	-1
ڇهندڙ	-2
ڇو	-2
ڇوٽڪاري	3
ڇوڙ	2
ڇڏائيندو آھي	2
ڇڏي	-1
ڇڏي ڏنو	-2
ڇڏيا	-2
ڇڏڻ	-3
ڇڙو	-2
ڇڪڻ	-1
ڊانواڊول	-1
ڊاه	1
ڊرون	-1
ڊنل	-2
ڊوڙيا	-2
ڊير	-1
ڊيڄاري	-2
ڊيڄاري چڪاسون،	-2
ڊيڄاريندو	-2
ڊيڄاريو	-3
ڊيڄارڻ	-2
ڊپ	-2
ڊپٽي ڪنوينر انجنيئر	-2
ڊڄندا	-2
ڊڄو	-2
ڊڄي	-3
ڌانڌلي	-1
ڌمڪيون	-2
ڌوکيباز	-4
ڌوڪي	-3
ڌٻڻ	-2
ڌڪ	-2
ڍال	-2
ڍر	-1
ڍڳا	-2
ڏات	2
ڏاڍو	-3
ڏاڍي	-2
ڏسجڻ	2
ڏسن ته	2
ڏسيو	1
ڏمرايو	-3
ڏنو اٿون	2
ڏني	1
ڏوهاري	-3
ڏوهارين	-3
ڏوهن	-2
ڏيئي "دبي موقف	-3
ڏيوالو	-3
ڏيوالپڻو	-3
ڏيڻ	-2
ڏک	-2
ڏکائي	-2
ڏکوئيندي آھي	-2
ڏکوئيندڙ	-2
ڏکي	-2
ڏکيو	-2
ڏڪار	-2
ڏڪندي	-1
ڏڪي	-2
ڏڪڻي	-2
ڦاسي پيا	-2
ڦاڙيو	-2
ڦهليل	-2
ڦيري	-2
ڦٺ	-3
ڦٽي	2
ڦٽڪار وجهوس	-4
کائنس	-1
کاتي	-2
کان الڳ	-1
کان انڪار	-2
کان لنگھي ويندا	-2
کان پڇيو	-1
کان ڊڄندا آھن	-2
کان ڪوهين	2
کل ڀريو	4
کلايو	-3
کلن	1
کلندا رھيا	1
کلندي	1
کليو	3
کلڻ	1
کن	3
کنڊرن	-2
کوسا	-3
کوٽ	-2
کي تھمت لائين	-2
کي سڏڻ	1
کي معزور ڪرڻ	-1
کي نظرانداز ڪيو	-2
کي پھتو	1
کي گمراھ	-3
کير	-3
کٽ	2
کٽل	-2
کٽڻ	4
کپي	-2
ڪئي	1
ڪا به	1
ڪاري	-3
ڪارين	2
ڪافرن	-1
ڪامياب	3
ڪاميابي	3
ڪانء	-2
ڪانھي	-1
ڪاهه	-1
ڪاوڙ	-2
ڪاوڙايو	-2
ڪبو	-2
ڪتب	-2
ڪجهه	1
ڪجهه قسم	0
ڪجو	-2
ڪراڪلي	2
ڪرشماتي	-2
ڪري رھيا	2
ڪري ڇڏيندو	2
ڪرپشن	-3
ڪرڻيون پيون	-2
ڪشش	2
ڪشٽ	2
ڪلينر	2
ڪم	1
ڪم نه ايندي	-3
ڪم نٿو ڪري	-3
ڪمزور	-2
ڪمزورين	-2
ڪنجوسي	2
ڪنو	-3
ڪنھن ٻٽاڪيء گنھگار	-3
ڪهاڙي	-1
ڪو لطف	-3
ڪو مسئلو	-2
ڪوش	-1
ڪوڙ	-1
ڪوڙ ڀائيندڙن	-2
ڪوڙ ڄاتو	-2
ڪوڙ ڄاڻي،	-2
ڪوڙ ڳالهائڻ	-2
ڪوڙا	-3
ڪوڙو	-3
ڪوڙي	-1
ڪوڙين	-2
ڪوڙڪا	-1
ڪوڪ	-2
ڪيتري ترجماني	3
ڪيتري ترقي	2
ڪيتري روشني وڌي	2
ڪيتري پئي وڃي	2
ڪيترين ئي	-2
ڪير گھلائيندو	-3
ڪيس	1
ڪيستائين	-2
ڪينسر	-1
ڪيني	-2
ڪيو ويندو	-2
ڪيڊ	2
ڪپڙا اپ	-3
ڪچي	-1
ڪڍي ڇڏيو	-1
ڪڍي ڇڏڻ	-2
ڪڙو	-2
ڪھڙين نعمتن	3
گاريون	-2
گدا	-4
گر	-2
گرفتار	-2
گرفتاري	-2
گرم	1
گرمائش	2
گروي رکڻ	-2
گلا	-2
گلاب	1
گلان	-3
گلم	-2
گم	-3
گمراهه	-3
گمراهيء	-2
گمراھ ڪندڙ	-3
گمراھيء ھجڻ کانسواء	-2
گن	-1
گناهه	-2
گناہ	-2
گند	-1
گندي	-2
گهرڻ	-1
گهوٽالي	-2
گهٻرايو	-3
گهٽائڻ	1
گهڙيل	-2
گواھ	2
گورا	-1
گولين	-1
گونگا	-3
گير	2
گڏ ڪيو	-1
گڏيل	1
گڏھ آھن	-2
گگ	-2
گھيڙيا	-3
گھڙندا	2
گھڻائي	-2
ڳالهين	2
ڳالھائيندا	-3
ڳجهه	-2
ڳجهه ۾	-2
ڳهه	1
ڳولهڻ	3
ڳوڙها	-2
ڳڻيا	-1
ڻ	-1
ھا	-2
ھلاڪ	-3
ھنگامو	-3
ھو	3
ھٿ لائڻ	-2
ھڏ سست	-2
۽ انساني	2
۽ دورانديش	3
۽ وهسڪي	-3
۽ ڏوجهرا ماڻهوء	-2
۾ فسادي ٿي	-3
۾ ڪيش ڪرائڻ	-2
۾وڏي	-2
