Angers	-3
Avenged	-2
Backed	1
Best Damn	4
Bravura	3
Commended	2
FTW	3
Fucked	-4
LMFAO	4
Lawl	3
OKs	2
Robs	-2
Starved	-2
WOWOW	4
WinWin	3
Woohoo	3
Woow	4
XOXO	3
affronted	-1
aficionados	2
apeshit	-3
assfucking	-4
badass	-3
bamboozles	-2
bankster	-3
belittled	-2
blockbuster	3
brilliances	3
chagrined	-2
chastising	-3
cocksucker	-5
cocksuckers	-5
consolable	2
contagions	-2
criminate	-3
criminated	-3
criminates	-3
damnit	-4
dehumanizes	-2
deject	-2
dejecting	-2
dejects	-2
demoralizes	-2
denier	-2
deriding	-2
dilligence	2
dipshit	-3
disconsolation	-2
disgustful	-3
disrespected	-2
dodgy	-2
dont όπως	-2
douchebag	-3
dumbass	-3
eery	-2
evergreening	-3
exasparate	-2
exhilarates	3
exultantly	3
favourited	2
fearfully	-2
flops	-2
frikin	-2
fuckface	-4
fuckhead	-4
fuckin	-4
fucktard	-4
fud	-3
fuked	-4
fuking	-4
funky	2
glamourous	3
gr8	3
greenwasher	-3
greenwashers	-3
greenwashing	-3
ha	2
hacked	-1
hahahah	3
hardier	2
haters	-3
heavyhearted	-2
hehe	2
humerous	3
icky	-3
impedingly	-2
incapacitates	-2
incenses	-2
indoctrinates	-2
inediable	-2
infantilized	-2
infracted	-2
infracting	-2
infracts	-2
jackasses	-4
kinder	2
laughting	1
likers	2
lmao	4
loathes	-3
lobbying	-2
lol	3
lolol	4
lololol	4
lolololol	4
lool	3
loool	3
looool	3
lovelies	3
maladaption	-2
memoriam	-2
mirthfully	3
misbranding	-3
miscast	-2
mischiefs	-1
misclassifies	-2
misconducted	-2
misconducting	-2
misleaded	-3
misplacing	-2
misreport	-2
misreports	-2
moaned	-2
moping	-1
motherfucking	-5
mumpish	-2
n00b	-2
niggas	-5
offline	-1
optionless	-2
outmaneuvered	-2
oversell	-2
overselling	-2
oversells	-2
oversold	-2
prblm	-2
prblms	-2
ranters	-3
robing	-2
rofl	4
roflcopter	4
roflmao	4
romantical	2
rotfl	4
rotflmfao	4
rotflol	4
savange	-2
savanges	-2
sexistic	-2
shithead	-4
shoody	-2
singleminded	-2
slickest	2
snubbing	-2
snubs	-2
spammer	-3
spammers	-3
spamming	-2
squelched	-1
stank	-2
stinked	-2
stinky	-2
stout	2
sueing	-2
tard	-2
twat	-5
tyran	-3
tyrans	-3
ugh	-2
uncredited	-1
unfitted	-2
unfunny	-2
unimpressed	-2
uninvolving	-2
unoriginal	-2
unreleting	-2
unresearched	-2
untarnished	2
uplifting	2
victimizes	-3
walkouts	-2
wooo	4
wowww	4
wtf	-4
wtff	-4
wtfff	-4
xo	3
xoxoxo	4
xoxoxoxo	4
yeees	2
yucky	-2
Αλίμονο	-1
Αλληλούια	3
Αναβάλει	-1
Δεν μου αρέσει	-2
Διακοπή λειτουργίας	-2
Δυναμώνει	2
Εβίβα	2
Ενθαρρύνει	2
Ζήτω	5
Ιησούς	1
Κάτω πλευρά	-2
Κέρδισε	3
Καλημέρα	1
Καρκίνος	-1
Κατακρίνει	-3
Λυσσασμένους	-2
Μη τήρηση	-2
Μυστηριώδης	-2
Ναί	1
Ντάουνερ	-2
Ο νυν	1
ΟΧΙ καλα	-2
Ουάου	4
Ουρολαγνεία	-3
Περίεργο	-2
Συγνώμη	-1
Συγχαρητήρια	2
Συμμετοχή	1
Υποστηρίζει τις	2
Χαιρετά	1
Χαιρετίσματα	2
Ωχ	-2
άβολος	-2
άγνοια	-2
άδεια	-1
άδικος	-2
άθικτος	2
άθλιος	-3
άθλιως	-3
άθυμος	-2
άκαρδος	-2
άκαρπος	-2
άκεφος	-2
άμεμπτος	2
άμοιρος	-2
άνεργος	-1
άνεση	2
άνετος	2
άνευ αξίας	-2
άνισος	-1
άνοστος	-2
άνους	-2
άξιος	2
άξονες	-1
άπληστος	2
άρεσε	2
άριστος	2
άρνηση	-2
άρρωστος	-2
άσεμνος	-2
άσκοπος	-2
άστατος	-1
άστεγος	-2
άστοχες	-2
άσχημος	-3
άτολμος	-2
άτρωτος	2
άφθαρτος	2
άχρηστος	-2
άψογα	2
άψογος	2
άψυχος	-1
έβλαψε	-2
έγκλημα	-3
έγκριση	2
έγνοιες	2
έκθαμβος	2
έκθεση	2
έκπληκτος	3
έκρηξη	-2
έκρυψε	-1
έκσταση	2
έκτακτος	-1
έλεος	2
έλλειμμα	-2
έλλειψη	-2
έλλειψη σεβασμού	-2
έλξη	2
έμμονως	2
έμπιστος	2
έμπνευση	2
ένδοξος	2
ένοχος	-3
ένταση	-1
έντονος	1
έντρομος	-2
έξαλλος	-2
έξαρση	3
έξοχος	3
έξυπνος	2
έξω φρενών	-2
έξωση	-1
έπαινος	3
έπεσε	-1
έρημος	-2
έσπασε	-1
έσυραν	-1
έτοιμα	-1
έτοιμη	-2
έτοιμος	1
έχασε	-2
έχθρα	-2
ήρωας	2
ήρωες	2
ήσυχος	-2
ήττα	-2
ίντριγκες	1
αήττητος	2
αίθουσα	-2
αβέβαιος	-1
αβίαστα	2
αγάπη	3
αγέλαστος	-2
αγαλλίασε	2
αγανάκτηση	-2
αγανακτισμένος	-2
αγαπά	3
αγαπημένα	2
αγαπημένες	2
αγαπητός	3
αγαπούσε	3
αγενής	-2
αγκαθωτός	-2
αγκαλιάζω	2
αγκαλιές	2
αγνοεί	-1
αγνοείται	-2
αγνοώ	-1
αγχωμένος	-2
αγωγές	-2
αγωγή	-2
αγωνία	-3
αγωνίες	-2
αγωνίζονται	-2
αγωνίζω	-3
αγωνιούσαν	-3
αγωνιώδη	-3
αγωνιώδης	-3
αγώνες	-2
αδέξιος	-2
αδίκημα	-2
αδειάζω	-1
αδιάλειπτη	2
αδιάλλακτος	-2
αδιάφορος	-2
αδιέξοδο	-2
αδιαλλαξία	-2
αδιαφορία	-2
αδικήματα	-2
αδικία	-2
αδικαιολόγητος	-3
αδικηθεί	-2
αδικοπραγία	-2
αδράνεια	-2
αδρανής	-2
αδυναμία	-2
αδυναμίες	-2
αδυσώπητος	-3
αδύναμος	-2
αδύνατος	-2
αειθαλής	2
αηδία	-3
αηδιάζων	-3
αηδιαστικός	-2
αθάνατος	2
αθέμιτος	-2
αθέτηση	-2
αθωωτική	2
αθωώθηκε	2
αθωώνει	2
αθωώνω	2
αθωώς	-2
αιματηρός	-3
αισιοδοξία	2
αισιόδοξος	2
αισχροκερδής	-2
αισχρότητα	-2
αιτήματα	-1
αιχμή δόρατος	2
αιχμαλωτίζει	-2
ακάθαρτος	-2
ακάλυπτο	-2
ακίνητη περιουσία	2
ακαθάριστο	-2
ακατάλληλος	-2
ακατάπειστος	-1
ακατέργαστος	-1
ακαταμάχητα	2
ακαταμάχητος	2
ακατανόητος	-2
ακαταστασία	-2
ακεραιότητα	2
ακινητοποιημένο	-1
ακούσια	-2
ακούσιος	-2
ακριβά	3
ακυρώθηκε	-1
ακυρώνει	-1
ακύρωση	-1
αλαζονικός	-2
αληθής	2
αλλεργικός	-2
αλληλεγγύη	2
αλλοίωσης	-2
αλλοιωμένο	-2
αλτρουιστικός	2
αμέλεια	-2
αμήχανος	-2
αμίμητος	2
αμαθής	-2
αμαρτία	-2
αμαρτίες	-2
αμαρτωλός	-3
αμαυρωθεί	-2
αμαυρός	-2
αμβλύς	-2
αμείλικτος	-1
αμελεί	-2
αμερόληπτος	2
αμετάκλητος	-1
αμετάτρεπτα	-1
αμηχανία	-2
αμηχανών	-2
αμνήστευση	2
αμφέβαλε	-1
αμφίβολος	-1
αμφιβολία	-1
αμφιβολίες	-1
αμφιλεγόμενα	-2
αμφιλεγόμενος	-2
αμφισβήτηση	-1
αμφισβητήσιμος	-2
αμφισβητείται	-2
αμφισβητώντας	-2
ανάγλυφα	1
ανάκριση	-2
ανάλαφρο	1
ανάλυση	2
ανάξιοι	-2
ανάξιος	-2
ανάπτυξη	2
ανέγκριτος	-2
ανέμελος	1
ανέντιμος	-2
ανέσεις	2
ανήθικο	-2
ανήμπορος	-2
ανήσυχος	-2
ανία	-2
ανίδεοι	-2
ανίκανος	-2
ανίσχυρος	-2
αναίσθητος	-2
αναβάλλεται	-1
αναβάλλω	-1
αναβιώνει	2
αναβολή	-1
αναγινώσκω εσφαλμενώς	-1
αναγκαστική	-1
αναγνωρισμένη	2
αναγνώριση	2
αναζωογονητικά	2
αναζωογονητικός	3
αναιδής	-2
αναισθησία	-2
ανακάλυψη	3
ανακαινισμένο	1
ανακουφίζω	1
ανακουφισμένος	2
ανακούφισε	3
ανακούφιση	2
ανακρίθηκε	-2
αναληθής	-2
αναλφαβητισμός	-2
αναμένω	-1
αναμενόμενη	-1
αναπαυτικά	2
αναπηρία	-2
αναπηρίες	-2
αναποτελεσματικά	-2
αναποφάσιστος	-1
αναστάτωση	-2
αναστέλλω	-1
ανασταίνω	2
ανασταλεί	-1
αναστατωμένος	-2
αναστατώνει	-2
αναστατώνω	-2
ανασφαλής	-2
ανατεθεί	2
ανατρεπτικός	-2
ανεκπλήρωτος	-2
ανεκτικός	2
ανεκτός	2
ανελέητος	-2
ανεμιστήρας	3
ανεξακρίβωτος	-1
ανεπάρκεια	-2
ανεπανόρθωτος	-2
ανεπαρκής	-2
ανεπαρκώς	-2
ανεπιθύμητη αλληλογραφία	-2
ανεπιθύμητος	-2
ανεπιτυχής	-2
ανεπιτυχώς	-2
ανεργία	-2
ανευθυνώς	-2
ανεύθυνος	-2
ανησυχία	-2
ανησυχίες	-3
ανησυχεί	-2
ανησυχητική	-3
ανησυχητικό	-2
ανησυχητικός	-2
ανθρωποκτονία	-2
ανθρωποκτονίες	-2
ανθρώπινος	2
ανθυγιεινές	-2
ανθυγιεινός	-2
ανιαρός	-3
ανιδιοτελής	2
ανικανοποίητος	-2
ανικανότητα	-2
ανοησίες	-2
ανοχή	2
ανούσιος	-2
αντάρτες	-2
αντέδρασε υπερβολικά	-2
αντίπαλος	-1
ανταγωνιστής	-1
ανταγωνιστικός	2
ανταμείβονται	2
ανταμοιβές	2
ανταμοιβή	2
ανταρτικός	-2
αντι	-1
αντιδρά υπερβολικά	-2
αντιδρούν υπερβολικά	-2
αντιεπαγγελματικός	-2
αντικοινοβουλευτικός	-2
αντιμαχόμενος	-1
αντιπάθεια	-2
αντιπαθή	-2
αντιπαθής	-2
αντιφατική	-2
αντιφατικός	-2
ανυπεράσπιστος	-2
ανυποστήρικτος	-2
ανυπόμονος	2
ανυπόφορος	-2
ανόητοι	-2
ανόητος	-1
ανώτατος	4
ανώτερος	2
ανώφελος	-2
αξία	2
αξιαγάπητος	3
αξιολύπητος	-2
αξιομνημόνευτος	1
αξιοπίστως	2
αξιοπιστία	2
αξιοποίηση	-2
αξιοποιηθεί	-2
αξιοπρέπεια	2
αξιοπρόσεχτος	2
αξιοσημείωτος	2
αξιόπιστος	2
απάθεια	-3
απάνθρωπος	-2
απάτες	-2
απάτη	-2
απέλαση	-2
απέτρεψε	-1
απέτυχε	-2
απίθανος	-1
απίστευτος	-1
απαίσιος	-2
απαίτησε	-1
απαγγελθεί κατηγορίες	-2
απαγορευμένο	-2
απαγορευτεί	-2
απαγορεύει	-1
απαγορεύω	-1
απαγωγές	-2
απαγωγή	-2
απαγόρευση	-2
απαθής	-3
απαισιοδοξία	-2
απαλλάσσει	2
απαλλάσσεται	2
απαλλάσσοντας	2
απαλλάσσω	2
απαλλαγεί	2
απαξιωθεί	-2
απαράδεκτη συμπεριφορά	-2
απαράδεκτος	-2
απαράμιλλος	1
απαρηγόρητος	-2
απαρχαιωμένος	-2
απατεών	-3
απατεώνα	-2
απατεώνας	-3
απατεώνες	-3
απατηλός	-3
απατώ	-2
απαχθεί	-2
απεγνωσμένα	-3
απειλές	-2
απειλή	-2
απειλεί	-2
απειλείται	-2
απειλητικές	-2
απειλούμενων	-2
απειλώ	-2
απελάσεις	-2
απελαθεί	-2
απελαθείς	-2
απελαύνει	-2
απελαύνω	-2
απελπίζεται	-3
απελπισία	-2
απελπισμένος	-2
απενεργοποίηση	-1
απερίσκεπτος	-2
απεργία	-1
απεργίες	-1
απεργούς	-2
απεχθάνεται	-3
απεχθάνομαι	-3
απεχθής	-3
απεχθανόταν	-3
απηυδήσει	-3
απληροφόρητος	-2
απληστία	-3
απλότητα	1
αποβάλλω	-2
αποβολή	-2
απογοήτευση	-2
απογοητευμένοι	-2
απογοητευμένος	-2
απογοητευτικό	1
απογοητευτικός	-2
απογοητεύει	-2
απογοητεύσεις	-2
απογοητεύτηκα	-2
απογοητεύω	-2
αποδέχεται	1
αποδέχομαι	1
αποδεκτό	1
αποδιοπομπαίος τράγος	-2
αποδιοπομπαίους τράγους	-2
αποδιοργανωμένη	-2
αποδιοργανωτικός	-2
αποδοκίμασε	-3
αποδοκιμάζει	-2
αποδοκιμάζοντας	-2
αποδοκιμάζω	-2
αποδοκιμασία	-2
αποδοχή	1
αποδράσεις	-1
αποδυναμωθεί	-2
αποζημίωση	-3
αποθαρρυμένος	-2
αποθαρρυντική	-2
αποθαρρύνονται	-2
αποθαρρύνω	-2
αποθηκεύονται	2
αποθηκεύσετε	2
αποκαθιστά	1
αποκαλυπτικό	-2
αποκατάσταση	1
αποκλείω	-1
αποκλεισμός	-1
αποκλειστεί	-2
αποκλειστικός	2
αποκορύφωμα	2
αποκρουστικός	-2
αποκτήνωση	-2
αποκτηνωμένη	-2
αποκτηνώνω	-2
απολαμβάνει	2
απολαμβάνοντας	2
απολαμβάνω	2
απολαυστικά	3
απολαυστικός	3
απολαύσαμε	2
απολαύσεις	3
απολιθωμένο	-2
απολογία	-1
απολογείται	-1
απομίμηση	-3
απομονωμένος	-1
απονέμεται	3
αποξένωση	-2
αποπαίρνω	-2
αποπλανητικός	-3
αποπροσανατολισμένη	-2
απορρίπτει	-1
απορρίπτονται	-1
απορρίπτοντας	-1
απορρίπτω	-1
απορρίφθηκε	-1
απορρίψεις	-1
απορροφάται	1
απορροφημένος	1
αποσαφηνίζει	2
αποσπά	-2
αποσπώ	-2
αποστερεί	-1
αποτελεσματικά	2
αποτελεσματικός	2
αποτελεσματικότητα	2
αποτρέπει	-1
αποτρέπω	-1
αποτρέψει	-1
αποτρεπτικό	-2
αποτρόπαιος	-3
αποτυγχάνει	-2
αποτυγχάνω	-2
αποτυχία	-2
αποτυχίες	-2
αποτυχημένος	-2
αποφασίζω	2
αποφασισμένος	2
αποφασιστικός	2
αποφεύγει	-1
αποφεύγονται	-1
αποφράξεως	-2
αποφύγει	-1
απρέπεια	-2
απροσδόκητο καλό	4
απρόθυμος	-2
απρόσβλητος	1
απρόσεκτος	-2
απρόσκοπτα	2
απωθητικός	-2
απόβλητα	-1
απόβρασμα	-3
απόκρουση	-1
απόκρυψη	-1
απόλαυση	3
απόντες	-1
απόρριψη	-1
απόσβεση	-2
απόσυρση	-3
απώθησαν	-2
απώλεια	-3
απώλειες	-3
απώλητος	-1
απών	-1
αράπης	-5
αρέσει	2
αρέσκεια	2
αργαλειούς	-1
αργαλειός	-1
αρεστός	2
αριστοκρατικό	3
αριστουργήματα	4
αριστούργημα	4
αρκετά	1
αρμονία	2
αρμονικά	2
αρμονικός	2
αρμόζω	2
αρμόζων	2
αρνήθηκε	-2
αρνήσεις	-2
αρνείται	-2
αρνηθεί	-2
αρνητές	-2
αρνητικός	-2
αρνητικότητα	-2
αρνούμαι	-2
αρπακτικός	-2
αρπαχθεί	2
αρραβωνιάζω	1
αρχάριος	-2
ασήμαντος	-2
ασαφής	-1
ασβεστόνερο	-3
ασθένεια	-1
ασθένειες	-1
ασταθής	-2
ασταμάτητη	2
αστεία	2
αστείο	4
αστείος	4
αστοχία	-2
αστράφτει	3
ασυγχώρητος	-3
ασυνάρτητος	-2
ασφάλεια	1
ασφαλέστερα	2
ασφαλής	2
ασχημία	-3
ασύνδετες	-2
ατέλειες	-2
ατελέσφορος	-2
ατελής	-1
ατμίζον	-2
ατρόμητος	2
ατυχήματα	-2
ατυχία	-2
ατύχημα	-2
αυνανισμός	-2
αυξάνουν	1
αυξήσεις	2
αυξανόμενη	1
αυξημένη	1
αυπνία	-2
αυστηρά επίπληξη	-2
αυστηρός	3
αυστηρότητα	3
αυτοκτονία	-2
αυτοκτονίες	-2
αυτοκτονικός	-2
αυτοπαραπλανημένοι	-2
αυτοπεποίθηση	2
αφήνει εμβρόντητους	3
αφαιρώ	-1
αφελής	-2
αφερέγγυος	-2
αφιέρωση	2
αφιερωμένο	2
αφιερωμένος	3
αφοβία	2
αφοσίωση	3
αφρόντιστος	-2
αφρώδης	3
αχάριστος	-3
αχρείος	-3
αϋπνία	-2
αόριστες	-2
αύξηση	1
αύρα	1
βάζω κατά λάθος	-2
βάναυσα	-3
βάρβαρος	-2
βάρος	-2
βέβαιος	2
βία	-3
βίαιος	-3
βίασαν	-4
βαθούλωμα	-2
βαρβαρικός	-2
βαριόμουνος	-2
βασανίστηκαν	-4
βασανισμό	-4
βασανιστήρια	-4
βασανιστήριο	-4
βασανιστικά	-1
βασιζόμενος	2
βαφή	-3
βδελυρός	-3
βελτίωση	2
βελτιωθεί	2
βελτιώ	2
βελτιώνει	2
βιαίως	-3
βιασμός	-4
βιαστής	-4
βιασύνη	-2
βιδωθεί	-2
βιταμίνη	1
βιωσιμότητα	1
βιώσιμο	2
βλάβη	-2
βλάκας	-3
βλάπτει	-2
βλάπτουν	-2
βλακεία	-2
βλακωδώς	-2
βλακώδης	-3
βλαστός	-1
βλοσυρός	-2
βοήθεια	2
βογγητό	-2
βογκητά	-2
βοηθά	2
βοηθητικός	2
βρίσκονται σε μειονεκτική θέση	-2
βραβεία	3
βραβείο	3
βραδύ βάδισμα	-2
βραδύς	-2
βροχερός	-1
βρωμάει	-2
βρωμερός	-3
βρωμιά	-2
βρωμιάρης	-2
βρώμα	-2
βρώμικος	-2
βυζιά	-2
βόγγηξε	-2
βόμβα	-1
γάιδαρος	-4
γέλασε	1
γέλια	1
γέλιο	1
γίγας	-2
γαλήνιος	2
γαλούχηση	2
γαμημένο αγάπες	4
γαμημένο αγάπη	4
γαμημένο ζεστό	2
γαμημένο καλό	4
γαμημένο καταπληκτικό	4
γαμημένο μεγάλη	4
γαμημένο τέλεια	4
γαμημένο φανταστική	4
γαμημένο χαριτωμένο	4
γαμημένο όμορφη	4
γαμημένος	-4
γαμώ	-4
γελοίος	-3
γεμάτος λατρείας	3
γενναίος	3
γενναιόδωρα	2
γενναιόδωρος	2
γενναιότητα	3
γιοofaσκύλα	-5
γιορτάζει	3
γιορτάζουμε	3
γιορτάζω	3
γιορτές	3
γκρί	-1
γκρίνια	-2
γκρεμίστηκε	-2
γλυκιά	3
γλυκό	3
γλυκός	2
γλυκύς	2
γοητεία	3
γοητευμένος	3
γοητευτεί	3
γοητευτικά	3
γοητευτικός	3
γοητεύω	3
γρίπη	-2
γραφικός	2
γυρολόγος	-2
γωνιαίος	-2
δάκρυα	-2
δέντρα	2
δέρματα	-1
δέσμευση	2
δίκη	-1
δίλημμα	-1
δίωξη	-1
δαπανηρός	-2
δειλά	-2
δειλός	-2
δεκάρα	-2
δεκάρα χαριτωμένο	3
δεκτός	1
δεμάτια	-3
δεν δουλεύει	-3
δεν λαμβάνονται υπόψη	-2
δεξιός	-2
δεσμευμένη	1
δεσμεύεται	1
δεσποινίδα	-2
δηκτικός	-3
δηλητήρια	-2
δηλητήριο	-2
δηλητηριασμένο	-2
δηλητηριώδης	-2
δημιουργικός	2
δημοτικότητα	3
δημοφιλής	3
διάκριση	2
διάλεκτος	1
διάπραξη	1
διάπυρος	2
διάρρηξη	-2
διάσημος	3
διάσωση	2
διάσωσης	-2
διαβόητος	-2
διαδεχόμενος	3
διαδηλωτές	-2
διαιτητή	-2
διακαής	1
διακεκριμένος	2
διακινδύνευση	-2
διακοπές	-2
διακοπή	-2
διακρίσεις	-2
διακωμώδηση	-2
διακόπηκε	-2
διαλαλούν	-2
διαμάντι	1
διαμάχες	-2
διαμάχη	-2
διαμαρτυρία	-2
διαμαρτυρίες	-2
διαμαρτυρόμενοι	-2
διαπράττονται	-2
διαπράττω	1
διαπραγματεύομαι	-1
διαρκής	2
διαρρήκτης	-2
διαρρεύσει	-1
διαρροή	-1
διασκέδαση	4
διασκεδάζει	3
διασκεδάζω	3
διασκεδαστικός	2
διαστέλλεται	1
διαστέλλω	1
διαστρέβλωση	-2
διαστρεβλώ	-3
διαστρεβλώνω	-2
διαστροφέας	-2
διασώθηκε	2
διασώσεις	2
διαταράσσει	-2
διαταράσσεται	-2
διαταραγμένη	-2
διαταραχές	-2
διαταραχή	-2
διαταραχή στην ανάπτυξη	-2
διατηρώ	2
διαφαινόμενη	-1
διαφθείρει	-3
διαφθορά	-3
διαφορών	-2
διαφυγή	-1
διαφωνία	-2
διαφωνώ	-2
διαφωτίζω	2
διαφωτιστικός	2
διδάσκω τα δόγματα	-2
διεγείρει	1
διεγείρεται	1
διεγείρω	3
διεγερτικός	2
διεκδικητικός	-1
διεκδικώ	2
διεστραμμένος	-2
διεφθαρμένος	-3
δικαιολογία	-1
δικαιολογείται	2
δικαιολογημένα	2
δικαιοσύνη	2
δικαιωματικά	2
δικαιώθηκε	2
δικαιώνει	2
δικαιώνοντας	2
διστάζω	-2
διστάζων	-1
διστακτικός	-2
διχόνοια	-2
διώκει	-1
διώκονται	-2
δοκιμασία	-2
δολιότητα	-4
δολοφονία	-2
δολοφονίες	-2
δολοφόνος	-2
δούλος	-3
δράστες	-2
δράστης	-2
δριμύς	-2
δροσερός	1
δυνατά	2
δυσάρεστος	-2
δυσανάλογη	-2
δυσαρέσκεια	-2
δυσαρεστημένος	-2
δυσεύρετος	-1
δυσκοιλιότητα	-2
δυσλειτουργία	-2
δυσμενής	-2
δυσοίωνος	3
δυσπιστία	-3
δυσπιστώ	-2
δυστυχής	-2
δυστυχία	-2
δυστυχώς	-2
δυσφημιστικός	-2
δυσφημώ	-2
δυσφορία	-2
δωρίζοντας	2
δωρεά	2
δωρεάν	1
δωροδοκία	-3
δωροδοκίες	-3
δωροδόκησε	-3
δόκιμα	2
δόλιος	-1
δόξα	3
δύναμη	2
δύσκολος	-1
δύσπιστος	-1
δώρισε	2
δώρο	2
είδος	2
εγγύηση	1
εγκάρδιος	3
εγκάρσιος	-2
εγκαταλείπει	-2
εγκαταλείπω	-2
εγκαταλειμμένος	-2
εγκαταλελειμένος	-2
εγκεκριμένη	2
εγκλήματα	-3
εγκληματίας	-3
εγκληματίες	-3
εγκοπή	-2
εγκρίθηκε	2
εγκρίνει	2
εγκρίνω	2
εγκώμιο	3
εγωιστικός	-3
ειδύλλιο	2
ειλικρίνεια	2
ειλικρινά	2
ειλικρινέστερη	2
ειλικρινής	2
ειρήνη	2
ειρηνικά	2
ειρηνικός	2
ειρωνεία	-1
ειρωνεύομαι	-2
ειρωνικός	-1
εισάγω λαθρέως	-2
εισβολή	-1
εκβιάζει	-3
εκβιασμοί	-3
εκβιασμό	-3
εκβιασμός	-3
εκδίκηση	-2
εκδικείται	-2
εκδικητές	-2
εκδικητής	-2
εκδικητική	-2
εκδικητικός	-2
εκδικούμαι	-2
εκθέσει	-1
εκθέτει	-1
εκθέτοντας	-1
εκθαμβωτικός	3
εκκένωση	-1
εκκαθαρίζονται	1
εκκαθαρίζω	1
εκκενώθηκαν	-1
εκκενώνει	-1
εκκρεμής	5
εκκωφαντική	-1
εκλεπτυσμένο	2
εκμεταλλεύεται	-2
εκμεταλλεύομαι	-2
εκμηδενιστούν	-2
εκμοντερνίζω	2
εκνευρίζω	-3
εκπλήρωση	2
εκπληκτικά	3
εκπληκτική	4
εκπληρώ	2
εκστατικός	4
εκσυγχρονίζεται	2
εκσυγχρονισμένο	2
εκσυγχρονισμό	2
εκτίμηση	2
εκτείνεται	1
εκτεθειμένος	-1
εκτιμά	2
εκτιμωμένος	2
εκτιμώ	2
εκτιμώντας	2
εκτροπή	-1
εκτροχιάζει	-2
εκτροχιάζω	-2
εκτροχιαστεί	-2
εκφοβίζει	-2
εκφοβίζω	-2
εκφοβισμού	-2
εκφοβισμός	-2
εκφοβιστικό	-2
εκφράζει τη λύπη του	-2
εκφράζει την ικανοποίησή του	2
εκφράζοντας τη λύπη του	-2
ελάττωμα	-2
ελαττωματική	-3
ελαττωματικός	-3
ελαττώματα	-3
ελαφρυντικό	2
ελαφρός	2
ελεήμων	3
ελεεινή εργασία	-2
ελευθερία	2
ελευθερίες	2
ελκυστικά	2
ελκυστικό	2
ελκυστικός	2
ελκυστικότητα	2
ελλείψεις	-2
ελπίδα	2
ελπίδες	2
ελπίζοντας	2
ελπίζουμε	2
ελπιδοφόρος	2
εμβρόντητος	-2
εμετό	-3
εμετός	-3
εμετών	-3
εμπιστοσύνη	2
εμπλέκεται	1
εμπνέει	3
εμπνέω	2
εμπνευσμένος	2
εμπνευστικός	2
εμποδίζω	-2
εμπόδια	-2
εμπόδιο	-2
εμπόδισε	-1
εμφανίσιμος	3
εμφράγματος	-2
εμφράκτης	-2
ενάγω	-2
ενάρετος	2
ενίσχυσε	1
ενίσχυση της	1
εναγκαλισμός	1
ενδεής	-2
ενδεδυμένος	-2
ενδιαφέρον	1
ενδιαφέρων	2
ενδιαφερόμενος	2
ενδύω	-1
ενεδρεύω	-1
ενεργητικός	2
ενεργός	1
ενθάρρυνε	2
ενθάρρυνση	2
ενθαρρυντικά	2
ενθαρρύνω	2
ενθουσιασμένος	5
ενθουσιασμός	3
ενθουσιώδης	3
ενισχυθεί	2
ενισχύει	1
ενισχύω	2
ενοποιημένη	1
ενοχή	-3
ενοχλεί	-2
ενοχλημένος	-2
ενοχλητικός	-2
ενοχλώ	-2
ενστερνίζομαι	1
εντυπωσιάζει	3
εντυπωσιάζω	3
εντυπωσιακό	3
εντυπωσιασμένος	3
ενωμένος	1
ενόχλησή	-2
ενόχλησε	-2
ενόχληση	-2
εξάνθημα	-2
εξέφρασε την ικανοποίησή του	2
εξήρε	3
εξαγοράζονται	2
εξαγρίωσε	-2
εξαγριώ	-2
εξαγριώνει	-2
εξαιρετική	3
εξαιρούνται	-2
εξαιρώ	-1
εξαναγκάζονται	-2
εξαναγκασμός	-2
εξαντλημένος	-2
εξαπάτησε	-3
εξαπάτηση	-3
εξαπατά	-3
εξαπατηθούμε	-2
εξαπατηθούν	-2
εξαπατημένοι	-3
εξαπατώ	-3
εξαργύρωση	-2
εξασφάλισε	2
εξασφαλίζοντας	1
εξασφαλίζω	1
εξαφανίζεται	-1
εξαφανίζομαι	-1
εξαφανίστηκε	-1
εξερευνήσεις	1
εξερεύνηση	1
εξευγενίζει	1
εξευγενισμένος	1
εξορίζω	-1
εξοργίζει	-2
εξοργίζοντας	-2
εξοργίζω	-2
εξοργισμένοι	-2
εξοργιστική	-2
εξοργιστικό	-2
εξοστρακίζει	-2
εξοστρακίζω	-2
εξοστρακιστεί	-2
εξουσία	1
εξουσιοδοτώ	2
εξτρεμιστές	-2
εξτρεμιστής	-2
εξυπνάδα	2
εξυπνότερα	2
εξωγκωμένος	-2
εξωφρενικός	-3
εξόργισε	-2
εξύμνηση	3
εορτασμός	3
εορταστικός	2
επέδρασε αρνητικά	-1
επέζησε	2
επέκρινε	-2
επίβλεψη	-1
επίδειξη	-1
επίθεση	-1
επίλυση	2
επίπληξη	-2
επίπτωση	-2
επίσημος	-1
επίφοβη	-2
επαίσχυντος	-2
επανάσταση	-2
επαναλήψιμα	-2
επαναστάτης	-2
επαναφέρω	1
επαρκής	1
επείγον	-2
επείγων	-1
επεκτείνω	1
επευφημίες	2
επευφημούσαν	2
επευφημώ	2
επηρεάζονται	-1
επιβάλλει	-1
επιβάλλονται	-1
επιβάλλω	-1
επιβάρυνση	-2
επιβαρυντικές	-2
επιβαρύνονται	-2
επιβαρύνσεις	-2
επιβλαβής	-2
επιβλητικός	-1
επιβράβευση	2
επιβραδύνω	-2
επιδέξια	2
επιδείνω	-2
επιδείνωση	-3
επιδεινούμενη	-2
επιδεινώθηκε	-2
επιδεινώνει	-2
επιδεινώνεται	-2
επιδεινώνοντας	-2
επιεικής	1
επιζών	2
επιθέσεις	-1
επιθετικά	-2
επιθετικός	-2
επιθετικότητα	-2
επιθυμία	1
επιθυμητή	2
επιθυμητος	2
επιθυμών	2
επικίνδυνα	-2
επικίνδυνος	-2
επικεντρώθηκε	2
επικερδής	3
επικρίνει	-2
επικρίνοντας	-2
επικυρωμένη	1
επικυρώνει	1
επικυρώνω	1
επικύρωση	1
επιλύει	2
επιλύονται	2
επιπλήξεις	-2
επιπλήττει	-3
επιπτώσεις	-2
επιπόλαιος	-2
επισφαλής	-2
επιτέθηκαν	-1
επιτήδειος	2
επιτακτικός	-1
επιτευχθεί	1
επιτεύγματα	2
επιτρέπω	1
επιτραχήλιο	-2
επιτυγχάνει	3
επιτυχής	4
επιτυχία	2
επιτυχημένος	3
επιτυχώς	3
επιτύχει	3
επιχειρηματικός	1
επιχορηγήσεις	1
επωφελήθηκε	2
επωφελής	2
επωφελούνται	2
επωφελώς	2
επώδυνος	-2
εργαζόμενος παρασκηνιακώς	-2
ερείπια	-2
ερεθίζει	-3
ερεθίζω	-2
ερεθισμένος	3
ερεθιστικό	-3
ερημώνω	-2
ερωτική τρέλλα	2
εστίες	-2
εσφαλμένα	-2
εσφαλμένη συμπεριφορά	-2
εσφαλμένος	-2
εσφαλμένων αναφορών	-2
ετυμηγορία	-1
ετυμηγορίες	-1
ευάλωτα	-2
ευαίσθητος	2
ευγένεια	2
ευγενέστερη	2
ευγενής	2
ευγενικός	2
ευγνώμων	3
ευδαιμονία	3
ευεξία	2
ευεργέτες	2
ευεργέτης	2
ευημερία	3
ευθεία	1
ευθύνη	1
ευκαιρία	2
ευκαιρίες	2
ευκολία	2
ευλάβεια	2
ευλαβής	2
ευλογία	3
ευλογίες	3
ευλογεί	2
ευλογημένος	3
ευλογώ	2
ευνοείται	2
ευνοούμενος	2
ευνοϊκά	2
ευνοϊκός	2
ευπιστία	-2
ευρύχωρος	1
ευτυχία	3
ευτυχισμένος	3
ευτυχώς	3
ευφάνταστος	2
ευφορία	4
ευφυής	1
ευχάριστος	3
ευχές	1
ευχαρίστηση	3
ευχαριστημένος	3
ευχαριστώ	2
εχθρικός	-2
εχθρούς	-2
εχθρός	-2
εύθυμος	3
εύκολος	1
εύνοια	2
εύνοιες	2
εύπιστος	-2
εύρωστος	2
εύφορος	2
ζήλια	-2
ζήτησε συγγνώμη	-1
ζήτηση	-1
ζαλισμένος	-1
ζεστασιά	2
ζεστός	1
ζηλεύει	-1
ζηλεύουν	-1
ζηλεύω	-1
ζηλιάρης	-2
ζηλωτές	-2
ζηλωτής	-2
ζοφερός	-2
ζωηρά	2
ζωηρός	3
ζωντανός	1
ζωτικότητα	3
η βία που σχετίζεται με	-3
ηγεσία	1
ηθικά	2
ηθικό	-2
ηλίθιος	-2
ηλιθιότητα	-3
ηρέμησε	2
ηρεμία	2
ηρεμεί	2
ηρωϊκός	3
ηττημένος	-3
θάνατοι	-2
θάνατος	-2
θάρρος	2
θέλγω	3
θέλω	1
θέματα	1
θέτω στην κίνησιν	1
θαμπώνω	-2
θανάσιμα	-3
θανάτων	-3
θανατηφόρος	-2
θαρραλέα	2
θαρραλέος	2
θαυμάζει	3
θαυμάζοντας	3
θαυμάζω	3
θαυμάσια	4
θαυμάσιος	4
θαύμα	4
θαύμαζα	3
θαύματα	3
θελγήτρα	2
θεοπάλαβος	-3
θερμός	2
θερμότητα	2
θετικός	2
θετικώς	2
θεός	1
θηριωδία	-3
θησαυρούς	2
θησαυρός	2
θλίψη	-2
θλιβερός	-2
θλιμμένος	-2
θνησιμότητα	-2
θολός	-1
θορυβώδης	-1
θρήνησε	-2
θρίαμβος	4
θρασύς	3
θρηνεί	-2
θρηνούν	-2
θρηνώ	-2
θριαμβευτικός	4
θυμάτων	-3
θυμίαζε	-2
θυμίαμα	-2
θυματοποιητική	-3
θυμωμένος	-3
θυμός	-3
θυσιάζω	-3
θόρυβος	-3
θύμα	-3
θύματα	-3
ιδιοτέλεια	-3
ιδιότητες	2
ικανοποίηση	2
ικανοποιημένοι	2
ικανοποιημένος	-2
ικανός	2
ικανότητα	2
ικανότητες	2
ισορροπημένη	1
ισχυρισμοί	-2
ισχυρισμός	-2
ισχυρός	2
ισχυρότερη	2
κάνω έρωτα	3
κάνω εμετό	-3
κάνω παράπονα	-3
κάποιου είδους	0
κέντρισε	-2
κένωση	-1
κέρδη	2
κέρδος	2
κέφι	3
κίνδυνος	-2
κίνητρα	2
κίνητρο	1
καθάρματα	-5
καθέτους	-2
καθίκι	-4
καθαρίζει	1
καθαριστής	2
καθαρός	2
καθαρότερες	1
καθηλωτική	3
καθησυχάζει	2
καθησυχάζω	1
καθησυχαστικός	2
καθησύχασε	1
καθιερωμένη	2
καθυστέρηση	-1
καθυστερημένος	-2
καθυστερώ	-2
καινοτομία	1
καινοτομεί	1
καινοτόμες	2
κακή εκτίμηση	-3
κακή πληροφορία	-2
κακή συμπεριφορά	-2
κακή χρήση	-2
κακία	-3
κακομαθημένος	-2
κακοποίηση	-2
κακοτυχία	-2
κακουργήματα	-3
κακούργημα	-3
κακό	-1
κακόκεφος	-1
κακός	-2
κακότυχος	-2
κακώς	-3
καλά	3
καλά αναλογίες	2
καλά αναπτυγμένη	2
καλά εστιασμένη	2
καλά υπερασπίστηκε	3
καλλιεργεί	2
καλλωπίζω	3
καλμάρω	3
καλοκάγαθος	3
καλοπεριποιημένος	2
καλοσύνη	3
καλούπι	-3
καλωσόρισμα	2
καλό πράγμα	3
καλόκαρδη	2
καλόκαρδος	3
καλύτερα	3
καλύτερος	3
καλώ	1
καμία διασκέδαση	-3
καμαρωτός	2
καπηλεία	-2
καραδοκεί	-1
καριόλη	-5
καρτερικός	-1
καρύδια	-3
κατά λάθος	-2
κατάλληλα	2
κατάλληλο	2
κατάλληλος	2
κατάρα	-1
κατάρρευση	-2
κατάσχεση	-2
κατάχρηση	-2
κατέρρευσε	-2
κατήφεια	-1
κατήχηση	-2
καταγγέλλει	-2
καταγγέλω	-2
καταγγελία	-2
καταδίκασε	-2
καταδίκη	-2
καταδικάζει	-2
καταδικάζω	-2
καταδικάστηκε	-2
καταδικασμένος	-2
καταδικαστεί	-2
καταδιώκω	-1
καταδολίευση	-3
καταθλιπτικό	-2
καταθλιπτικός	-2
κατακραυγή	-2
καταλληλότητα	1
κατανόηση	2
καταπίεση	-2
καταπατώ	-2
καταπιέσεις	-2
καταπιεσμένοι	-2
καταπλήσσει	2
καταπλήσσω	3
καταπληκτικός	4
καταπνιγεί	-1
καταραμένο	-3
καταραμένος	-4
καταρρεύσεις	-2
καταστράφηκε από	-3
καταστρέφει	-3
καταστρέφοντας	-2
καταστρέφω	-3
καταστρεπτικός	-3
καταστροφές	-2
καταστροφή	-2
καταστροφικά	-2
καταστροφικός	-4
κατασχέσεις	-2
κατατρύχει	1
καταχθόνιος	-2
καταχρήσεις	-2
καταχρηστικώς	-2
κατεστραμμένη	-2
κατεστραμμένο	-3
κατευνασμού	2
κατευναστεί	2
κατευναστικό	2
κατηγορία	-2
κατηγορίες	-2
κατηγορεί	-2
κατηγορητήρια	-3
κατηγορούμενος	-2
κατηγορώ	-2
κατηγορώντας	-2
κατηγόρησε	-2
κατηφής	-2
κατηχηθεί	-2
κατοίκους από	2
κατορθωτός	1
κατοχυρώνει	2
κατρακυλώντας	-1
κατώτερος	-2
καυστικός	2
καύση	-2
κενότητα	-1
κερδίζει	2
κερδοσκοπικός	-2
κεφάλαιο	2
κηδεία	-1
κηδείες	-1
κηλίδα	-2
κινδυνολόγοι	-2
κινδύνων	-2
κλέβω	-2
κλήτευση	-2
κλαίω	-2
κλαίων	-2
κλαπεί	-2
κλαυθμός	-2
κλείδωμα	-1
κλεψίματα	-2
κλοπή	-2
κνησμώδης	-2
κοίλος	-1
κοινόχρηστο	1
κολλήσει	-2
κομπάζει	-3
κομπάζω	-3
κομπαστής	-3
κομπαστικός	-2
κομψά	2
κομψός	2
κοπιαστικός	-2
κοροϊδία	-2
κοροϊδεύω	-2
κορυφή	2
κοσμήματα	1
κουρασμένοι	-2
κουρασμένος	-2
κουτάλα	3
κουτσός	-2
κουτός	-2
κούραση	-2
κράμπα	-1
κράτηση στη φυλακή	-2
κράχτης	-2
κρίμα	-2
κρίση	-3
κρατουμένων	-2
κρατούμενος	-2
κραυγές	-2
κραυγή	-1
κραυγαλέος	-1
κριτικάρω	-2
κριτική	-2
κριτικούς	-2
κριτικός	-2
κρύβω	-1
κτηνώδης	-3
κτητικός	-2
κυνικός	-2
κυνισμός	-2
κυρώθηκε	2
κωλυσιεργώ	-2
κωμικός	2
κωμωδία	1
κόκορας	-5
κόλαση	-4
κόμικς	1
κόπανος	-3
κόσμημα	3
κύριος	2
κώλος	-4
λάγνος	3
λάθη	-2
λάθος	-2
λάμπω	3
λάμψη	1
λάτρευαν	3
λάτρευε	3
λήθαργος	-2
λαθραία	-2
λαθραίος	-2
λαθρεμπόριο	-2
λαμπρός	4
λαμπρότητα	3
λανθασμένα	-2
λανθασμένος	-2
λασπωμένος	-2
λατρεία	3
λατρευτός	3
λατρεύει	3
λατρεύοντας	2
λατρεύω	3
λαχτάρα	1
λείος	2
λεηλασία	-2
ληθαργικός	-2
ληξιπρόθεσμος	-1
λησμονήσιμο	-1
ληστής	-2
ληστεύω	-2
λιακάδα	2
λιγότεροι	-2
λιμοκτονεί	-2
λιμοκτονώ	-2
λογοκρίνονται	-2
λογοκριτές	-2
λογοκριτής	-2
λοιμώξεις	-2
λομπίστες	-2
λυθεί	1
λυπήθηκε	-1
λυπημένος	-2
λυπημένος κατάκαρδα	-3
λυπηρός	-2
λύνει	1
λύπη	-2
λύσει	1
λύσεις	1
λύση	1
λύτης	-2
μάταιος	-2
μάχες	-1
μάχεται	-2
μάχη	-1
μέγαιρα	-4
μήνυσε	-2
μίζερη	-3
μίζες	-3
μίση	-3
μίσθωσης	-2
μαγεμένο	2
μαγευτική	3
μαγευτικό	3
μακάβριος	-2
μακαρίτης	-2
μαλάκα	-4
μαλάκας	-3
μαλάκες	-4
μαλακίες	-4
μαλωμένοι	-3
μαλώνω	-2
μανιώδης	-1
μαστίζει	-3
μαστίζεται	-3
μαστίζω	-2
ματαίωση	-1
ματαιότητα	-2
ματαιώ	-2
ματαιώθηκε	-1
ματαιώνει	-1
μαχαιριά	-2
μαχαιριές	-2
μαχαιρωμένος	-2
μαχητικός	-2
μαχόταν	-1
με επιρροή	2
με καμάρι	2
με λατρεία	3
με σιγουριά	2
με τίτλο	1
με χρονική υστέρηση	-2
μεγάλος	1
μεγαλειώδης	3
μεγαλοπρεπής	3
μεγαλύτερη	3
μεθοδικά	2
μεθοδικός	2
μεθυσμένος	-2
μειονέκτημα	-2
μελαγχολία	-2
μελαγχολικός	-2
μελαγχολώ	-1
μερίδια	1
μερίδιο	1
μεροληπτικός	-2
μεσολάβηση	-1
μετάδοση	-2
μετάλλιο	3
μεταδοτικός	-1
μεταμέλεια	-2
μεταμφίεση	-1
μεταμφιέσεις	-1
μεταμφιεσμένοι	-1
μετανιώνω	-2
μετατραυματικό	-2
μετριότητα	-3
μη εγκεκριμένη	-2
μη εκτιμωμένος	-2
μη εμπνευσθείς	-2
μη επιστημονικός	-2
μηνύει	-2
μια φορά στη ζωή	3
μιζέρια	-2
μισείτο	-3
μισητής	-3
μισητός	-3
μισοψημένα	-2
μισώ	-3
μισώντας	-3
μνησίκακος	-2
μοίρα	-2
μοιραίο	-3
μοιραίος	-3
μολυνθεί	-2
μολυσμένα	-2
μολυσμένο	-2
μολυσματικό	-2
μολυσματικός	-2
μολύνει	-2
μολύνοντας	-2
μολύνουν	-2
μολύνσεις	-2
μολύνω	-2
μοναχικός	-2
μονοπωλήσεως	-2
μονοπωλεί	-2
μονοπωλείται	-2
μονοπωλώ	-2
μονότονη ομιλία	-1
μουδιασμένος	-1
μουνί	-5
μοχθηρός	-2
μούτρα	-2
μπάσταρδος	-5
μπέρδεμα	-2
μπερδεμένος	-2
μπερδεύω	-2
μπλα	-2
μπλοκ	-1
μπλοκαριστεί	-1
μπορούν να "t σταθεί	-3
μποϊκοτάζ	-2
μποϊκοτάρουν	-2
μποϊκόταραν	-2
μποϋκοτάζ	-2
μυθιστόρημα	2
μυωπία	-2
μόλυνση	-2
μόνος	-2
μόνωση	-2
μύθος	-1
μύωπικός	-2
νέφος	-2
νίκες	4
νίκη	4
νίκησε	-2
ναι	1
ναρκισσισμός	-2
ναυάγιο	-2
ναυαγοσώστη	4
ναυαρχίδα	2
νεανικός	2
νεκρός	-3
νευριάσει	-4
νευρικά	-2
νευρική υπερένταση	-2
νευρικός	-1
νεωτερίζω	1
νεύρα	-1
νηπιακός	-2
νικητές	3
νικητής	4
νοθεύει	-2
νοθεύω	-3
νομικός	1
νομιμότητα	2
νοσταλγία για το σπίτι	-2
νουθετώ	-2
νταής	-2
ντους	-3
ντροπή	-2
ντροπαλός	-1
ντροπιασμένοι	-2
ντροπιασμένος	-2
νόθος	-3
νόμιμα	1
νόμιμος	2
νόστιμα	3
νόστιμο	3
ξέχασα	-1
ξεγέλασε	-2
ξεθυμώνω	2
ξεκίνησε	1
ξεκουραστικός	2
ξεμπερδεύω	1
ξεπέρασαν	-2
ξεπερνώ	2
ξεπεσμένος	-2
ξεπροβοδίζω	-2
ξεπρόβαλε	-1
ξετρελαμένος	2
ξεχασιάρης	-2
ξεχασμένος	-1
ξεχνάμε	-1
ξεχωρίζω	-2
οδυνηρή	-2
οδυνηρός	-2
οικειότητα	2
οικισμοί	1
οικονομίες	1
ολίσθημα	-1
ολοκληρωτικός	-2
ολοκληρωτισμός	-2
ολοκληρώσει	2
ομολογώ	-1
ομορφιά	3
ομορφιές	3
ονειροπόλος	3
οξυδερκής	-2
οξύμωρο	-1
οξύς	1
οπή	-2
οπίσθιος	-2
οπισθογράφηση	2
οράματα	1
οραματισμού	1
οργή	-2
οργίλος	-2
οργισμένος	-3
ορθός	1
ορκίζεται	-2
ορκίζομαι	-2
ορκωμοσία	-2
ορόσημο	2
ουλές	-2
ουλή	-2
ουπς	-2
ουράνιος	4
ουρανός	2
ουρώ	-4
ουσιαστικά	1
ουσιώδης	1
οφέλη	2
ούρλιαζε	-2
πάθος	1
πάλη	-1
πάσχοντες	-2
πάσχων εκ φοβίας	-2
πέθανε	-3
πένθιμος	-2
πένθος	-2
πένθους	-2
πέτυχε	3
πίεσε	-2
πίεση	-1
πίστη	1
παγίδα	-1
παγίδες	-1
παγιδευτεί	-2
παζάρι	2
παθητικά	-1
παθητικός	-1
παθιασμένος	2
παιδαριώδης	-2
παιχνιδιάρικος	2
παλέψει	-2
παλαβός	2
πανέμορφος	3
πανεμορφη	3
πανικοβλήθηκαν	-3
πανικούς	-3
πανικός	-2
πανούκλα	-3
πανταχού παρών	2
πανωλεθρία	-2
παράβαση	-2
παράδεισος	3
παράδεκτος	-1
παράδοξο	-1
παράλογο	-1
παράλογος	-2
παράνοια	-2
παράνομα	-3
παράνομος	-3
παράξενος	-1
παράπονα	-2
παράτολμος	2
παράφρων	-2
παρήγορο	2
παραβάτη	-2
παραβάτης	-2
παραβίαση	-2
παραβατική	-2
παραβιάζει	-2
παραβιάζονται	-2
παραβιάζοντας	-2
παραβιάζω	-2
παραβιάσεις	-2
παραβιαστεί	-2
παραβλέπεται	-1
παραδέχεται	-1
παραδοξώς	-1
παραιτηθεί	-1
παραιτούμαι	-1
παρακάμπτουμε	-2
παραμέληση	-2
παραμορφωμένος	-2
παραμορφώσεις	-2
παραμόρφωση	-2
παρανοεί	-2
παραπλανά	-3
παραπλανώ	-3
παραπληροφόρησε	-2
παραποιεί	-2
παραποιώντας	-2
παραπονέθηκε	-2
παραπονιέται	-2
παραπονούμαι	-2
παραπτωμάτων	-2
παραπτώματα	-2
παρασυρθεί	-1
παραφορτώνω	-1
παραφροσύνη	-3
παρεκτρέπομαι	-2
παρεμποδίζει	-2
παρεμποδίζεται	-2
παρεμπόδιση	-2
παρενέργεια	-2
παρενέργειες	-2
παρενοχλεί	-3
παρενοχλούνται	-3
παρενοχλώντας	-3
παρενόχληση	-3
παρεξήγηση	-2
παρεξηγημένος	-2
παρεξηγώ	-2
παρερμηνευθεί	-2
παρουσιάζονται διαφορετικά	-2
παρωδία	-2
πείθει	1
πείθω	1
πείνα	-2
πείραγμα	-2
πεζός	-2
πεθαίνουν από την πείνα	-2
πεισματάρης	-2
πελιδνός	-2
πεντακάθαρος	2
πεπεισμένος	1
περίεργος	2
περίλυπος	-2
περίπου	0
περίφημος	2
περιέκοψε	-2
περιβεβλημένος	1
περιεκτικός	2
περικοπές	-1
περιμένει	-1
περιορίζει	-2
περιορίζοντας	-2
περιορίζω	-2
περιορισμένες	-2
περιορισμένος	-2
περιορισμός	-1
περιοριστικός	-1
περιπέτεια	2
περιπέτειες	2
περιπλέκοντας	-2
περισπασμός	-2
περιττός	-2
περιφρονητικά	-2
περιφρονητικός	-2
περιφρονώ	-2
περιφρόνηση	-2
περιχαρής	4
περιωρισμένος	-1
πεσμένα	-2
πεσμένος	-2
πιάσιμο	2
πιέζονται	-2
πιθανότητες	2
πικάρω	-2
πικρά	-2
πικρία	-2
πικραμένος	-2
πικρός	-2
πιο έξυπνο	2
πιο βρώμικα	-2
πιο βρώμικο	-2
πιο ευτυχισμένες	3
πιο τρελά	-2
πιο τρελός	-2
πιστός	3
πλάτες	1
πλαστός	-3
πλεονέκτημα	2
πληγές	-3
πληγή	-1
πληγώνει	-2
πληγώνω	-2
πληθωρικός	4
πληροί	2
πληρούνται	2
πληρωμή	-1
πλουσίως	2
πλουσιότεροι	2
πλούσιος	2
πλούτος	3
πλύση εγκεφάλου	-3
πνίγει	-2
πνίγηκε	-2
πνίγω	-2
πνεύμα	1
πνιγμένος	-2
πνιγμού	-2
ποινές	-2
ποινή	-2
ποιότητα	2
πολυτέλεια	2
πολύ καλό	4
πολύ χαρούμενος	3
πολύπλοκος	2
πονάει	-2
πονηριά	2
πονοκέφαλο	-2
ποταπός	-2
που αποκτήθηκε	2
που αποτελούν αντικείμενο ντάμπινγκ	-2
που επιθυμούν	1
που κόβει την ανάσα	5
πούστης	-3
πούτσος	-5
πράσινο πλύσιμο	-3
πρασινίζουν	-3
πραϋντικός	3
πρησμένος	-1
προάγω	1
προβλήματα	-2
προβληματισμός	-1
προδίδει	-3
προδίδω	-3
προδοσία	-3
προδοτικός	-3
προειδοποίησε	-2
προειδοποίηση	-3
προειδοποιήσεις	-3
προειδοποιεί	-2
προειδοποιώ	-2
προεξοφλημένων	-1
προεξοχή	1
προθυμία	2
προκάλεσε	-1
προκαλεί	-2
προκαλώ	-1
προκαλώντας	-2
προκατάληψη	-1
προκατειλημμένη	-2
προκλητικός	-1
προληπτικά	2
προμηθευτός	2
προνομιούχος	2
προοπτικές	1
προοπτική	1
προπαγάνδα	-2
προσέλκυσε	1
προσέλκυση	2
προσβάλλει	-2
προσβάλλω	-2
προσβεβλημένος	-2
προσβλητικός	-2
προσβολές	-2
προσβολή	-2
προσεκτικά	2
προσεκτικός	2
προσεκτικότητα	2
προσελκύει	1
προσελκύω	1
προσεχτικός	3
προσεύχεται	1
προσεύχομαι	1
προσιτός	1
προσμείξεις	-2
προσποίηση	-1
προσποιείται	-1
προσποιούμαι	-1
προστατεύει	1
προστατεύονται	1
προστατεύω	1
προσφέρω	2
προσφορά	2
προχωρημένος	1
προωθεί	1
προωθείται	1
προϊόντα απομίμησης	-3
προώθηση	1
πρωταθλητές	2
πρωταθλητής	2
πρόβλεψη	1
πρόβλημα	-2
πρόδωσε	-3
πρόθυμος	2
πρόκληση	-1
πρόληψη	-1
πρόοδος	2
πρόσβαλε	-2
πρόστιμα	-2
πρόστιμο	2
πρόσχαρος	2
πρόταση	-2
πρώτη γραμμή	1
πτοεί	-2
πτωχώς	-2
πτώμα	-1
πτώση	-1
πτώχευση	-3
πυρετός	-2
πόλεμος	-2
πόνος	-2
πόρνη	-4
ρατσισμός	-3
ρατσιστές	-3
ρατσιστής	-3
ριψοκίνδυνος	-2
ρουφώ	-3
ρυπαίνει	-2
ρυπαίνοντες	-2
ρυπαίνω	-2
ρυπαίνων	-2
ρωμαντικώς	2
ρύπανση	-2
ρύπων	-2
σάπιος	-3
σέβη	2
σέρνει	-1
σέρνω	-1
σίγηση	-1
σαμποτάζ	-2
σαρκαστικός	-2
σας παρακαλούμε	1
σαφήνεια	2
σαφώς	1
σβήνω	-2
σβηστεί	-2
σε υπερένταση	-2
σεβασμός	2
σεβαστός	2
σεισμικές δονήσεις	-2
σεξιστικές	-2
σημαντικό	2
σημαντικός	2
σημασία	1
σθένος	3
σικ	2
σιχαίνομαι	-3
σιχαμάρα	-3
σκάνδαλα	-3
σκάνδαλο	-3
σκάρτος	-3
σκάτωσε	-3
σκανδαλώδης	-3
σκατά	-3
σκατένιο	-3
σκεπτικισμός	-2
σκεπτικιστές	-2
σκεπτικιστής	-2
σκλάβοι	-3
σκλαβιά	-3
σκληρά	-1
σκληραγωγημένος	2
σκληρός	-3
σκληρότερη	-2
σκληρότερους	-2
σκληρότητα	-3
σκοτάδι	-1
σκοτεινός	-2
σκοτεινότερη	-2
σκοτώνει	-3
σκοτώνω	-3
σκουπίδια	-1
σκουπιδότοπος	-1
σκουριές	-2
σκούξιμο	-2
σκυθρωπός	-2
σκόπιμος	2
σκότωσε	-3
σκύλα	-5
σκύλες	-5
σνόμπαρε	-2
σοβαρά	-2
σοβαρός	2
σοκ	-2
σοκαρισμένος	-2
σοφία	1
σούπερ	3
σπάταλος	-2
σπίθα	1
σπαραξικάρδιος	-3
σπασμένος	-1
σπαταλά	-2
σπαταλώ	-2
σπαταλώνται	-2
σπερμοφόρος	-2
σπουδαιότητα	2
στάθμευση	-1
στάσεις	-1
στάση	-1
στέκι	-1
στέκια	-1
στέρηση	-3
σταθερός	2
σταμάτησε	-1
στασιμότητα	-2
στενάζουν	-2
στεναγμοί	-2
στεναγμός	-2
στενοχωρούνται	-1
στενοχωρώ	-2
στενόχωρος	-2
στερεοποίηση	2
στερεοποιείται	2
στερεοποιημένα	2
στερεοποιώ	2
στερεοτυπία	-2
στερεός	2
στερεότυπος	-2
στερώ	-2
στημένα	-1
στηρίγματα	2
στο νοσοκομείο	-2
στο πλοίο	1
στοιχειωμένος	-2
στολή	-2
στοργή	3
στοργική καλοσύνη	3
στοργικός	3
στοργικότητα	3
στρέψει	-2
στραγγάλισε	-2
στραγγισμένο	-2
στρεβλώνουν	-2
στρες	-1
στρεσογόνος	-2
στρεσογόνους	-2
συγγνώμη	-1
συγκάλυψη	-3
συγκαλύπτουν	-1
συγκατάθεση	2
συγκινητικό	3
συγκινητικός	-2
συγκλονιστικός	-2
συγκρουσιακή	-2
συγκρούεται	-1
συγκρούομαι	-1
συγκρούονται	-1
συγκρούσεις	-2
συγνώμη	2
συγχέω	-2
συγχαιρώ	2
συγχαρητήρια	2
συγχαρητήριο	2
συγχωροχάρτια	2
συγχωρώ	1
συλλήψεις	-2
συλλογισμένος	1
συμβιβάζει	2
συμβιβάσει	2
συμβιβαζόμενος	2
συμπάθεια	2
συμπαθεί	2
συμπαιγνία	-3
συμπεριφέρεται απρεπώς	-2
συμπονετικός	2
συμπόνια	2
συμφέροντα	1
συμφωνία	1
συμφωνεί	1
συμφωνώ	1
συναίσθημα	1
συναγερμός	-1
συναγωνίζεται	-3
συναινέσεις	2
συναρπάζει	3
συναρπαστική	3
συναρπαστικό	3
συναρπαστικός	3
συνδιαλλάττω	2
συνελήφθη	-3
συνεπαρμένος	3
συνεσταλμένος	-2
συνθλίβει	-1
συνθλίβονται	-2
συνιστά	2
συνιστά διάκριση	-2
συνιστάται	2
συνιστώ	2
συνοφρύωμα	-1
συντριβή	-1
συντριπτικός	-1
συνωμοσία	-3
συνωστισμός	-1
συσσωρεύω	-1
σφάλματα	-2
σφαλμένος	-2
σχισμένο	-2
σωστή κατεύθυνση	3
σωστικά καθίσματα	-2
σωτηρία	2
σύγκρουση	-2
σύγχυση	-2
σύλληψη	-2
σύμμαχος	2
σύμφωνος	1
σύνεση	2
τάφος	-2
τέλεια	3
τέλειος	3
τίμησε	2
τίμιος	2
ταλέντο	2
ταλαιπωρία	-2
ταξινομηθεί εσφαλμένα	-2
ταπείνωση	-3
ταπεινωμένος	-3
ταπεινός	1
ταράχτηκε	-2
ταρίφα	-2
ταραγμένη	-2
ταραγμένος	-2
ταραχές	-2
ταραχή	-2
ταχέως	2
ταχύς	2
τεθλιμμένος	-2
τελειοποιεί	2
τελειοποιηθεί	2
τελειότητα	3
τεμπέλης	-1
τεράστιος	1
την ίδια βιομηχανία	-2
τιμή	2
τιμητική	2
τιμωρία	-2
τιμωρεί	-2
τιμωρητικός	-2
τιμωρούνται	-2
τιμωρώ	-2
τιμώρησε	-3
το παιχνίδι που αλλάζει	3
τολμηρά	2
τολμηρός	2
τομή	-1
τοξικός	-3
τοποθετήσει λαθεμένα	-2
τρέμουν	-2
τρέπεται σε φυγή	-1
τραγικός	-2
τραγωδία	-2
τραγωδίες	-2
τραμπούκο	-3
τραστ	1
τραυματίας	-2
τραυματικός	-3
τραυματισμοί	-2
τραύμα	-3
τρελά	-3
τρελούς	-3
τρελός	-2
τρεμουλιαστός	-2
τριαντάφυλλο	1
τρομάζω	-2
τρομάρα	-2
τρομαγμένοι	-2
τρομακτική	-2
τρομακτικός	-2
τρομαχτικός	-3
τρομερά	-3
τρομερός	-2
τρομοκράτες	-2
τρομοκράτης	-2
τρομοκράτησε	-3
τρομοκρατεί	-3
τρομοκρατημένοι	-3
τρομοκρατημένος	-3
τρομοκρατώ	-3
τρυφερός	2
τρυφερότητα	2
τρωτό	-2
τρόμαξε	-2
τρόμος	-2
τσαπατσούλης	-2
τσεκούρι	-1
τσιγκούνης	-2
τυραννικά	-3
τυραννικός	-3
τυφλός	-1
τυχαίος	-2
τυχερός	3
τυχοδιώκτης	-1
τόλμη	2
τόνισε	-2
τόνοση	2
τόνωση	1
τύχη	3
τύψη συνειδήσεως	-2
υβριστικός	-3
υγιής	2
υιοθετεί	1
υπέρβαρος	-1
υπέροχο	4
υπέροχος	5
υπέστη	-2
υπεξαίρεση	-3
υπερήφανος	2
υπεραντίδραση	-2
υπεραπλουστευμένη	-2
υπεραπλουστεύει	-2
υπεραπλουστεύσουμε	-2
υπεραπλούστευση	-2
υπερασπίστηκε	2
υπερασπιστές	2
υπερασπιστής	2
υπερβάλλει	-2
υπερβάλλω	-2
υπερβολή	-2
υπερεκτιμήσεις	-2
υπερεξηντλημένος	-3
υπεροχή	3
υπερπροστατευτικοί	-2
υπεύθυνος	2
υποαποδώσει	-2
υποβαθμίζουν	-2
υποβαθμισμένη	-2
υποβιβάζω	-2
υποδουλώνω	-2
υποκριτικός	-2
υπομόνευση	-2
υπονομεύει	-2
υπονομεύεται	-2
υπονομεύω	-2
υποστήριξη	2
υποστηρίζονται	2
υποστηρίζοντας	-1
υποστηρίζω	-1
υποστηρικτές	1
υποστηρικτής	1
υποστηρικτική	2
υποσχέσεις	1
υποσχόμενος	1
υποτιμάται	-1
υποτιμήσεις	-1
υποτιμούν	-2
υποτιμώ	-1
υποτιμώντας	-1
υποφέρει	-2
υποφέρω	-2
υποφέρων	-2
υποχρεωμένοι	1
υποχώρηση	-1
υποψιάζεται	-1
υπόδουλος	-2
υπόληψη	2
υπόνοια	-1
υπόπτων	-1
υπόσχεση	1
υστερήσεων	-2
υστερία	-3
υστερεί	-2
υστερικός	-3
υστερισμός	-3
υψώνεται	1
φάντασμα	-1
φάρσα	-1
φήμη	1
φήμη και πελατεία	3
φίλος	1
φίμωτρο	-2
φίνος	2
φαιδρός	2
φαντασιοπληξία	-2
φαντασιόπληκτος	1
φανταστικός	4
φασίστας	-2
φασίστες	-2
φαφούτης	-2
φαύλος	-2
φειδωλός	-2
φθάνοντας	1
φθάσει	1
φθείρων	-2
φθειρίων	-2
φιάσκο	-3
φιλάνθρωπος	2
φιλί	2
φιλία	2
φιλανθρωπία	2
φιλικό προς το περιβάλλον	2
φιλικός	2
φιλικότητα	2
φιλοφρονήσεις	2
φιλοφρόνηση	2
φιλόδικος	-2
φιλόδοξος	2
φιλόνικος	-2
φιλύποπτος	-3
φιμώνεται	-2
φλεγμονή	-2
φοβάστε	-2
φοβερά	4
φοβερός	4
φοβισμένος	-2
φοβούμενος	-2
φονικό	-3
φορεμένος	-1
φορτισμένα	-3
φρέσκο	1
φρίκη	-2
φραγμός	-1
φρενίτιδα	-3
φρικαλέος	-3
φρικιαστικός	-3
φρικιό	-2
φρικτός	-2
φροντίδα	2
φτάνει	1
φτάρνισμα	-2
φτέρνισμα	-2
φτερνίστηκε	-2
φτωχός	-2
φτωχότερες	-2
φτώχεια	-1
φυλάκιση	-2
φυλακή	-2
φυλακίστηκε	-2
φυλακισμένος	-2
φυσικός	1
φωτίζει	2
φωτεινότερα	2
φωτιά	-2
φωτισμένη	2
φόβος	-2
φόνος	-3
φόντα	2
φόρος	2
φώναξε	-2
χάλια	-3
χάνει	-3
χάνουν	-3
χάνω	-3
χάος	-2
χάρη	2
χάρηκε	4
χάρισμα	2
χήρος	-1
χαίρεται	4
χαίρομαι	4
χαζός	-3
χαιρέτησε	2
χαιρετίστηκε	2
χαιρετισμούς	2
χαιρετισμός	2
χαιρετούσαν	2
χαιρετώ	1
χαλάζι	2
χαλαρή	2
χαμένος	-3
χαμίνι	-2
χαμηλές επιδόσεις	-2
χαμηλωμένα	-2
χαμηλότερες επιδόσεις	-2
χαμηλότερο	-1
χαμογέλασε	2
χαμογελαστά	2
χαμόγελα	2
χαμόγελο	2
χαρά	4
χαρακτήρισε εσφαλμένα	-2
χαριτωμένος	2
χαροπός	3
χαρούμενος	3
χαρωπά	3
χαρωπός	3
χαχα	3
χαχαχα	3
χαώδης	-2
χειραγωγείται	-1
χειραφέτηση	2
χειρισμό	-1
χειρισμός	-1
χειριστός	-3
χειροκροτήματα	2
χειροκροτεί	2
χειροκροτώ	2
χειροκρότημα	2
χειροκρότησαν	2
χειροτερεύει	-3
χειροτερεύω	-2
χειροτονία ιππότου	2
χειρότερος	-3
χιουμοριστικό	2
χιούμορ	2
χλευάζει	-2
χλευάστηκε	-2
χλευασμός	-2
χλεύασαν	-2
χορήγηση	1
χορηγηθεί	1
χουλιγκανισμός	-2
χούλιγκαν	-2
χρέος	-2
χρήσιμος	2
χρεωκοπημένος	-3
χρησιμότητα	2
χρυσός	2
χρωματική αντιπαράθεση	-2
χτυπημένος	-2
χτύπημα	-1
χτύπησε	-1
χυμώδης	-1
χωρίς κίνητρα	-2
χωρίς νόημα	-2
χωρίς χάρη	-3
ψέματα	-2
ψήσιμο	-2
ψευδές	-2
ψευδής	-1
ψευδείς δηλώσεις	-2
ψευδοεπιστήμη	-3
ψευδορκία	-3
ψευδώς	-2
ψεύτες	-3
ψεύτης	-3
ψυχοπαθής	-2
ψυχορραγεί	-3
ψωλή	-4
ψύξη	-1
ωθεί το	-2
ωραίος	3
ωργισμένος	-3
όγκος	-2
όμορφα	3
όμορφη	3
όμορφος	3
όνειρα	1
όνειρο	1
όπλο	-1
όραμα	1
όρια	-1
όφελος	2
όχι	-1
όχι αυθεντικός	-2
ύλη	1
ύποπτος	-1
ύπουλος	-1
ύφεση	-2
ώθηση	1
ώριμος	2
